[
    {
        "client_msg_id": "807e26b1-818a-4fb8-bb61-a051b616082e",
        "type": "message",
        "text": "Dear class -- while Adnan is uploading the assignment-1 scores, you can find the solutions here: <https:\/\/shastri.info\/teaching\/cs3640\/announcements.htm>",
        "user": "U01JY0C0BQE",
        "ts": "1614431420.004500",
        "team": "T01KAU17684",
        "user_team": "T01KAU17684",
        "source_team": "T01KAU17684",
        "user_profile": {
            "avatar_hash": "7f8fd75b6a60",
            "image_72": "https:\/\/avatars.slack-edge.com\/2021-01-19\/1674790159632_7f8fd75b6a60270f0c59_72.jpg",
            "first_name": "Supreeth",
            "real_name": "Supreeth Shastri",
            "display_name": "Shastri",
            "team": "T01KAU17684",
            "name": "supreeth-shastri",
            "is_restricted": false,
            "is_ultra_restricted": false
        },
        "blocks": [
            {
                "type": "rich_text",
                "block_id": "Qehl",
                "elements": [
                    {
                        "type": "rich_text_section",
                        "elements": [
                            {
                                "type": "text",
                                "text": "Dear class -- while Adnan is uploading the assignment-1 scores, you can find the solutions here: "
                            },
                            {
                                "type": "link",
                                "url": "https:\/\/shastri.info\/teaching\/cs3640\/announcements.htm"
                            }
                        ]
                    }
                ]
            }
        ]
    }
]