[
    {
        "type": "message",
        "subtype": "channel_join",
        "ts": "1611458804.000200",
        "user": "U01KG64R9BQ",
        "text": "<@U01KG64R9BQ> has joined the channel"
    },
    {
        "type": "message",
        "subtype": "channel_join",
        "ts": "1611460363.000400",
        "user": "U01KNVDC9A6",
        "text": "<@U01KNVDC9A6> has joined the channel"
    },
    {
        "type": "message",
        "subtype": "channel_join",
        "ts": "1611461831.000600",
        "user": "U01KG6YG79C",
        "text": "<@U01KG6YG79C> has joined the channel"
    },
    {
        "type": "message",
        "subtype": "channel_join",
        "ts": "1611467211.000800",
        "user": "U01KV6MS6N8",
        "text": "<@U01KV6MS6N8> has joined the channel"
    },
    {
        "type": "message",
        "subtype": "channel_join",
        "ts": "1611471420.001000",
        "user": "U01KP2VP874",
        "text": "<@U01KP2VP874> has joined the channel"
    }
]