[
    {
        "client_msg_id": "8ad9373f-e6f2-4e9d-b8a3-be30dc1343e4",
        "type": "message",
        "text": "Hello Mitch -- yes, for DV algorithm to make progress, router z needs to hear updated DV's from its neighbors, v and x. In this example, it suffices to compute DVs for v and x, but in general, to be prudent, we ought to compute DVs for all the routers.",
        "user": "U01JY0C0BQE",
        "ts": "1618756603.049400",
        "team": "T01KAU17684",
        "user_team": "T01KAU17684",
        "source_team": "T01KAU17684",
        "user_profile": {
            "avatar_hash": "7f8fd75b6a60",
            "image_72": "https:\/\/avatars.slack-edge.com\/2021-01-19\/1674790159632_7f8fd75b6a60270f0c59_72.jpg",
            "first_name": "Supreeth",
            "real_name": "Supreeth Shastri",
            "display_name": "Shastri",
            "team": "T01KAU17684",
            "name": "supreeth-shastri",
            "is_restricted": false,
            "is_ultra_restricted": false
        },
        "blocks": [
            {
                "type": "rich_text",
                "block_id": "tqS4O",
                "elements": [
                    {
                        "type": "rich_text_section",
                        "elements": [
                            {
                                "type": "text",
                                "text": "Hello Mitch -- yes, for DV algorithm to make progress, router z needs to hear updated DV's from its neighbors, v and x. In this example, it suffices to compute DVs for v and x, but in general, to be prudent, we ought to compute DVs for all the routers."
                            }
                        ]
                    }
                ]
            }
        ],
        "thread_ts": "1618712870.049300",
        "parent_user_id": "U01KM5NRGJ2"
    },
    {
        "client_msg_id": "92c7890c-873f-4d45-824a-e70b3f02c50e",
        "type": "message",
        "text": "Forgot to mention: this is only required since the network is bootstrapping now. Once all routers reach a steady state, all that z needs would be a single update from v and x.",
        "user": "U01JY0C0BQE",
        "ts": "1618756761.049600",
        "team": "T01KAU17684",
        "user_team": "T01KAU17684",
        "source_team": "T01KAU17684",
        "user_profile": {
            "avatar_hash": "7f8fd75b6a60",
            "image_72": "https:\/\/avatars.slack-edge.com\/2021-01-19\/1674790159632_7f8fd75b6a60270f0c59_72.jpg",
            "first_name": "Supreeth",
            "real_name": "Supreeth Shastri",
            "display_name": "Shastri",
            "team": "T01KAU17684",
            "name": "supreeth-shastri",
            "is_restricted": false,
            "is_ultra_restricted": false
        },
        "blocks": [
            {
                "type": "rich_text",
                "block_id": "y34e",
                "elements": [
                    {
                        "type": "rich_text_section",
                        "elements": [
                            {
                                "type": "text",
                                "text": "Forgot to mention: this is only required since the network is bootstrapping now. Once all routers reach a steady state, all that z needs would be a single update from v and x."
                            }
                        ]
                    }
                ]
            }
        ],
        "thread_ts": "1618712870.049300",
        "parent_user_id": "U01KM5NRGJ2"
    }
]