[
    {
        "client_msg_id": "75f81242-a36f-4923-8561-e587ea63e5a8",
        "type": "message",
        "text": "```Dear class -- I just sent in the recommendations for the final grades and I wanted to give you a heads up on that. Here are the key details:\n\n1. Grades are based on the norm-referenced curve (at the advanced course level)\n2. Cutoff for A came to be 90%, B to be 81%, C to be 60% and D for the rest\n3. Further, I've assigned + or - grades based on where one is placed within the letter grade group\n4. I have not awarded A+ or F to anyone (I reserve these two for exceptional circumstances)\n\nLet me end by saying this: I thoroughly enjoyed the privilege of teaching networking to you. I wish you the best and look forward to hearing from you as you embark on your next chapters (whether it is your first job, grad school, or  senior year). Take care everybody!```\n",
        "user": "U01JY0C0BQE",
        "ts": "1621184745.136700",
        "team": "T01KAU17684",
        "user_team": "T01KAU17684",
        "source_team": "T01KAU17684",
        "user_profile": {
            "avatar_hash": "7f8fd75b6a60",
            "image_72": "https:\/\/avatars.slack-edge.com\/2021-01-19\/1674790159632_7f8fd75b6a60270f0c59_72.jpg",
            "first_name": "Supreeth",
            "real_name": "Supreeth Shastri",
            "display_name": "Shastri",
            "team": "T01KAU17684",
            "name": "supreeth-shastri",
            "is_restricted": false,
            "is_ultra_restricted": false
        },
        "blocks": [
            {
                "type": "rich_text",
                "block_id": "neZ7",
                "elements": [
                    {
                        "type": "rich_text_preformatted",
                        "elements": [
                            {
                                "type": "text",
                                "text": "Dear class -- I just sent in the recommendations for the final grades and I wanted to give you a heads up on that. Here are the key details:\n\n1. Grades are based on the norm-referenced curve (at the advanced course level)\n2. Cutoff for A came to be 90%, B to be 81%, C to be 60% and D for the rest\n3. Further, I've assigned + or - grades based on where one is placed within the letter grade group\n4. I have not awarded A+ or F to anyone (I reserve these two for exceptional circumstances)\n\nLet me end by saying this: I thoroughly enjoyed the privilege of teaching networking to you. I wish you the best and look forward to hearing from you as you embark on your next chapters (whether it is your first job, grad school, or  senior year). Take care everybody!"
                            }
                        ]
                    },
                    {
                        "type": "rich_text_section",
                        "elements": []
                    }
                ]
            }
        ]
    }
]