[
    {
        "client_msg_id": "634e24a6-ab17-4067-b215-a4ccbfed6141",
        "type": "message",
        "text": "<https:\/\/uiowa.zoom.us\/j\/92637676786?pwd=MjJ6bFFFeFBRVkVJUHVOS2xBenV2Zz09>\nHi guys, I am holding office hours at this link. Also, I am in the process of uploading your grades for the written assignment 1. Afterwards, if anyone wants to contest their grades or have any queries, please feel free to reach out via email or Slack and I will be happy to help.",
        "user": "U01LC2YQ2V6",
        "ts": "1614373381.003200",
        "team": "T01KAU17684",
        "user_team": "T01KAU17684",
        "source_team": "T01KAU17684",
        "user_profile": {
            "avatar_hash": "g5aefd6bd660",
            "image_72": "https:\/\/secure.gravatar.com\/avatar\/5aefd6bd660d1ac185f11f45f20a389a.jpg?s=72&d=https%3A%2F%2Fa.slack-edge.com%2Fdf10d%2Fimg%2Favatars%2Fava_0001-72.png",
            "first_name": "",
            "real_name": "Adnan Ahmed",
            "display_name": "Adnan Ahmed",
            "team": "T01KAU17684",
            "name": "adnan-ahmed",
            "is_restricted": false,
            "is_ultra_restricted": false
        },
        "blocks": [
            {
                "type": "rich_text",
                "block_id": "PPzrG",
                "elements": [
                    {
                        "type": "rich_text_section",
                        "elements": [
                            {
                                "type": "link",
                                "url": "https:\/\/uiowa.zoom.us\/j\/92637676786?pwd=MjJ6bFFFeFBRVkVJUHVOS2xBenV2Zz09"
                            },
                            {
                                "type": "text",
                                "text": "\nHi guys, I am holding office hours at this link. Also, I am in the process of uploading your grades for the written assignment 1. Afterwards, if anyone wants to contest their grades or have any queries, please feel free to reach out via email or Slack and I will be happy to help."
                            }
                        ]
                    }
                ]
            }
        ],
        "reactions": [
            {
                "name": "+1",
                "users": [
                    "U01JY0C0BQE"
                ],
                "count": 1
            }
        ]
    }
]