[
    {
        "client_msg_id": "9da71bee-fd8c-497f-9d24-3810431fce49",
        "type": "message",
        "text": "Did you happen to find the issue with the program working with localhost but not external IPs? I am having the same exact issue with the code sticking on that select.select whatReady line.",
        "user": "U01KLJYLY8M",
        "ts": "1619375443.083100",
        "team": "T01KAU17684",
        "user_team": "T01KAU17684",
        "source_team": "T01KAU17684",
        "user_profile": {
            "avatar_hash": "geadc00db9e1",
            "image_72": "https:\/\/secure.gravatar.com\/avatar\/eadc00db9e1563eb02f4e91b1d9e5277.jpg?s=72&d=https%3A%2F%2Fa.slack-edge.com%2Fdf10d%2Fimg%2Favatars%2Fava_0006-72.png",
            "first_name": "",
            "real_name": "Geoff Collins",
            "display_name": "Geoff Collins",
            "team": "T01KAU17684",
            "name": "geoff-collins",
            "is_restricted": false,
            "is_ultra_restricted": false
        },
        "blocks": [
            {
                "type": "rich_text",
                "block_id": "qMW",
                "elements": [
                    {
                        "type": "rich_text_section",
                        "elements": [
                            {
                                "type": "text",
                                "text": "Did you happen to find the issue with the program working with localhost but not external IPs? I am having the same exact issue with the code sticking on that select.select whatReady line."
                            }
                        ]
                    }
                ]
            }
        ],
        "thread_ts": "1619044000.066000",
        "parent_user_id": "U01LC2YQ2V6"
    },
    {
        "client_msg_id": "9D41BCBC-6EB3-4F2B-B622-C9D70381FCC9",
        "type": "message",
        "text": "Yes, I was using python 3.8 instead of 2.7",
        "user": "U01KGHG0WFQ",
        "ts": "1619375490.083900",
        "team": "T01KAU17684",
        "user_team": "T01KAU17684",
        "source_team": "T01KAU17684",
        "user_profile": {
            "avatar_hash": "g4659cfcbbbf",
            "image_72": "https:\/\/secure.gravatar.com\/avatar\/4659cfcbbbff767c99b672aca9818727.jpg?s=72&d=https%3A%2F%2Fa.slack-edge.com%2Fdf10d%2Fimg%2Favatars%2Fava_0024-72.png",
            "first_name": "",
            "real_name": "Blake Espeland",
            "display_name": "Blake Espeland",
            "team": "T01KAU17684",
            "name": "blake-espeland",
            "is_restricted": false,
            "is_ultra_restricted": false
        },
        "blocks": [
            {
                "type": "rich_text",
                "block_id": "kziS",
                "elements": [
                    {
                        "type": "rich_text_section",
                        "elements": [
                            {
                                "type": "text",
                                "text": "Yes, I was using python 3.8 instead of 2.7"
                            }
                        ]
                    }
                ]
            }
        ],
        "thread_ts": "1619044000.066000",
        "parent_user_id": "U01LC2YQ2V6"
    },
    {
        "client_msg_id": "496EE13E-6779-44FE-BA75-B66FCDE9EE59",
        "type": "message",
        "text": "Check my post in the main chat",
        "user": "U01KGHG0WFQ",
        "ts": "1619375514.084400",
        "team": "T01KAU17684",
        "user_team": "T01KAU17684",
        "source_team": "T01KAU17684",
        "user_profile": {
            "avatar_hash": "g4659cfcbbbf",
            "image_72": "https:\/\/secure.gravatar.com\/avatar\/4659cfcbbbff767c99b672aca9818727.jpg?s=72&d=https%3A%2F%2Fa.slack-edge.com%2Fdf10d%2Fimg%2Favatars%2Fava_0024-72.png",
            "first_name": "",
            "real_name": "Blake Espeland",
            "display_name": "Blake Espeland",
            "team": "T01KAU17684",
            "name": "blake-espeland",
            "is_restricted": false,
            "is_ultra_restricted": false
        },
        "blocks": [
            {
                "type": "rich_text",
                "block_id": "mQdQ+",
                "elements": [
                    {
                        "type": "rich_text_section",
                        "elements": [
                            {
                                "type": "text",
                                "text": "Check my post in the main chat"
                            }
                        ]
                    }
                ]
            }
        ],
        "thread_ts": "1619044000.066000",
        "parent_user_id": "U01LC2YQ2V6"
    },
    {
        "client_msg_id": "337150bf-a38d-472d-9282-c67ebec9f312",
        "type": "message",
        "text": "Fantastic. Thank you very much!",
        "user": "U01KLJYLY8M",
        "ts": "1619376367.084600",
        "team": "T01KAU17684",
        "user_team": "T01KAU17684",
        "source_team": "T01KAU17684",
        "user_profile": {
            "avatar_hash": "geadc00db9e1",
            "image_72": "https:\/\/secure.gravatar.com\/avatar\/eadc00db9e1563eb02f4e91b1d9e5277.jpg?s=72&d=https%3A%2F%2Fa.slack-edge.com%2Fdf10d%2Fimg%2Favatars%2Fava_0006-72.png",
            "first_name": "",
            "real_name": "Geoff Collins",
            "display_name": "Geoff Collins",
            "team": "T01KAU17684",
            "name": "geoff-collins",
            "is_restricted": false,
            "is_ultra_restricted": false
        },
        "blocks": [
            {
                "type": "rich_text",
                "block_id": "ZR1\/",
                "elements": [
                    {
                        "type": "rich_text_section",
                        "elements": [
                            {
                                "type": "text",
                                "text": "Fantastic. Thank you very much!"
                            }
                        ]
                    }
                ]
            }
        ],
        "thread_ts": "1619044000.066000",
        "parent_user_id": "U01LC2YQ2V6"
    },
    {
        "client_msg_id": "7edafa0d-66bb-462e-9cbc-bf4f64418f28",
        "type": "message",
        "text": "I have gotten my ping code to work, but it is very spotty. Often, it repeats the \"request timed out\" many times before a pong is received. Is this acceptable or should it work every time?",
        "user": "U01KU06R1AT",
        "ts": "1619387140.086800",
        "team": "T01KAU17684",
        "user_team": "T01KAU17684",
        "source_team": "T01KAU17684",
        "user_profile": {
            "avatar_hash": "g67fd311ca40",
            "image_72": "https:\/\/secure.gravatar.com\/avatar\/67fd311ca401c4872d31f1fed96d6c2b.jpg?s=72&d=https%3A%2F%2Fa.slack-edge.com%2Fdf10d%2Fimg%2Favatars%2Fava_0003-72.png",
            "first_name": "",
            "real_name": "Jacob Gates",
            "display_name": "Jacob Gates",
            "team": "T01KAU17684",
            "name": "jacob-gates",
            "is_restricted": false,
            "is_ultra_restricted": false
        },
        "blocks": [
            {
                "type": "rich_text",
                "block_id": "IftVI",
                "elements": [
                    {
                        "type": "rich_text_section",
                        "elements": [
                            {
                                "type": "text",
                                "text": "I have gotten my ping code to work, but it is very spotty. Often, it repeats the \"request timed out\" many times before a pong is received. Is this acceptable or should it work every time?"
                            }
                        ]
                    }
                ]
            }
        ]
    },
    {
        "client_msg_id": "37ca893f-a447-42fc-a057-efc1a0f605e3",
        "type": "message",
        "text": "I would recommend running the native ping command to make sure the website is allowing pings. A couple of them would time out for that too, I think if traffic was heavy it would discard my ping packets",
        "user": "U01K8MDR4R5",
        "ts": "1619390376.087500",
        "team": "T01KAU17684",
        "user_team": "T01KAU17684",
        "source_team": "T01KAU17684",
        "user_profile": {
            "avatar_hash": "c2a110fc1445",
            "image_72": "https:\/\/avatars.slack-edge.com\/2021-01-24\/1669711476611_c2a110fc1445e7bd3765_72.jpg",
            "first_name": "",
            "real_name": "Ben Stone",
            "display_name": "Ben Stone",
            "team": "T01KAU17684",
            "name": "benstone",
            "is_restricted": false,
            "is_ultra_restricted": false
        },
        "blocks": [
            {
                "type": "rich_text",
                "block_id": "S\/I",
                "elements": [
                    {
                        "type": "rich_text_section",
                        "elements": [
                            {
                                "type": "text",
                                "text": "I would recommend running the native ping command to make sure the website is allowing pings. A couple of them would time out for that too, I think if traffic was heavy it would discard my ping packets"
                            }
                        ]
                    }
                ]
            }
        ]
    }
]