[
    {
        "client_msg_id": "5ee9cd4f-3f56-42ee-a0dc-37324999da81",
        "type": "message",
        "text": "Morning, everyone. Since today is an instruction break day, I'm disallowed from releasing any assignments.\nSo, I will post project-2 on Thursday and add an extra day to its deadline. Sorry for the inconvenience.\nEnjoy your break, folks!",
        "user": "U01JY0C0BQE",
        "ts": "1618412753.042000",
        "team": "T01KAU17684",
        "user_team": "T01KAU17684",
        "source_team": "T01KAU17684",
        "user_profile": {
            "avatar_hash": "7f8fd75b6a60",
            "image_72": "https:\/\/avatars.slack-edge.com\/2021-01-19\/1674790159632_7f8fd75b6a60270f0c59_72.jpg",
            "first_name": "Supreeth",
            "real_name": "Supreeth Shastri",
            "display_name": "Shastri",
            "team": "T01KAU17684",
            "name": "supreeth-shastri",
            "is_restricted": false,
            "is_ultra_restricted": false
        },
        "blocks": [
            {
                "type": "rich_text",
                "block_id": "7BGa",
                "elements": [
                    {
                        "type": "rich_text_section",
                        "elements": [
                            {
                                "type": "text",
                                "text": "Morning, everyone. Since today is an instruction break day, I'm disallowed from releasing any assignments.\nSo, I will post project-2 on Thursday and add an extra day to its deadline. Sorry for the inconvenience.\nEnjoy your break, folks!"
                            }
                        ]
                    }
                ]
            }
        ]
    }
]