[
    {
        "type": "message",
        "subtype": "channel_join",
        "ts": "1611861358.119600",
        "user": "U01L840RW0J",
        "text": "<@U01L840RW0J> has joined the channel"
    },
    {
        "type": "message",
        "subtype": "channel_join",
        "ts": "1611866714.119800",
        "user": "U01L8GDPVRQ",
        "text": "<@U01L8GDPVRQ> has joined the channel"
    },
    {
        "type": "message",
        "subtype": "channel_join",
        "ts": "1611869536.120000",
        "user": "U01LETJ76SY",
        "text": "<@U01LETJ76SY> has joined the channel"
    },
    {
        "type": "message",
        "subtype": "channel_join",
        "ts": "1611869558.120200",
        "user": "U01L1VA9MP0",
        "text": "<@U01L1VA9MP0> has joined the channel"
    },
    {
        "type": "message",
        "subtype": "channel_join",
        "ts": "1611869602.120400",
        "user": "U01L5L9F09K",
        "text": "<@U01L5L9F09K> has joined the channel"
    },
    {
        "type": "message",
        "subtype": "channel_join",
        "ts": "1611869660.120600",
        "user": "U01KU06R1AT",
        "text": "<@U01KU06R1AT> has joined the channel"
    },
    {
        "client_msg_id": "5D44D359-2ECC-4EA2-84A0-BCB0C0AF91F9",
        "type": "message",
        "text": "Hello everyone! My name is Jack Lindsay, I am a senior at UIowa in my last semester of my major for Comp Sci and a minor in Linguistics. Preferably I would love to go into a computer career involving networking, such as network technician or network programmer, so I am excited to learn more from this class!",
        "user": "U01L5L9F09K",
        "ts": "1611869916.122800",
        "team": "T01KAU17684",
        "user_team": "T01KAU17684",
        "source_team": "T01KAU17684",
        "user_profile": {
            "avatar_hash": "gfa7c7d2056c",
            "image_72": "https:\/\/secure.gravatar.com\/avatar\/fa7c7d2056c8946df70e6218ed655b51.jpg?s=72&d=https%3A%2F%2Fa.slack-edge.com%2Fdf10d%2Fimg%2Favatars%2Fava_0025-72.png",
            "first_name": "",
            "real_name": "Jack Lindsay",
            "display_name": "Jack Lindsay",
            "team": "T01KAU17684",
            "name": "jlndsy",
            "is_restricted": false,
            "is_ultra_restricted": false
        },
        "blocks": [
            {
                "type": "rich_text",
                "block_id": "lb+i",
                "elements": [
                    {
                        "type": "rich_text_section",
                        "elements": [
                            {
                                "type": "text",
                                "text": "Hello everyone! My name is Jack Lindsay, I am a senior at UIowa in my last semester of my major for Comp Sci and a minor in Linguistics. Preferably I would love to go into a computer career involving networking, such as network technician or network programmer, so I am excited to learn more from this class!"
                            }
                        ]
                    }
                ]
            }
        ],
        "reactions": [
            {
                "name": "star-struck",
                "users": [
                    "U01JY0C0BQE"
                ],
                "count": 1
            }
        ]
    },
    {
        "type": "message",
        "subtype": "channel_join",
        "ts": "1611870021.123000",
        "user": "U01LYK2GV32",
        "text": "<@U01LYK2GV32> has joined the channel"
    },
    {
        "client_msg_id": "6a12cee5-3df2-44f5-b34d-4ac9d289d363",
        "type": "message",
        "text": "Does someone manually look over the quiz results for grading? If the quizzes are graded by ICON, I would ask not to make questions that require typed answers because exact matches are difficult to make. For example, on question 4 of the current quiz, I answered correctly but wrote answers in the wrong order.",
        "user": "U01KU06R1AT",
        "ts": "1611874101.125700",
        "team": "T01KAU17684",
        "user_team": "T01KAU17684",
        "source_team": "T01KAU17684",
        "user_profile": {
            "avatar_hash": "g67fd311ca40",
            "image_72": "https:\/\/secure.gravatar.com\/avatar\/67fd311ca401c4872d31f1fed96d6c2b.jpg?s=72&d=https%3A%2F%2Fa.slack-edge.com%2Fdf10d%2Fimg%2Favatars%2Fava_0003-72.png",
            "first_name": "",
            "real_name": "Jacob Gates",
            "display_name": "Jacob Gates",
            "team": "T01KAU17684",
            "name": "jacob-gates",
            "is_restricted": false,
            "is_ultra_restricted": false
        },
        "blocks": [
            {
                "type": "rich_text",
                "block_id": "Ebp",
                "elements": [
                    {
                        "type": "rich_text_section",
                        "elements": [
                            {
                                "type": "text",
                                "text": "Does someone manually look over the quiz results for grading? If the quizzes are graded by ICON, I would ask not to make questions that require typed answers because exact matches are difficult to make. For example, on question 4 of the current quiz, I answered correctly but wrote answers in the wrong order."
                            }
                        ]
                    }
                ]
            }
        ],
        "reactions": [
            {
                "name": "+1",
                "users": [
                    "U01JY0C0BQE"
                ],
                "count": 1
            }
        ]
    },
    {
        "client_msg_id": "95e31bcf-7f0f-4d6c-af19-7230c731c800",
        "type": "message",
        "text": "Dear class -- looks like I setup question-4 in a short sighted way. I will manually grade it. As long as you've answered the question correctly, you should be good.",
        "user": "U01JY0C0BQE",
        "ts": "1611874180.126800",
        "team": "T01KAU17684",
        "user_team": "T01KAU17684",
        "source_team": "T01KAU17684",
        "user_profile": {
            "avatar_hash": "7f8fd75b6a60",
            "image_72": "https:\/\/avatars.slack-edge.com\/2021-01-19\/1674790159632_7f8fd75b6a60270f0c59_72.jpg",
            "first_name": "Supreeth",
            "real_name": "Supreeth Shastri",
            "display_name": "Shastri",
            "team": "T01KAU17684",
            "name": "supreeth-shastri",
            "is_restricted": false,
            "is_ultra_restricted": false
        },
        "blocks": [
            {
                "type": "rich_text",
                "block_id": "Ovjyh",
                "elements": [
                    {
                        "type": "rich_text_section",
                        "elements": [
                            {
                                "type": "text",
                                "text": "Dear class -- looks like I setup question-4 in a short sighted way. I will manually grade it. As long as you've answered the question correctly, you should be good."
                            }
                        ]
                    }
                ]
            }
        ],
        "reactions": [
            {
                "name": "+1",
                "users": [
                    "U01KU06R1AT",
                    "U01LB5VPDQ9",
                    "U01KNVDC9A6"
                ],
                "count": 3
            }
        ]
    },
    {
        "client_msg_id": "9940f72e-12a4-42aa-93b9-1b4915f63911",
        "type": "message",
        "text": "Hello everyone! I am Jacob Gates. I am a senior and have no experience with networking. I look forward to learning this semester!",
        "user": "U01KU06R1AT",
        "ts": "1611874308.127900",
        "team": "T01KAU17684",
        "user_team": "T01KAU17684",
        "source_team": "T01KAU17684",
        "user_profile": {
            "avatar_hash": "g67fd311ca40",
            "image_72": "https:\/\/secure.gravatar.com\/avatar\/67fd311ca401c4872d31f1fed96d6c2b.jpg?s=72&d=https%3A%2F%2Fa.slack-edge.com%2Fdf10d%2Fimg%2Favatars%2Fava_0003-72.png",
            "first_name": "",
            "real_name": "Jacob Gates",
            "display_name": "Jacob Gates",
            "team": "T01KAU17684",
            "name": "jacob-gates",
            "is_restricted": false,
            "is_ultra_restricted": false
        },
        "blocks": [
            {
                "type": "rich_text",
                "block_id": "pdiFt",
                "elements": [
                    {
                        "type": "rich_text_section",
                        "elements": [
                            {
                                "type": "text",
                                "text": "Hello everyone! I am Jacob Gates. I am a senior and have no experience with networking. I look forward to learning this semester!"
                            }
                        ]
                    }
                ]
            }
        ],
        "reactions": [
            {
                "name": "wave",
                "users": [
                    "U01JY0C0BQE"
                ],
                "count": 1
            }
        ]
    },
    {
        "client_msg_id": "1a605542-a564-46ff-b266-fe2ffdad4d96",
        "type": "message",
        "text": "Hello everyone, I am Krishna Pratti, i go by Krish. I am a junior majoring in Computer Science. I hail from the Middle East",
        "user": "U01L1VA9MP0",
        "ts": "1611874654.129200",
        "team": "T01KAU17684",
        "user_team": "T01KAU17684",
        "source_team": "T01KAU17684",
        "user_profile": {
            "avatar_hash": "gc723735a037",
            "image_72": "https:\/\/secure.gravatar.com\/avatar\/c723735a037f8e47f6581b8383be908d.jpg?s=72&d=https%3A%2F%2Fa.slack-edge.com%2Fdf10d%2Fimg%2Favatars%2Fava_0002-72.png",
            "first_name": "",
            "real_name": "Krishna vamsi pratti",
            "display_name": "Krishna vamsi pratti",
            "team": "T01KAU17684",
            "name": "krishnavamsi-pratti",
            "is_restricted": false,
            "is_ultra_restricted": false
        },
        "blocks": [
            {
                "type": "rich_text",
                "block_id": "KVy",
                "elements": [
                    {
                        "type": "rich_text_section",
                        "elements": [
                            {
                                "type": "text",
                                "text": "Hello everyone, I am Krishna Pratti, i go by Krish. I am a junior majoring in Computer Science. I hail from the Middle East"
                            }
                        ]
                    }
                ]
            }
        ],
        "reactions": [
            {
                "name": "raised_hands",
                "users": [
                    "U01KNVDC9A6"
                ],
                "count": 1
            },
            {
                "name": "wave",
                "users": [
                    "U01JY0C0BQE"
                ],
                "count": 1
            }
        ]
    },
    {
        "client_msg_id": "7f3bafbf-821c-48ed-ac2c-13b71a387199",
        "type": "message",
        "text": "one of the answer for question 4 is \"peer\" or \"peering\", but i wrote \"peer link\". Will i lose point?",
        "user": "U01KYK068US",
        "ts": "1611875276.131000",
        "team": "T01KAU17684",
        "user_team": "T01KAU17684",
        "source_team": "T01KAU17684",
        "user_profile": {
            "avatar_hash": "gd2621f50618",
            "image_72": "https:\/\/secure.gravatar.com\/avatar\/d2621f50618ce3944341be678a751a30.jpg?s=72&d=https%3A%2F%2Fa.slack-edge.com%2Fdf10d%2Fimg%2Favatars%2Fava_0002-72.png",
            "first_name": "",
            "real_name": "Chengxin Wu",
            "display_name": "Chengxin Wu",
            "team": "T01KAU17684",
            "name": "chengxin-wu",
            "is_restricted": false,
            "is_ultra_restricted": false
        },
        "blocks": [
            {
                "type": "rich_text",
                "block_id": "s5SIX",
                "elements": [
                    {
                        "type": "rich_text_section",
                        "elements": [
                            {
                                "type": "text",
                                "text": "one of the answer for question 4 is \"peer\" or \"peering\", but i wrote \"peer link\". Will i lose point?"
                            }
                        ]
                    }
                ]
            }
        ],
        "thread_ts": "1611875276.131000",
        "reply_count": 1,
        "reply_users_count": 1,
        "latest_reply": "1611892023.136500",
        "reply_users": [
            "U01KNVDC9A6"
        ],
        "replies": [
            {
                "user": "U01KNVDC9A6",
                "ts": "1611892023.136500"
            }
        ],
        "is_locked": false,
        "subscribed": false
    },
    {
        "client_msg_id": "46a570c5-7843-46e8-aec4-379d569782bd",
        "type": "message",
        "text": "Hello! My name is Blake Preston. I am a senior studying Computer Science. I have no experience with networks but I'm looking forward to learning!",
        "user": "U01LETJ76SY",
        "ts": "1611875489.132900",
        "team": "T01KAU17684",
        "user_team": "T01KAU17684",
        "source_team": "T01KAU17684",
        "user_profile": {
            "avatar_hash": "gfb634591afc",
            "image_72": "https:\/\/secure.gravatar.com\/avatar\/fb634591afc1827aa0c5172e52229c3a.jpg?s=72&d=https%3A%2F%2Fa.slack-edge.com%2Fdf10d%2Fimg%2Favatars%2Fava_0026-72.png",
            "first_name": "",
            "real_name": "Blake Preston",
            "display_name": "Blake Preston",
            "team": "T01KAU17684",
            "name": "bppreston",
            "is_restricted": false,
            "is_ultra_restricted": false
        },
        "blocks": [
            {
                "type": "rich_text",
                "block_id": "bE7r",
                "elements": [
                    {
                        "type": "rich_text_section",
                        "elements": [
                            {
                                "type": "text",
                                "text": "Hello! My name is Blake Preston. I am a senior studying Computer Science. I have no experience with networks but I'm looking forward to learning!"
                            }
                        ]
                    }
                ]
            }
        ],
        "reactions": [
            {
                "name": "raised_hands",
                "users": [
                    "U01LETJ76SY"
                ],
                "count": 1
            },
            {
                "name": "wave",
                "users": [
                    "U01JY0C0BQE"
                ],
                "count": 1
            }
        ]
    },
    {
        "type": "message",
        "subtype": "channel_join",
        "ts": "1611891192.133200",
        "user": "U01L30JJCDC",
        "text": "<@U01L30JJCDC> has joined the channel"
    },
    {
        "client_msg_id": "77d3187a-8166-4d04-a19d-0be50cc91586",
        "type": "message",
        "text": "Hello everyone! My name is John Karuntzos and i am a senior here at the University of Iowa. I don't have any experience in computer networks but I am really excited to learn about them throughout this course!",
        "user": "U01L30JJCDC",
        "ts": "1611891418.134500",
        "team": "T01KAU17684",
        "user_team": "T01KAU17684",
        "source_team": "T01KAU17684",
        "user_profile": {
            "avatar_hash": "g6ed49d06373",
            "image_72": "https:\/\/secure.gravatar.com\/avatar\/6ed49d063739016a1c542e17e87cd56b.jpg?s=72&d=https%3A%2F%2Fa.slack-edge.com%2Fdf10d%2Fimg%2Favatars%2Fava_0025-72.png",
            "first_name": "",
            "real_name": "John Karuntzos",
            "display_name": "John Karuntzos",
            "team": "T01KAU17684",
            "name": "john-karuntzos",
            "is_restricted": false,
            "is_ultra_restricted": false
        },
        "blocks": [
            {
                "type": "rich_text",
                "block_id": "qnU",
                "elements": [
                    {
                        "type": "rich_text_section",
                        "elements": [
                            {
                                "type": "text",
                                "text": "Hello everyone! My name is John Karuntzos and i am a senior here at the University of Iowa. I don't have any experience in computer networks but I am really excited to learn about them throughout this course!"
                            }
                        ]
                    }
                ]
            }
        ],
        "reactions": [
            {
                "name": "wave",
                "users": [
                    "U01JY0C0BQE"
                ],
                "count": 1
            }
        ]
    },
    {
        "client_msg_id": "FF1FF876-6835-43FA-9C6A-BC59D2097BC3",
        "type": "message",
        "text": "The professor’s going to manually grade question 4, so as long as you typed answers that were mentioned in lecture (even if they are a different variation in spelling), you should be good. ",
        "user": "U01KNVDC9A6",
        "ts": "1611892023.136500",
        "team": "T01KAU17684",
        "user_team": "T01KAU17684",
        "source_team": "T01KAU17684",
        "user_profile": {
            "avatar_hash": "56c10b4857c1",
            "image_72": "https:\/\/avatars.slack-edge.com\/2021-01-23\/1675168091332_56c10b4857c1336660f7_72.png",
            "first_name": "Laura",
            "real_name": "Laura Flores",
            "display_name": "Laura Flores",
            "team": "T01KAU17684",
            "name": "laura-flores",
            "is_restricted": false,
            "is_ultra_restricted": false
        },
        "blocks": [
            {
                "type": "rich_text",
                "block_id": "c+J1Y",
                "elements": [
                    {
                        "type": "rich_text_section",
                        "elements": [
                            {
                                "type": "text",
                                "text": "The professor’s going to manually grade question 4, so as long as you typed answers that were mentioned in lecture (even if they are a different variation in spelling), you should be good. "
                            }
                        ]
                    }
                ]
            }
        ],
        "thread_ts": "1611875276.131000",
        "parent_user_id": "U01KYK068US",
        "reactions": [
            {
                "name": "100",
                "users": [
                    "U01JY0C0BQE"
                ],
                "count": 1
            }
        ]
    }
]