[
    {
        "client_msg_id": "a1497fdc-8a0b-4826-8bae-f403c6715dbe",
        "type": "message",
        "text": "Is question 4 on the spot quiz asking if HTTP\/3 will get rid of (or stop relying on) TCP?",
        "user": "U01LD8LHJSU",
        "ts": "1613518693.190900",
        "team": "T01KAU17684",
        "user_team": "T01KAU17684",
        "source_team": "T01KAU17684",
        "user_profile": {
            "avatar_hash": "g5bf6e023d9b",
            "image_72": "https:\/\/secure.gravatar.com\/avatar\/5bf6e023d9b4b5899554b88b4049f470.jpg?s=72&d=https%3A%2F%2Fa.slack-edge.com%2Fdf10d%2Fimg%2Favatars%2Fava_0023-72.png",
            "first_name": "",
            "real_name": "Evan Jacobs",
            "display_name": "Evan Jacobs",
            "team": "T01KAU17684",
            "name": "evan-jacobs",
            "is_restricted": false,
            "is_ultra_restricted": false
        },
        "edited": {
            "user": "U01LD8LHJSU",
            "ts": "1613518747.000000"
        },
        "blocks": [
            {
                "type": "rich_text",
                "block_id": "hCOB",
                "elements": [
                    {
                        "type": "rich_text_section",
                        "elements": [
                            {
                                "type": "text",
                                "text": "Is question 4 on the spot quiz asking if HTTP\/3 will get rid of (or stop relying on) TCP?"
                            }
                        ]
                    }
                ]
            }
        ]
    },
    {
        "client_msg_id": "b2b0ed76-0b45-4814-a87a-c7d6336f9ce6",
        "type": "message",
        "text": "Yes Evan, you got it right. HTTP\/3 is indeed designed to work on QUIC (and not TCP)",
        "user": "U01JY0C0BQE",
        "ts": "1613522334.191700",
        "team": "T01KAU17684",
        "user_team": "T01KAU17684",
        "source_team": "T01KAU17684",
        "user_profile": {
            "avatar_hash": "7f8fd75b6a60",
            "image_72": "https:\/\/avatars.slack-edge.com\/2021-01-19\/1674790159632_7f8fd75b6a60270f0c59_72.jpg",
            "first_name": "Supreeth",
            "real_name": "Supreeth Shastri",
            "display_name": "Shastri",
            "team": "T01KAU17684",
            "name": "supreeth-shastri",
            "is_restricted": false,
            "is_ultra_restricted": false
        },
        "blocks": [
            {
                "type": "rich_text",
                "block_id": "PYV",
                "elements": [
                    {
                        "type": "rich_text_section",
                        "elements": [
                            {
                                "type": "text",
                                "text": "Yes Evan, you got it right. HTTP\/3 is indeed designed to work on QUIC (and not TCP)"
                            }
                        ]
                    }
                ]
            }
        ],
        "reactions": [
            {
                "name": "+1",
                "users": [
                    "U01LD8LHJSU"
                ],
                "count": 1
            }
        ]
    }
]