[
    {
        "client_msg_id": "db863cf4-c292-466a-8cbf-3e6cd5d7986d",
        "type": "message",
        "text": "I am confused about how we run the code. When I go to the web address &lt;IP&gt;:&lt;port&gt;\/&lt;file&gt; I just get the message &lt;IP&gt; refused to connect. Do I just run the code in a terminal and then try to connect, or how does this work?",
        "user": "U01KU06R1AT",
        "ts": "1615923360.004000",
        "team": "T01KAU17684",
        "user_team": "T01KAU17684",
        "source_team": "T01KAU17684",
        "user_profile": {
            "avatar_hash": "g67fd311ca40",
            "image_72": "https:\/\/secure.gravatar.com\/avatar\/67fd311ca401c4872d31f1fed96d6c2b.jpg?s=72&d=https%3A%2F%2Fa.slack-edge.com%2Fdf10d%2Fimg%2Favatars%2Fava_0003-72.png",
            "first_name": "",
            "real_name": "Jacob Gates",
            "display_name": "Jacob Gates",
            "team": "T01KAU17684",
            "name": "jacob-gates",
            "is_restricted": false,
            "is_ultra_restricted": false
        },
        "blocks": [
            {
                "type": "rich_text",
                "block_id": "koDk",
                "elements": [
                    {
                        "type": "rich_text_section",
                        "elements": [
                            {
                                "type": "text",
                                "text": "I am confused about how we run the code. When I go to the web address <IP>:<port>\/<file> I just get the message <IP> refused to connect. Do I just run the code in a terminal and then try to connect, or how does this work?"
                            }
                        ]
                    }
                ]
            }
        ]
    },
    {
        "client_msg_id": "1022dd56-db5c-4df9-9146-93a9ed04e003",
        "type": "message",
        "text": "yes. run the code first so that the server has started and then u can connect to the server from the browser",
        "user": "U01LC2YQ2V6",
        "ts": "1615923396.004500",
        "team": "T01KAU17684",
        "user_team": "T01KAU17684",
        "source_team": "T01KAU17684",
        "user_profile": {
            "avatar_hash": "g5aefd6bd660",
            "image_72": "https:\/\/secure.gravatar.com\/avatar\/5aefd6bd660d1ac185f11f45f20a389a.jpg?s=72&d=https%3A%2F%2Fa.slack-edge.com%2Fdf10d%2Fimg%2Favatars%2Fava_0001-72.png",
            "first_name": "",
            "real_name": "Adnan Ahmed",
            "display_name": "Adnan Ahmed",
            "team": "T01KAU17684",
            "name": "adnan-ahmed",
            "is_restricted": false,
            "is_ultra_restricted": false
        },
        "blocks": [
            {
                "type": "rich_text",
                "block_id": "jY2JQ",
                "elements": [
                    {
                        "type": "rich_text_section",
                        "elements": [
                            {
                                "type": "text",
                                "text": "yes. run the code first so that the server has started and then u can connect to the server from the browser"
                            }
                        ]
                    }
                ]
            }
        ],
        "thread_ts": "1615923396.004500",
        "reply_count": 1,
        "reply_users_count": 1,
        "latest_reply": "1615923854.004600",
        "reply_users": [
            "U01KU06R1AT"
        ],
        "replies": [
            {
                "user": "U01KU06R1AT",
                "ts": "1615923854.004600"
            }
        ],
        "is_locked": false,
        "subscribed": false
    },
    {
        "client_msg_id": "0a27957a-ed76-47a9-84f9-cfe409175966",
        "type": "message",
        "text": "Thanks; I just had the wrong IP :slightly_smiling_face:",
        "user": "U01KU06R1AT",
        "ts": "1615923854.004600",
        "team": "T01KAU17684",
        "user_team": "T01KAU17684",
        "source_team": "T01KAU17684",
        "user_profile": {
            "avatar_hash": "g67fd311ca40",
            "image_72": "https:\/\/secure.gravatar.com\/avatar\/67fd311ca401c4872d31f1fed96d6c2b.jpg?s=72&d=https%3A%2F%2Fa.slack-edge.com%2Fdf10d%2Fimg%2Favatars%2Fava_0003-72.png",
            "first_name": "",
            "real_name": "Jacob Gates",
            "display_name": "Jacob Gates",
            "team": "T01KAU17684",
            "name": "jacob-gates",
            "is_restricted": false,
            "is_ultra_restricted": false
        },
        "blocks": [
            {
                "type": "rich_text",
                "block_id": "eJG",
                "elements": [
                    {
                        "type": "rich_text_section",
                        "elements": [
                            {
                                "type": "text",
                                "text": "Thanks; I just had the wrong IP "
                            },
                            {
                                "type": "emoji",
                                "name": "slightly_smiling_face"
                            }
                        ]
                    }
                ]
            }
        ],
        "thread_ts": "1615923396.004500",
        "parent_user_id": "U01LC2YQ2V6",
        "reactions": [
            {
                "name": "+1",
                "users": [
                    "U01LC2YQ2V6"
                ],
                "count": 1
            }
        ]
    },
    {
        "client_msg_id": "3a7913ab-d0b2-4944-b099-d112e35f356d",
        "type": "message",
        "text": "For the proxy part of project-1, we can submit the completed code for the updated proxy created by Adnan correct? I just wanted to double check since the updated proxy behaves slightly different than the original.",
        "user": "U01LD8LHJSU",
        "ts": "1615937037.007100",
        "team": "T01KAU17684",
        "user_team": "T01KAU17684",
        "source_team": "T01KAU17684",
        "user_profile": {
            "avatar_hash": "g5bf6e023d9b",
            "image_72": "https:\/\/secure.gravatar.com\/avatar\/5bf6e023d9b4b5899554b88b4049f470.jpg?s=72&d=https%3A%2F%2Fa.slack-edge.com%2Fdf10d%2Fimg%2Favatars%2Fava_0023-72.png",
            "first_name": "",
            "real_name": "Evan Jacobs",
            "display_name": "Evan Jacobs",
            "team": "T01KAU17684",
            "name": "evan-jacobs",
            "is_restricted": false,
            "is_ultra_restricted": false
        },
        "blocks": [
            {
                "type": "rich_text",
                "block_id": "qbW",
                "elements": [
                    {
                        "type": "rich_text_section",
                        "elements": [
                            {
                                "type": "text",
                                "text": "For the proxy part of project-1, we can submit the completed code for the updated proxy created by Adnan correct? I just wanted to double check since the updated proxy behaves slightly different than the original."
                            }
                        ]
                    }
                ]
            }
        ],
        "reactions": [
            {
                "name": "+1",
                "users": [
                    "U01JY0C0BQE"
                ],
                "count": 1
            }
        ]
    }
]