[
    {
        "client_msg_id": "faa3a3e0-f003-46eb-b9a0-09a801a00b2d",
        "type": "message",
        "text": "For the written assignment 4 question 4, the text says update z's distance vectors for t=1,2,3 but there is also a table of the distance vectors for v, x, and z. Should we just update z's distance vectors, or should we actually update the distance vectors for v and x also?",
        "user": "U01KM5NRGJ2",
        "ts": "1618712870.049300",
        "team": "T01KAU17684",
        "user_team": "T01KAU17684",
        "source_team": "T01KAU17684",
        "user_profile": {
            "avatar_hash": "26f965f9da0e",
            "image_72": "https:\/\/avatars.slack-edge.com\/2021-01-25\/1673981909618_26f965f9da0ee6984b78_72.jpg",
            "first_name": "",
            "real_name": "Mitch Majure",
            "display_name": "Mitch Majure",
            "team": "T01KAU17684",
            "name": "mitchell-majure",
            "is_restricted": false,
            "is_ultra_restricted": false
        },
        "blocks": [
            {
                "type": "rich_text",
                "block_id": "7y97W",
                "elements": [
                    {
                        "type": "rich_text_section",
                        "elements": [
                            {
                                "type": "text",
                                "text": "For the written assignment 4 question 4, the text says update z's distance vectors for t=1,2,3 but there is also a table of the distance vectors for v, x, and z. Should we just update z's distance vectors, or should we actually update the distance vectors for v and x also?"
                            }
                        ]
                    }
                ]
            }
        ],
        "thread_ts": "1618712870.049300",
        "reply_count": 2,
        "reply_users_count": 1,
        "latest_reply": "1618756761.049600",
        "reply_users": [
            "U01JY0C0BQE"
        ],
        "replies": [
            {
                "user": "U01JY0C0BQE",
                "ts": "1618756603.049400"
            },
            {
                "user": "U01JY0C0BQE",
                "ts": "1618756761.049600"
            }
        ],
        "is_locked": false,
        "subscribed": true,
        "last_read": "1618756761.049600"
    }
]