[
    {
        "client_msg_id": "c2bb82dd-581a-46e4-ad7d-364663c94baf",
        "type": "message",
        "text": "Not sure if anyone else has experienced this, but this may or may not be helpful. When using the recently updated proxy.py to access <http:\/\/www.gnu.org\/>, a file exists error regarding the line os.makedirs(file_dir) would occur. This seemed to be caused by <http:\/\/www.gnu.org\/> giving the proxy multiple files to make a copy of within a single directory. The line os.makedirs(file_dr) will attempt to create the already existing directory called <http:\/\/www.gnu.org|www.gnu.org> each time when storing each of these files, so this line needs to be bypassed if the directory exists so that the remaining files can be saved within it. I'm not sure if this situation will happen if connecting to a very simple website.",
        "user": "U01LD8LHJSU",
        "ts": "1615835108.046100",
        "team": "T01KAU17684",
        "user_team": "T01KAU17684",
        "source_team": "T01KAU17684",
        "user_profile": {
            "avatar_hash": "g5bf6e023d9b",
            "image_72": "https:\/\/secure.gravatar.com\/avatar\/5bf6e023d9b4b5899554b88b4049f470.jpg?s=72&d=https%3A%2F%2Fa.slack-edge.com%2Fdf10d%2Fimg%2Favatars%2Fava_0023-72.png",
            "first_name": "",
            "real_name": "Evan Jacobs",
            "display_name": "Evan Jacobs",
            "team": "T01KAU17684",
            "name": "evan-jacobs",
            "is_restricted": false,
            "is_ultra_restricted": false
        },
        "edited": {
            "user": "U01LD8LHJSU",
            "ts": "1615835295.000000"
        },
        "blocks": [
            {
                "type": "rich_text",
                "block_id": "5JK+2",
                "elements": [
                    {
                        "type": "rich_text_section",
                        "elements": [
                            {
                                "type": "text",
                                "text": "Not sure if anyone else has experienced this, but this may or may not be helpful. When using the recently updated proxy.py to access "
                            },
                            {
                                "type": "link",
                                "url": "http:\/\/www.gnu.org\/"
                            },
                            {
                                "type": "text",
                                "text": ", a file exists error regarding the line os.makedirs(file_dir) would occur. This seemed to be caused by "
                            },
                            {
                                "type": "link",
                                "url": "http:\/\/www.gnu.org\/"
                            },
                            {
                                "type": "text",
                                "text": " giving the proxy multiple files to make a copy of within a single directory. The line os.makedirs(file_dr) will attempt to create the already existing directory called "
                            },
                            {
                                "type": "link",
                                "url": "http:\/\/www.gnu.org",
                                "text": "www.gnu.org"
                            },
                            {
                                "type": "text",
                                "text": " each time when storing each of these files, so this line needs to be bypassed if the directory exists so that the remaining files can be saved within it. I'm not sure if this situation will happen if connecting to a very simple website."
                            }
                        ]
                    }
                ]
            }
        ],
        "thread_ts": "1615835108.046100",
        "reply_count": 19,
        "reply_users_count": 3,
        "latest_reply": "1615847262.000700",
        "reply_users": [
            "U01LC2YQ2V6",
            "U01LD8LHJSU",
            "U01JY0C0BQE"
        ],
        "replies": [
            {
                "user": "U01LC2YQ2V6",
                "ts": "1615835418.046600"
            },
            {
                "user": "U01LD8LHJSU",
                "ts": "1615835472.046800"
            },
            {
                "user": "U01LD8LHJSU",
                "ts": "1615835509.047000"
            },
            {
                "user": "U01LC2YQ2V6",
                "ts": "1615835544.047200"
            },
            {
                "user": "U01LD8LHJSU",
                "ts": "1615835556.047400"
            },
            {
                "user": "U01LD8LHJSU",
                "ts": "1615835611.047600"
            },
            {
                "user": "U01LC2YQ2V6",
                "ts": "1615835776.047900"
            },
            {
                "user": "U01LD8LHJSU",
                "ts": "1615835795.048100"
            },
            {
                "user": "U01LC2YQ2V6",
                "ts": "1615836159.048400"
            },
            {
                "user": "U01LD8LHJSU",
                "ts": "1615836276.048600"
            },
            {
                "user": "U01LD8LHJSU",
                "ts": "1615836303.048800"
            },
            {
                "user": "U01LC2YQ2V6",
                "ts": "1615836383.049100"
            },
            {
                "user": "U01LC2YQ2V6",
                "ts": "1615836439.049300"
            },
            {
                "user": "U01LC2YQ2V6",
                "ts": "1615836506.049500"
            },
            {
                "user": "U01LD8LHJSU",
                "ts": "1615836516.050000"
            },
            {
                "user": "U01LD8LHJSU",
                "ts": "1615836635.052400"
            },
            {
                "user": "U01LD8LHJSU",
                "ts": "1615836703.053900"
            },
            {
                "user": "U01LC2YQ2V6",
                "ts": "1615836774.054600"
            },
            {
                "user": "U01JY0C0BQE",
                "ts": "1615847262.000700"
            }
        ],
        "is_locked": false,
        "subscribed": true,
        "last_read": "1615847262.000700"
    },
    {
        "type": "message",
        "text": "",
        "files": [
            {
                "id": "F01R7L2SSQ5",
                "created": 1615835169,
                "timestamp": 1615835169,
                "name": "image.png",
                "title": "image.png",
                "mimetype": "image\/png",
                "filetype": "png",
                "pretty_type": "PNG",
                "user": "U01LD8LHJSU",
                "editable": false,
                "size": 12281,
                "mode": "hosted",
                "is_external": false,
                "external_type": "",
                "is_public": true,
                "public_url_shared": false,
                "display_as_bot": false,
                "username": "",
                "url_private": "https:\/\/files.slack.com\/files-pri\/T01KAU17684-F01R7L2SSQ5\/image.png?t=xoxe-1656953244276-2146681651939-2131697800023-f59907734a4eb315a375bfb8ffbeaa5f",
                "url_private_download": "https:\/\/files.slack.com\/files-pri\/T01KAU17684-F01R7L2SSQ5\/download\/image.png?t=xoxe-1656953244276-2146681651939-2131697800023-f59907734a4eb315a375bfb8ffbeaa5f",
                "thumb_64": "https:\/\/files.slack.com\/files-tmb\/T01KAU17684-F01R7L2SSQ5-93bf29084c\/image_64.png?t=xoxe-1656953244276-2146681651939-2131697800023-f59907734a4eb315a375bfb8ffbeaa5f",
                "thumb_80": "https:\/\/files.slack.com\/files-tmb\/T01KAU17684-F01R7L2SSQ5-93bf29084c\/image_80.png?t=xoxe-1656953244276-2146681651939-2131697800023-f59907734a4eb315a375bfb8ffbeaa5f",
                "thumb_360": "https:\/\/files.slack.com\/files-tmb\/T01KAU17684-F01R7L2SSQ5-93bf29084c\/image_360.png?t=xoxe-1656953244276-2146681651939-2131697800023-f59907734a4eb315a375bfb8ffbeaa5f",
                "thumb_360_w": 360,
                "thumb_360_h": 69,
                "thumb_480": "https:\/\/files.slack.com\/files-tmb\/T01KAU17684-F01R7L2SSQ5-93bf29084c\/image_480.png?t=xoxe-1656953244276-2146681651939-2131697800023-f59907734a4eb315a375bfb8ffbeaa5f",
                "thumb_480_w": 480,
                "thumb_480_h": 91,
                "thumb_160": "https:\/\/files.slack.com\/files-tmb\/T01KAU17684-F01R7L2SSQ5-93bf29084c\/image_160.png?t=xoxe-1656953244276-2146681651939-2131697800023-f59907734a4eb315a375bfb8ffbeaa5f",
                "original_w": 704,
                "original_h": 134,
                "thumb_tiny": "AwAJADCqG9R+lBb2\/SlPamv0FMBOaSiigAooooA\/\/9k=",
                "permalink": "https:\/\/ui-cs3640-spring21.slack.com\/files\/U01LD8LHJSU\/F01R7L2SSQ5\/image.png",
                "permalink_public": "https:\/\/slack-files.com\/T01KAU17684-F01R7L2SSQ5-659d0f7673",
                "is_starred": false,
                "has_rich_preview": false
            }
        ],
        "upload": false,
        "user": "U01LD8LHJSU",
        "display_as_bot": false,
        "ts": "1615835174.046400"
    },
    {
        "client_msg_id": "127d3d9c-2d04-43a9-b0e6-2dc9c794b296",
        "type": "message",
        "text": "Are you saying that for the same request, this server sends multiple files? If that's the case, maybe the first file is a redirect? from http to https probably. Can you check this?",
        "user": "U01LC2YQ2V6",
        "ts": "1615835418.046600",
        "team": "T01KAU17684",
        "user_team": "T01KAU17684",
        "source_team": "T01KAU17684",
        "user_profile": {
            "avatar_hash": "g5aefd6bd660",
            "image_72": "https:\/\/secure.gravatar.com\/avatar\/5aefd6bd660d1ac185f11f45f20a389a.jpg?s=72&d=https%3A%2F%2Fa.slack-edge.com%2Fdf10d%2Fimg%2Favatars%2Fava_0001-72.png",
            "first_name": "",
            "real_name": "Adnan Ahmed",
            "display_name": "Adnan Ahmed",
            "team": "T01KAU17684",
            "name": "adnan-ahmed",
            "is_restricted": false,
            "is_ultra_restricted": false
        },
        "blocks": [
            {
                "type": "rich_text",
                "block_id": "Zuq",
                "elements": [
                    {
                        "type": "rich_text_section",
                        "elements": [
                            {
                                "type": "text",
                                "text": "Are you saying that for the same request, this server sends multiple files? If that's the case, maybe the first file is a redirect? from http to https probably. Can you check this?"
                            }
                        ]
                    }
                ]
            }
        ],
        "thread_ts": "1615835108.046100",
        "parent_user_id": "U01LD8LHJSU"
    },
    {
        "client_msg_id": "5651271e-ae80-48a2-ab38-7dcfac447475",
        "type": "message",
        "text": "Yes, its seems that visiting <http:\/\/gnu.org|gnu.org> caused that site to send multiple files for some reason",
        "user": "U01LD8LHJSU",
        "ts": "1615835472.046800",
        "team": "T01KAU17684",
        "user_team": "T01KAU17684",
        "source_team": "T01KAU17684",
        "user_profile": {
            "avatar_hash": "g5bf6e023d9b",
            "image_72": "https:\/\/secure.gravatar.com\/avatar\/5bf6e023d9b4b5899554b88b4049f470.jpg?s=72&d=https%3A%2F%2Fa.slack-edge.com%2Fdf10d%2Fimg%2Favatars%2Fava_0023-72.png",
            "first_name": "",
            "real_name": "Evan Jacobs",
            "display_name": "Evan Jacobs",
            "team": "T01KAU17684",
            "name": "evan-jacobs",
            "is_restricted": false,
            "is_ultra_restricted": false
        },
        "blocks": [
            {
                "type": "rich_text",
                "block_id": "Z\/b6n",
                "elements": [
                    {
                        "type": "rich_text_section",
                        "elements": [
                            {
                                "type": "text",
                                "text": "Yes, its seems that visiting "
                            },
                            {
                                "type": "link",
                                "url": "http:\/\/gnu.org",
                                "text": "gnu.org"
                            },
                            {
                                "type": "text",
                                "text": " caused that site to send multiple files for some reason"
                            }
                        ]
                    }
                ]
            }
        ],
        "thread_ts": "1615835108.046100",
        "parent_user_id": "U01LD8LHJSU"
    },
    {
        "client_msg_id": "2f0636ac-29ed-4d39-b0af-ce846ec0a432",
        "type": "message",
        "text": "I will try with a very simple website too.",
        "user": "U01LD8LHJSU",
        "ts": "1615835509.047000",
        "team": "T01KAU17684",
        "user_team": "T01KAU17684",
        "source_team": "T01KAU17684",
        "user_profile": {
            "avatar_hash": "g5bf6e023d9b",
            "image_72": "https:\/\/secure.gravatar.com\/avatar\/5bf6e023d9b4b5899554b88b4049f470.jpg?s=72&d=https%3A%2F%2Fa.slack-edge.com%2Fdf10d%2Fimg%2Favatars%2Fava_0023-72.png",
            "first_name": "",
            "real_name": "Evan Jacobs",
            "display_name": "Evan Jacobs",
            "team": "T01KAU17684",
            "name": "evan-jacobs",
            "is_restricted": false,
            "is_ultra_restricted": false
        },
        "blocks": [
            {
                "type": "rich_text",
                "block_id": "8gk9Y",
                "elements": [
                    {
                        "type": "rich_text_section",
                        "elements": [
                            {
                                "type": "text",
                                "text": "I will try with a very simple website too."
                            }
                        ]
                    }
                ]
            }
        ],
        "thread_ts": "1615835108.046100",
        "parent_user_id": "U01LD8LHJSU"
    },
    {
        "client_msg_id": "ba3855d7-1f5d-482d-b3f0-9f8a86e1de20",
        "type": "message",
        "text": "Alright. I wonder if its the same path for both files. I'll check my code again.",
        "user": "U01LC2YQ2V6",
        "ts": "1615835544.047200",
        "team": "T01KAU17684",
        "user_team": "T01KAU17684",
        "source_team": "T01KAU17684",
        "user_profile": {
            "avatar_hash": "g5aefd6bd660",
            "image_72": "https:\/\/secure.gravatar.com\/avatar\/5aefd6bd660d1ac185f11f45f20a389a.jpg?s=72&d=https%3A%2F%2Fa.slack-edge.com%2Fdf10d%2Fimg%2Favatars%2Fava_0001-72.png",
            "first_name": "",
            "real_name": "Adnan Ahmed",
            "display_name": "Adnan Ahmed",
            "team": "T01KAU17684",
            "name": "adnan-ahmed",
            "is_restricted": false,
            "is_ultra_restricted": false
        },
        "blocks": [
            {
                "type": "rich_text",
                "block_id": "laC",
                "elements": [
                    {
                        "type": "rich_text_section",
                        "elements": [
                            {
                                "type": "text",
                                "text": "Alright. I wonder if its the same path for both files. I'll check my code again."
                            }
                        ]
                    }
                ]
            }
        ],
        "thread_ts": "1615835108.046100",
        "parent_user_id": "U01LD8LHJSU"
    },
    {
        "client_msg_id": "14c2314b-edf2-49d3-959d-0ad0128fc79f",
        "type": "message",
        "text": "I don't think it was an issue with the program's design, but the website acting unpredictably",
        "user": "U01LD8LHJSU",
        "ts": "1615835556.047400",
        "team": "T01KAU17684",
        "user_team": "T01KAU17684",
        "source_team": "T01KAU17684",
        "user_profile": {
            "avatar_hash": "g5bf6e023d9b",
            "image_72": "https:\/\/secure.gravatar.com\/avatar\/5bf6e023d9b4b5899554b88b4049f470.jpg?s=72&d=https%3A%2F%2Fa.slack-edge.com%2Fdf10d%2Fimg%2Favatars%2Fava_0023-72.png",
            "first_name": "",
            "real_name": "Evan Jacobs",
            "display_name": "Evan Jacobs",
            "team": "T01KAU17684",
            "name": "evan-jacobs",
            "is_restricted": false,
            "is_ultra_restricted": false
        },
        "edited": {
            "user": "U01LD8LHJSU",
            "ts": "1615835647.000000"
        },
        "blocks": [
            {
                "type": "rich_text",
                "block_id": "u0wwl",
                "elements": [
                    {
                        "type": "rich_text_section",
                        "elements": [
                            {
                                "type": "text",
                                "text": "I don't think it was an issue with the program's design, but the website acting unpredictably"
                            }
                        ]
                    }
                ]
            }
        ],
        "thread_ts": "1615835108.046100",
        "parent_user_id": "U01LD8LHJSU"
    },
    {
        "client_msg_id": "e4a20008-d370-43f8-a626-66dc39945f55",
        "type": "message",
        "text": "I can send a picture of the directory it created if that would be helpful too.",
        "user": "U01LD8LHJSU",
        "ts": "1615835611.047600",
        "team": "T01KAU17684",
        "user_team": "T01KAU17684",
        "source_team": "T01KAU17684",
        "user_profile": {
            "avatar_hash": "g5bf6e023d9b",
            "image_72": "https:\/\/secure.gravatar.com\/avatar\/5bf6e023d9b4b5899554b88b4049f470.jpg?s=72&d=https%3A%2F%2Fa.slack-edge.com%2Fdf10d%2Fimg%2Favatars%2Fava_0023-72.png",
            "first_name": "",
            "real_name": "Evan Jacobs",
            "display_name": "Evan Jacobs",
            "team": "T01KAU17684",
            "name": "evan-jacobs",
            "is_restricted": false,
            "is_ultra_restricted": false
        },
        "blocks": [
            {
                "type": "rich_text",
                "block_id": "AmIx",
                "elements": [
                    {
                        "type": "rich_text_section",
                        "elements": [
                            {
                                "type": "text",
                                "text": "I can send a picture of the directory it created if that would be helpful too."
                            }
                        ]
                    }
                ]
            }
        ],
        "thread_ts": "1615835108.046100",
        "parent_user_id": "U01LD8LHJSU"
    },
    {
        "client_msg_id": "ac1c71ff-c5c3-4d8e-a5ab-72bef2098ed3",
        "type": "message",
        "text": "yeah that might be helpful",
        "user": "U01LC2YQ2V6",
        "ts": "1615835776.047900",
        "team": "T01KAU17684",
        "user_team": "T01KAU17684",
        "source_team": "T01KAU17684",
        "user_profile": {
            "avatar_hash": "g5aefd6bd660",
            "image_72": "https:\/\/secure.gravatar.com\/avatar\/5aefd6bd660d1ac185f11f45f20a389a.jpg?s=72&d=https%3A%2F%2Fa.slack-edge.com%2Fdf10d%2Fimg%2Favatars%2Fava_0001-72.png",
            "first_name": "",
            "real_name": "Adnan Ahmed",
            "display_name": "Adnan Ahmed",
            "team": "T01KAU17684",
            "name": "adnan-ahmed",
            "is_restricted": false,
            "is_ultra_restricted": false
        },
        "blocks": [
            {
                "type": "rich_text",
                "block_id": "tPsy",
                "elements": [
                    {
                        "type": "rich_text_section",
                        "elements": [
                            {
                                "type": "text",
                                "text": "yeah that might be helpful"
                            }
                        ]
                    }
                ]
            }
        ],
        "thread_ts": "1615835108.046100",
        "parent_user_id": "U01LD8LHJSU"
    },
    {
        "type": "message",
        "text": "",
        "files": [
            {
                "id": "F01RAPURFB4",
                "created": 1615835793,
                "timestamp": 1615835793,
                "name": "image.png",
                "title": "image.png",
                "mimetype": "image\/png",
                "filetype": "png",
                "pretty_type": "PNG",
                "user": "U01LD8LHJSU",
                "editable": false,
                "size": 15629,
                "mode": "hosted",
                "is_external": false,
                "external_type": "",
                "is_public": true,
                "public_url_shared": false,
                "display_as_bot": false,
                "username": "",
                "url_private": "https:\/\/files.slack.com\/files-pri\/T01KAU17684-F01RAPURFB4\/image.png?t=xoxe-1656953244276-2146681651939-2131697800023-f59907734a4eb315a375bfb8ffbeaa5f",
                "url_private_download": "https:\/\/files.slack.com\/files-pri\/T01KAU17684-F01RAPURFB4\/download\/image.png?t=xoxe-1656953244276-2146681651939-2131697800023-f59907734a4eb315a375bfb8ffbeaa5f",
                "thumb_64": "https:\/\/files.slack.com\/files-tmb\/T01KAU17684-F01RAPURFB4-ac4bc4c070\/image_64.png?t=xoxe-1656953244276-2146681651939-2131697800023-f59907734a4eb315a375bfb8ffbeaa5f",
                "thumb_80": "https:\/\/files.slack.com\/files-tmb\/T01KAU17684-F01RAPURFB4-ac4bc4c070\/image_80.png?t=xoxe-1656953244276-2146681651939-2131697800023-f59907734a4eb315a375bfb8ffbeaa5f",
                "thumb_360": "https:\/\/files.slack.com\/files-tmb\/T01KAU17684-F01RAPURFB4-ac4bc4c070\/image_360.png?t=xoxe-1656953244276-2146681651939-2131697800023-f59907734a4eb315a375bfb8ffbeaa5f",
                "thumb_360_w": 360,
                "thumb_360_h": 96,
                "thumb_480": "https:\/\/files.slack.com\/files-tmb\/T01KAU17684-F01RAPURFB4-ac4bc4c070\/image_480.png?t=xoxe-1656953244276-2146681651939-2131697800023-f59907734a4eb315a375bfb8ffbeaa5f",
                "thumb_480_w": 480,
                "thumb_480_h": 129,
                "thumb_160": "https:\/\/files.slack.com\/files-tmb\/T01KAU17684-F01RAPURFB4-ac4bc4c070\/image_160.png?t=xoxe-1656953244276-2146681651939-2131697800023-f59907734a4eb315a375bfb8ffbeaa5f",
                "original_w": 620,
                "original_h": 166,
                "thumb_tiny": "AwAMADDQyM89qdxRt5zS0AJwOlANKRmgDFACbhRkUYpaAP\/Z",
                "permalink": "https:\/\/ui-cs3640-spring21.slack.com\/files\/U01LD8LHJSU\/F01RAPURFB4\/image.png",
                "permalink_public": "https:\/\/slack-files.com\/T01KAU17684-F01RAPURFB4-45f7d2cf8a",
                "is_starred": false,
                "has_rich_preview": false
            }
        ],
        "upload": false,
        "user": "U01LD8LHJSU",
        "display_as_bot": false,
        "ts": "1615835795.048100",
        "thread_ts": "1615835108.046100",
        "parent_user_id": "U01LD8LHJSU"
    },
    {
        "client_msg_id": "1d7e05b0-15df-404c-b338-1b7b91f54760",
        "type": "message",
        "text": "it seems like it's just sending basic webpage resources. I thoguht it was sending multiple index.html files or files with same names again and again",
        "user": "U01LC2YQ2V6",
        "ts": "1615836159.048400",
        "team": "T01KAU17684",
        "user_team": "T01KAU17684",
        "source_team": "T01KAU17684",
        "user_profile": {
            "avatar_hash": "g5aefd6bd660",
            "image_72": "https:\/\/secure.gravatar.com\/avatar\/5aefd6bd660d1ac185f11f45f20a389a.jpg?s=72&d=https%3A%2F%2Fa.slack-edge.com%2Fdf10d%2Fimg%2Favatars%2Fava_0001-72.png",
            "first_name": "",
            "real_name": "Adnan Ahmed",
            "display_name": "Adnan Ahmed",
            "team": "T01KAU17684",
            "name": "adnan-ahmed",
            "is_restricted": false,
            "is_ultra_restricted": false
        },
        "blocks": [
            {
                "type": "rich_text",
                "block_id": "5WDc",
                "elements": [
                    {
                        "type": "rich_text_section",
                        "elements": [
                            {
                                "type": "text",
                                "text": "it seems like it's just sending basic webpage resources. I thoguht it was sending multiple index.html files or files with same names again and again"
                            }
                        ]
                    }
                ]
            }
        ],
        "thread_ts": "1615835108.046100",
        "parent_user_id": "U01LD8LHJSU"
    },
    {
        "client_msg_id": "712807ac-9e47-4248-91e4-edb5ef5efe18",
        "type": "message",
        "text": "Yeah I noticed the format of the html page on the browser was modified slightly with these elements included",
        "user": "U01LD8LHJSU",
        "ts": "1615836276.048600",
        "team": "T01KAU17684",
        "user_team": "T01KAU17684",
        "source_team": "T01KAU17684",
        "user_profile": {
            "avatar_hash": "g5bf6e023d9b",
            "image_72": "https:\/\/secure.gravatar.com\/avatar\/5bf6e023d9b4b5899554b88b4049f470.jpg?s=72&d=https%3A%2F%2Fa.slack-edge.com%2Fdf10d%2Fimg%2Favatars%2Fava_0023-72.png",
            "first_name": "",
            "real_name": "Evan Jacobs",
            "display_name": "Evan Jacobs",
            "team": "T01KAU17684",
            "name": "evan-jacobs",
            "is_restricted": false,
            "is_ultra_restricted": false
        },
        "blocks": [
            {
                "type": "rich_text",
                "block_id": "k1sN",
                "elements": [
                    {
                        "type": "rich_text_section",
                        "elements": [
                            {
                                "type": "text",
                                "text": "Yeah I noticed the format of the html page on the browser was modified slightly with these elements included"
                            }
                        ]
                    }
                ]
            }
        ],
        "thread_ts": "1615835108.046100",
        "parent_user_id": "U01LD8LHJSU"
    },
    {
        "client_msg_id": "176d9e04-b07b-485a-8e00-504a13a10c92",
        "type": "message",
        "text": "Is the website supposed to appear exactly as it does when visiting it normally?",
        "user": "U01LD8LHJSU",
        "ts": "1615836303.048800",
        "team": "T01KAU17684",
        "user_team": "T01KAU17684",
        "source_team": "T01KAU17684",
        "user_profile": {
            "avatar_hash": "g5bf6e023d9b",
            "image_72": "https:\/\/secure.gravatar.com\/avatar\/5bf6e023d9b4b5899554b88b4049f470.jpg?s=72&d=https%3A%2F%2Fa.slack-edge.com%2Fdf10d%2Fimg%2Favatars%2Fava_0023-72.png",
            "first_name": "",
            "real_name": "Evan Jacobs",
            "display_name": "Evan Jacobs",
            "team": "T01KAU17684",
            "name": "evan-jacobs",
            "is_restricted": false,
            "is_ultra_restricted": false
        },
        "blocks": [
            {
                "type": "rich_text",
                "block_id": "YDF2",
                "elements": [
                    {
                        "type": "rich_text_section",
                        "elements": [
                            {
                                "type": "text",
                                "text": "Is the website supposed to appear exactly as it does when visiting it normally?"
                            }
                        ]
                    }
                ]
            }
        ],
        "thread_ts": "1615835108.046100",
        "parent_user_id": "U01LD8LHJSU"
    },
    {
        "client_msg_id": "07a38e22-45fc-4a2c-ac14-4636c5360a02",
        "type": "message",
        "text": "it should ideally. but I think the problems arise because we aren't exactly \"replaying\" the client request when we make requests to the server from the proxy",
        "user": "U01LC2YQ2V6",
        "ts": "1615836383.049100",
        "team": "T01KAU17684",
        "user_team": "T01KAU17684",
        "source_team": "T01KAU17684",
        "user_profile": {
            "avatar_hash": "g5aefd6bd660",
            "image_72": "https:\/\/secure.gravatar.com\/avatar\/5aefd6bd660d1ac185f11f45f20a389a.jpg?s=72&d=https%3A%2F%2Fa.slack-edge.com%2Fdf10d%2Fimg%2Favatars%2Fava_0001-72.png",
            "first_name": "",
            "real_name": "Adnan Ahmed",
            "display_name": "Adnan Ahmed",
            "team": "T01KAU17684",
            "name": "adnan-ahmed",
            "is_restricted": false,
            "is_ultra_restricted": false
        },
        "blocks": [
            {
                "type": "rich_text",
                "block_id": "lokYg",
                "elements": [
                    {
                        "type": "rich_text_section",
                        "elements": [
                            {
                                "type": "text",
                                "text": "it should ideally. but I think the problems arise because we aren't exactly \"replaying\" the client request when we make requests to the server from the proxy"
                            }
                        ]
                    }
                ]
            }
        ],
        "thread_ts": "1615835108.046100",
        "parent_user_id": "U01LD8LHJSU"
    },
    {
        "client_msg_id": "6306bb4a-bff7-4f0d-97b9-6f98c47a7f83",
        "type": "message",
        "text": "if you can see, I am making an HTTP\/1.0 request and only serving GET requests as well. Ideally this should work _just fine_, but this is a very barebones proxy code :smile:.",
        "user": "U01LC2YQ2V6",
        "ts": "1615836439.049300",
        "team": "T01KAU17684",
        "user_team": "T01KAU17684",
        "source_team": "T01KAU17684",
        "user_profile": {
            "avatar_hash": "g5aefd6bd660",
            "image_72": "https:\/\/secure.gravatar.com\/avatar\/5aefd6bd660d1ac185f11f45f20a389a.jpg?s=72&d=https%3A%2F%2Fa.slack-edge.com%2Fdf10d%2Fimg%2Favatars%2Fava_0001-72.png",
            "first_name": "",
            "real_name": "Adnan Ahmed",
            "display_name": "Adnan Ahmed",
            "team": "T01KAU17684",
            "name": "adnan-ahmed",
            "is_restricted": false,
            "is_ultra_restricted": false
        },
        "blocks": [
            {
                "type": "rich_text",
                "block_id": "xz7",
                "elements": [
                    {
                        "type": "rich_text_section",
                        "elements": [
                            {
                                "type": "text",
                                "text": "if you can see, I am making an HTTP\/1.0 request and only serving GET requests as well. Ideally this should work "
                            },
                            {
                                "type": "text",
                                "text": "just fine",
                                "style": {
                                    "italic": true
                                }
                            },
                            {
                                "type": "text",
                                "text": ", but this is a very barebones proxy code "
                            },
                            {
                                "type": "emoji",
                                "name": "smile"
                            },
                            {
                                "type": "text",
                                "text": "."
                            }
                        ]
                    }
                ]
            }
        ],
        "thread_ts": "1615835108.046100",
        "parent_user_id": "U01LD8LHJSU"
    },
    {
        "client_msg_id": "86dea92c-a240-4429-977b-6d3b08fa2fb6",
        "type": "message",
        "text": "i imagine this might break on some websites due to the fact that the client's browser request is more complicated and has more information than the simple request we make from the proxy on client's behalf. Does this make sense?",
        "user": "U01LC2YQ2V6",
        "ts": "1615836506.049500",
        "team": "T01KAU17684",
        "user_team": "T01KAU17684",
        "source_team": "T01KAU17684",
        "user_profile": {
            "avatar_hash": "g5aefd6bd660",
            "image_72": "https:\/\/secure.gravatar.com\/avatar\/5aefd6bd660d1ac185f11f45f20a389a.jpg?s=72&d=https%3A%2F%2Fa.slack-edge.com%2Fdf10d%2Fimg%2Favatars%2Fava_0001-72.png",
            "first_name": "",
            "real_name": "Adnan Ahmed",
            "display_name": "Adnan Ahmed",
            "team": "T01KAU17684",
            "name": "adnan-ahmed",
            "is_restricted": false,
            "is_ultra_restricted": false
        },
        "blocks": [
            {
                "type": "rich_text",
                "block_id": "ReY",
                "elements": [
                    {
                        "type": "rich_text_section",
                        "elements": [
                            {
                                "type": "text",
                                "text": "i imagine this might break on some websites due to the fact that the client's browser request is more complicated and has more information than the simple request we make from the proxy on client's behalf. Does this make sense?"
                            }
                        ]
                    }
                ]
            }
        ],
        "thread_ts": "1615835108.046100",
        "parent_user_id": "U01LD8LHJSU"
    },
    {
        "client_msg_id": "4b62aa57-051e-4d2f-ba8f-58f3ea4a5976",
        "type": "message",
        "text": "I see. I get webpage that just has some text at the top and minor format elements. That make sense.",
        "user": "U01LD8LHJSU",
        "ts": "1615836516.050000",
        "team": "T01KAU17684",
        "user_team": "T01KAU17684",
        "source_team": "T01KAU17684",
        "user_profile": {
            "avatar_hash": "g5bf6e023d9b",
            "image_72": "https:\/\/secure.gravatar.com\/avatar\/5bf6e023d9b4b5899554b88b4049f470.jpg?s=72&d=https%3A%2F%2Fa.slack-edge.com%2Fdf10d%2Fimg%2Favatars%2Fava_0023-72.png",
            "first_name": "",
            "real_name": "Evan Jacobs",
            "display_name": "Evan Jacobs",
            "team": "T01KAU17684",
            "name": "evan-jacobs",
            "is_restricted": false,
            "is_ultra_restricted": false
        },
        "blocks": [
            {
                "type": "rich_text",
                "block_id": "76Ao",
                "elements": [
                    {
                        "type": "rich_text_section",
                        "elements": [
                            {
                                "type": "text",
                                "text": "I see. I get webpage that just has some text at the top and minor format elements. That make sense."
                            }
                        ]
                    }
                ]
            }
        ],
        "thread_ts": "1615835108.046100",
        "parent_user_id": "U01LD8LHJSU"
    },
    {
        "client_msg_id": "0b11b12a-f6cc-4a62-8280-ebb49fee0dc9",
        "type": "message",
        "text": "For the purposes of grading, will we be ok then even if the website isn't displayed properly?",
        "user": "U01LD8LHJSU",
        "ts": "1615836635.052400",
        "team": "T01KAU17684",
        "user_team": "T01KAU17684",
        "source_team": "T01KAU17684",
        "user_profile": {
            "avatar_hash": "g5bf6e023d9b",
            "image_72": "https:\/\/secure.gravatar.com\/avatar\/5bf6e023d9b4b5899554b88b4049f470.jpg?s=72&d=https%3A%2F%2Fa.slack-edge.com%2Fdf10d%2Fimg%2Favatars%2Fava_0023-72.png",
            "first_name": "",
            "real_name": "Evan Jacobs",
            "display_name": "Evan Jacobs",
            "team": "T01KAU17684",
            "name": "evan-jacobs",
            "is_restricted": false,
            "is_ultra_restricted": false
        },
        "blocks": [
            {
                "type": "rich_text",
                "block_id": "UwQ",
                "elements": [
                    {
                        "type": "rich_text_section",
                        "elements": [
                            {
                                "type": "text",
                                "text": "For the purposes of grading, will we be ok then even if the website isn't displayed properly?"
                            }
                        ]
                    }
                ]
            }
        ],
        "thread_ts": "1615835108.046100",
        "parent_user_id": "U01LD8LHJSU"
    },
    {
        "client_msg_id": "8cd8c27e-6f60-44ee-8427-ff8f829a797e",
        "type": "message",
        "text": "Hi guys, so thanks to Evan, I realized that I made an error in the proxy code. I have pinned the proxy code in this channel and have edited the code as well (with comments and credits). The problem was that I was always calling the makedirs function to create the directory (and subdirectories) whenever we made a request from the proxy to the origin server. The issue is that almost always, more than one file will be in the same path (e.g. \/a\/b.jpg and \/a\/c.js) and in this case the makedirs function call will attempt to run twice (across requests for b.jpg and c.js) and try to create the directory a, which will surely give us an error.",
        "user": "U01LC2YQ2V6",
        "ts": "1615836694.053600",
        "team": "T01KAU17684",
        "user_team": "T01KAU17684",
        "source_team": "T01KAU17684",
        "user_profile": {
            "avatar_hash": "g5aefd6bd660",
            "image_72": "https:\/\/secure.gravatar.com\/avatar\/5aefd6bd660d1ac185f11f45f20a389a.jpg?s=72&d=https%3A%2F%2Fa.slack-edge.com%2Fdf10d%2Fimg%2Favatars%2Fava_0001-72.png",
            "first_name": "",
            "real_name": "Adnan Ahmed",
            "display_name": "Adnan Ahmed",
            "team": "T01KAU17684",
            "name": "adnan-ahmed",
            "is_restricted": false,
            "is_ultra_restricted": false
        },
        "blocks": [
            {
                "type": "rich_text",
                "block_id": "1Qs",
                "elements": [
                    {
                        "type": "rich_text_section",
                        "elements": [
                            {
                                "type": "text",
                                "text": "Hi guys, so thanks to Evan, I realized that I made an error in the proxy code. I have pinned the proxy code in this channel and have edited the code as well (with comments and credits). The problem was that I was always calling the makedirs function to create the directory (and subdirectories) whenever we made a request from the proxy to the origin server. The issue is that almost always, more than one file will be in the same path (e.g. \/a\/b.jpg and \/a\/c.js) and in this case the makedirs function call will attempt to run twice (across requests for b.jpg and c.js) and try to create the directory a, which will surely give us an error."
                            }
                        ]
                    }
                ]
            }
        ],
        "reactions": [
            {
                "name": "raised_hands",
                "users": [
                    "U01K8MDR4R5"
                ],
                "count": 1
            },
            {
                "name": "+1",
                "users": [
                    "U01JY0C0BQE"
                ],
                "count": 1
            }
        ]
    },
    {
        "client_msg_id": "e4457852-c7c4-43c9-bbf0-8f10cfe6a3f8",
        "type": "message",
        "text": "Thank you for your help again!!!",
        "user": "U01LD8LHJSU",
        "ts": "1615836703.053900",
        "team": "T01KAU17684",
        "user_team": "T01KAU17684",
        "source_team": "T01KAU17684",
        "user_profile": {
            "avatar_hash": "g5bf6e023d9b",
            "image_72": "https:\/\/secure.gravatar.com\/avatar\/5bf6e023d9b4b5899554b88b4049f470.jpg?s=72&d=https%3A%2F%2Fa.slack-edge.com%2Fdf10d%2Fimg%2Favatars%2Fava_0023-72.png",
            "first_name": "",
            "real_name": "Evan Jacobs",
            "display_name": "Evan Jacobs",
            "team": "T01KAU17684",
            "name": "evan-jacobs",
            "is_restricted": false,
            "is_ultra_restricted": false
        },
        "blocks": [
            {
                "type": "rich_text",
                "block_id": "v4lDX",
                "elements": [
                    {
                        "type": "rich_text_section",
                        "elements": [
                            {
                                "type": "text",
                                "text": "Thank you for your help again!!!"
                            }
                        ]
                    }
                ]
            }
        ],
        "thread_ts": "1615835108.046100",
        "parent_user_id": "U01LD8LHJSU"
    },
    {
        "client_msg_id": "435ef5f9-2095-4618-83ed-2fe9905a02ea",
        "type": "message",
        "text": "So thanks to Evan, we can just put an if statement checking if the directory is already there and only creating directory and subdirectories if there's a need",
        "user": "U01LC2YQ2V6",
        "ts": "1615836725.054500",
        "team": "T01KAU17684",
        "user_team": "T01KAU17684",
        "source_team": "T01KAU17684",
        "user_profile": {
            "avatar_hash": "g5aefd6bd660",
            "image_72": "https:\/\/secure.gravatar.com\/avatar\/5aefd6bd660d1ac185f11f45f20a389a.jpg?s=72&d=https%3A%2F%2Fa.slack-edge.com%2Fdf10d%2Fimg%2Favatars%2Fava_0001-72.png",
            "first_name": "",
            "real_name": "Adnan Ahmed",
            "display_name": "Adnan Ahmed",
            "team": "T01KAU17684",
            "name": "adnan-ahmed",
            "is_restricted": false,
            "is_ultra_restricted": false
        },
        "blocks": [
            {
                "type": "rich_text",
                "block_id": "WYF",
                "elements": [
                    {
                        "type": "rich_text_section",
                        "elements": [
                            {
                                "type": "text",
                                "text": "So thanks to Evan, we can just put an if statement checking if the directory is already there and only creating directory and subdirectories if there's a need"
                            }
                        ]
                    }
                ]
            }
        ]
    },
    {
        "client_msg_id": "03055d6e-ac37-4884-a138-244042c64355",
        "type": "message",
        "text": "I think it should be fine, as long as the prompts are filled in properly. Maybe Professor <@U01JY0C0BQE> can confirm?",
        "user": "U01LC2YQ2V6",
        "ts": "1615836774.054600",
        "team": "T01KAU17684",
        "user_team": "T01KAU17684",
        "source_team": "T01KAU17684",
        "user_profile": {
            "avatar_hash": "g5aefd6bd660",
            "image_72": "https:\/\/secure.gravatar.com\/avatar\/5aefd6bd660d1ac185f11f45f20a389a.jpg?s=72&d=https%3A%2F%2Fa.slack-edge.com%2Fdf10d%2Fimg%2Favatars%2Fava_0001-72.png",
            "first_name": "",
            "real_name": "Adnan Ahmed",
            "display_name": "Adnan Ahmed",
            "team": "T01KAU17684",
            "name": "adnan-ahmed",
            "is_restricted": false,
            "is_ultra_restricted": false
        },
        "blocks": [
            {
                "type": "rich_text",
                "block_id": "rXYJ9",
                "elements": [
                    {
                        "type": "rich_text_section",
                        "elements": [
                            {
                                "type": "text",
                                "text": "I think it should be fine, as long as the prompts are filled in properly. Maybe Professor "
                            },
                            {
                                "type": "user",
                                "user_id": "U01JY0C0BQE"
                            },
                            {
                                "type": "text",
                                "text": " can confirm?"
                            }
                        ]
                    }
                ]
            }
        ],
        "thread_ts": "1615835108.046100",
        "parent_user_id": "U01LD8LHJSU"
    },
    {
        "client_msg_id": "c871be14-3455-43a7-8c34-bdf42ae82be8",
        "type": "message",
        "text": "Where is the newly edited proxy code in the channel?",
        "user": "U01KP2VP874",
        "ts": "1615844793.000400",
        "team": "T01KAU17684",
        "user_team": "T01KAU17684",
        "source_team": "T01KAU17684",
        "user_profile": {
            "avatar_hash": "gb09bd6b18c9",
            "image_72": "https:\/\/secure.gravatar.com\/avatar\/b09bd6b18c9299e515d1bc604cb07c61.jpg?s=72&d=https%3A%2F%2Fa.slack-edge.com%2Fdf10d%2Fimg%2Favatars%2Fava_0006-72.png",
            "first_name": "",
            "real_name": "Kunal Shenoy",
            "display_name": "Kunal Shenoy",
            "team": "T01KAU17684",
            "name": "kunal-shenoy",
            "is_restricted": false,
            "is_ultra_restricted": false
        },
        "blocks": [
            {
                "type": "rich_text",
                "block_id": "OeE",
                "elements": [
                    {
                        "type": "rich_text_section",
                        "elements": [
                            {
                                "type": "text",
                                "text": "Where is the newly edited proxy code in the channel?"
                            }
                        ]
                    }
                ]
            }
        ]
    },
    {
        "client_msg_id": "eca806b7-718c-4c51-a309-8be34ef8a768",
        "type": "message",
        "text": "its pinned in the channel",
        "user": "U01LC2YQ2V6",
        "ts": "1615844805.000600",
        "team": "T01KAU17684",
        "user_team": "T01KAU17684",
        "source_team": "T01KAU17684",
        "user_profile": {
            "avatar_hash": "g5aefd6bd660",
            "image_72": "https:\/\/secure.gravatar.com\/avatar\/5aefd6bd660d1ac185f11f45f20a389a.jpg?s=72&d=https%3A%2F%2Fa.slack-edge.com%2Fdf10d%2Fimg%2Favatars%2Fava_0001-72.png",
            "first_name": "",
            "real_name": "Adnan Ahmed",
            "display_name": "Adnan Ahmed",
            "team": "T01KAU17684",
            "name": "adnan-ahmed",
            "is_restricted": false,
            "is_ultra_restricted": false
        },
        "blocks": [
            {
                "type": "rich_text",
                "block_id": "QZi",
                "elements": [
                    {
                        "type": "rich_text_section",
                        "elements": [
                            {
                                "type": "text",
                                "text": "its pinned in the channel"
                            }
                        ]
                    }
                ]
            }
        ]
    },
    {
        "client_msg_id": "603e39f7-97b4-424b-a88a-1e687ae0f255",
        "type": "message",
        "text": "Absolutely, I agree with <@U01LC2YQ2V6>",
        "user": "U01JY0C0BQE",
        "ts": "1615847262.000700",
        "team": "T01KAU17684",
        "user_team": "T01KAU17684",
        "source_team": "T01KAU17684",
        "user_profile": {
            "avatar_hash": "7f8fd75b6a60",
            "image_72": "https:\/\/avatars.slack-edge.com\/2021-01-19\/1674790159632_7f8fd75b6a60270f0c59_72.jpg",
            "first_name": "Supreeth",
            "real_name": "Supreeth Shastri",
            "display_name": "Shastri",
            "team": "T01KAU17684",
            "name": "supreeth-shastri",
            "is_restricted": false,
            "is_ultra_restricted": false
        },
        "blocks": [
            {
                "type": "rich_text",
                "block_id": "uodB",
                "elements": [
                    {
                        "type": "rich_text_section",
                        "elements": [
                            {
                                "type": "text",
                                "text": "Absolutely, I agree with "
                            },
                            {
                                "type": "user",
                                "user_id": "U01LC2YQ2V6"
                            }
                        ]
                    }
                ]
            }
        ],
        "thread_ts": "1615835108.046100",
        "parent_user_id": "U01LD8LHJSU",
        "reactions": [
            {
                "name": "+1",
                "users": [
                    "U01LD8LHJSU"
                ],
                "count": 1
            }
        ]
    },
    {
        "client_msg_id": "b5546df5-ce94-4893-99b2-a5d4e63eedc0",
        "type": "message",
        "text": "Is it preferred that our proxy sends its own 404 or should we send along the 404 given to use by the requested website?",
        "user": "U01KM5NRGJ2",
        "ts": "1615863997.000100",
        "team": "T01KAU17684",
        "user_team": "T01KAU17684",
        "source_team": "T01KAU17684",
        "user_profile": {
            "avatar_hash": "26f965f9da0e",
            "image_72": "https:\/\/avatars.slack-edge.com\/2021-01-25\/1673981909618_26f965f9da0ee6984b78_72.jpg",
            "first_name": "",
            "real_name": "Mitch Majure",
            "display_name": "Mitch Majure",
            "team": "T01KAU17684",
            "name": "mitchell-majure",
            "is_restricted": false,
            "is_ultra_restricted": false
        },
        "edited": {
            "user": "U01KM5NRGJ2",
            "ts": "1615864004.000000"
        },
        "blocks": [
            {
                "type": "rich_text",
                "block_id": "mbVu7",
                "elements": [
                    {
                        "type": "rich_text_section",
                        "elements": [
                            {
                                "type": "text",
                                "text": "Is it preferred that our proxy sends its own 404 or should we send along the 404 given to use by the requested website?"
                            }
                        ]
                    }
                ]
            }
        ],
        "thread_ts": "1615863997.000100",
        "reply_count": 1,
        "reply_users_count": 1,
        "latest_reply": "1615864279.001400",
        "reply_users": [
            "U01LC2YQ2V6"
        ],
        "replies": [
            {
                "user": "U01LC2YQ2V6",
                "ts": "1615864279.001400"
            }
        ],
        "is_locked": false,
        "subscribed": false
    },
    {
        "client_msg_id": "90987169-4ebd-4fc9-8cb5-6050f815a371",
        "type": "message",
        "text": "i think currently the proxy code is relying on the server to send the 404 and then saving that  as the local file. Ideally the next time the client requests for the same resource, the proxy will serve the 404 from the local cache. I hadn't thought about this case to be honest, but it seems like it is being handled like i described above. Maybe it's alright that it works this way",
        "user": "U01LC2YQ2V6",
        "ts": "1615864279.001400",
        "team": "T01KAU17684",
        "user_team": "T01KAU17684",
        "source_team": "T01KAU17684",
        "user_profile": {
            "avatar_hash": "g5aefd6bd660",
            "image_72": "https:\/\/secure.gravatar.com\/avatar\/5aefd6bd660d1ac185f11f45f20a389a.jpg?s=72&d=https%3A%2F%2Fa.slack-edge.com%2Fdf10d%2Fimg%2Favatars%2Fava_0001-72.png",
            "first_name": "",
            "real_name": "Adnan Ahmed",
            "display_name": "Adnan Ahmed",
            "team": "T01KAU17684",
            "name": "adnan-ahmed",
            "is_restricted": false,
            "is_ultra_restricted": false
        },
        "blocks": [
            {
                "type": "rich_text",
                "block_id": "QF2d",
                "elements": [
                    {
                        "type": "rich_text_section",
                        "elements": [
                            {
                                "type": "text",
                                "text": "i think currently the proxy code is relying on the server to send the 404 and then saving that  as the local file. Ideally the next time the client requests for the same resource, the proxy will serve the 404 from the local cache. I hadn't thought about this case to be honest, but it seems like it is being handled like i described above. Maybe it's alright that it works this way"
                            }
                        ]
                    }
                ]
            }
        ],
        "thread_ts": "1615863997.000100",
        "parent_user_id": "U01KM5NRGJ2"
    }
]