[
    {
        "client_msg_id": "06e67f4f-115c-4d42-ac28-20d0ca785ad2",
        "type": "message",
        "text": "Ok folks, as promised, I've posted the written assignment-3: <https:\/\/shastri.info\/teaching\/cs3640\/announcements.htm> This is a short and fun assignment between two relatively heavy programming projects (much like elevenses for the Hobbits :slightly_smiling_face:). So, it is due within one week. If need be, we can talk about it on Tuesday 4\/6.",
        "user": "U01JY0C0BQE",
        "ts": "1617472148.016500",
        "team": "T01KAU17684",
        "user_team": "T01KAU17684",
        "source_team": "T01KAU17684",
        "user_profile": {
            "avatar_hash": "7f8fd75b6a60",
            "image_72": "https:\/\/avatars.slack-edge.com\/2021-01-19\/1674790159632_7f8fd75b6a60270f0c59_72.jpg",
            "first_name": "Supreeth",
            "real_name": "Supreeth Shastri",
            "display_name": "Shastri",
            "team": "T01KAU17684",
            "name": "supreeth-shastri",
            "is_restricted": false,
            "is_ultra_restricted": false
        },
        "blocks": [
            {
                "type": "rich_text",
                "block_id": "4dFZF",
                "elements": [
                    {
                        "type": "rich_text_section",
                        "elements": [
                            {
                                "type": "text",
                                "text": "Ok folks, as promised, I've posted the written assignment-3: "
                            },
                            {
                                "type": "link",
                                "url": "https:\/\/shastri.info\/teaching\/cs3640\/announcements.htm"
                            },
                            {
                                "type": "text",
                                "text": " This is a short and fun assignment between two relatively heavy programming projects (much like elevenses for the Hobbits "
                            },
                            {
                                "type": "emoji",
                                "name": "slightly_smiling_face"
                            },
                            {
                                "type": "text",
                                "text": "). So, it is due within one week. If need be, we can talk about it on Tuesday 4\/6."
                            }
                        ]
                    }
                ]
            }
        ],
        "reactions": [
            {
                "name": "white_check_mark",
                "users": [
                    "U01KNVDC9A6"
                ],
                "count": 1
            }
        ]
    }
]