[
    {
        "type": "message",
        "subtype": "channel_join",
        "ts": "1611671214.071300",
        "user": "U01L2L58GKW",
        "text": "<@U01L2L58GKW> has joined the channel"
    },
    {
        "client_msg_id": "fff4cced-b400-45a8-b6fc-f04c43f1c93d",
        "type": "message",
        "text": "Hey everyone, my name is Allison. I'm a 4th year CS major. I enjoy working with UI and have been messing around with app creation in my free time recently. I don't know a lot about networks, so I'm excited to learn more about them this semester and hopefully be able to apply that knowledge to develop applications with more utility and depth.",
        "user": "U01L2L58GKW",
        "ts": "1611672287.072400",
        "team": "T01KAU17684",
        "user_team": "T01KAU17684",
        "source_team": "T01KAU17684",
        "user_profile": {
            "avatar_hash": "2bb5460b1a0f",
            "image_72": "https:\/\/avatars.slack-edge.com\/2021-01-28\/1695323909268_2bb5460b1a0f5dd350c1_72.jpg",
            "first_name": "",
            "real_name": "Allison Ryan",
            "display_name": "Allison Ryan",
            "team": "T01KAU17684",
            "name": "allison-m-ryan",
            "is_restricted": false,
            "is_ultra_restricted": false
        },
        "blocks": [
            {
                "type": "rich_text",
                "block_id": "ZHI",
                "elements": [
                    {
                        "type": "rich_text_section",
                        "elements": [
                            {
                                "type": "text",
                                "text": "Hey everyone, my name is Allison. I'm a 4th year CS major. I enjoy working with UI and have been messing around with app creation in my free time recently. I don't know a lot about networks, so I'm excited to learn more about them this semester and hopefully be able to apply that knowledge to develop applications with more utility and depth."
                            }
                        ]
                    }
                ]
            }
        ],
        "reactions": [
            {
                "name": "raised_hands",
                "users": [
                    "U01JY0C0BQE"
                ],
                "count": 1
            },
            {
                "name": "white_check_mark",
                "users": [
                    "U01KNVDC9A6"
                ],
                "count": 1
            }
        ]
    },
    {
        "client_msg_id": "0fdc08af-452b-4ea0-b965-5ec08c3ae12e",
        "type": "message",
        "text": "Hello, I'm Evan. This is my 3rd year in the CS major and I'm interested to learn more about networks and utilize the material in some of my own projects!",
        "user": "U01LD8LHJSU",
        "ts": "1611679129.074000",
        "team": "T01KAU17684",
        "user_team": "T01KAU17684",
        "source_team": "T01KAU17684",
        "user_profile": {
            "avatar_hash": "g5bf6e023d9b",
            "image_72": "https:\/\/secure.gravatar.com\/avatar\/5bf6e023d9b4b5899554b88b4049f470.jpg?s=72&d=https%3A%2F%2Fa.slack-edge.com%2Fdf10d%2Fimg%2Favatars%2Fava_0023-72.png",
            "first_name": "",
            "real_name": "Evan Jacobs",
            "display_name": "Evan Jacobs",
            "team": "T01KAU17684",
            "name": "evan-jacobs",
            "is_restricted": false,
            "is_ultra_restricted": false
        },
        "blocks": [
            {
                "type": "rich_text",
                "block_id": "rb6PD",
                "elements": [
                    {
                        "type": "rich_text_section",
                        "elements": [
                            {
                                "type": "text",
                                "text": "Hello, I'm Evan. This is my 3rd year in the CS major and I'm interested to learn more about networks and utilize the material in some of my own projects!"
                            }
                        ]
                    }
                ]
            }
        ],
        "reactions": [
            {
                "name": "wave",
                "users": [
                    "U01JY0C0BQE"
                ],
                "count": 1
            }
        ]
    },
    {
        "client_msg_id": "b77b0306-48c6-4087-9713-f6c4c5e63da0",
        "type": "message",
        "text": "Hi everyone! I am Adnan Ahmed, a PhD Student in Computer Science here. I'll be the TA for the 3640 this semester. My area of research in the past has spanned network performance and content (video) delivery across Content Delivery Networks (CDNs). These days I am working on the area of web performance (i.e. improving page load times whenever you visit websites), and looking into the impact of web advertisements on page load times and how we can improve advertisements across the web (still exploring ideas in this space). Other than work, I love music, travelling (not so much these days), amateur photography, cooking (sometimes), and playing video games (a lot of em these days).\nI look forward to knowing you guys and having a productive and fun learning\/teaching experience. Please feel free to reach out with any questions regarding the course or otherwise and I will hopefully help you out to the best of my abilities. Hope you guys have a great semester ahead. All the best!!! :smile:",
        "user": "U01LC2YQ2V6",
        "ts": "1611681456.084800",
        "team": "T01KAU17684",
        "user_team": "T01KAU17684",
        "source_team": "T01KAU17684",
        "user_profile": {
            "avatar_hash": "g5aefd6bd660",
            "image_72": "https:\/\/secure.gravatar.com\/avatar\/5aefd6bd660d1ac185f11f45f20a389a.jpg?s=72&d=https%3A%2F%2Fa.slack-edge.com%2Fdf10d%2Fimg%2Favatars%2Fava_0001-72.png",
            "first_name": "",
            "real_name": "Adnan Ahmed",
            "display_name": "Adnan Ahmed",
            "team": "T01KAU17684",
            "name": "adnan-ahmed",
            "is_restricted": false,
            "is_ultra_restricted": false
        },
        "blocks": [
            {
                "type": "rich_text",
                "block_id": "6tDC",
                "elements": [
                    {
                        "type": "rich_text_section",
                        "elements": [
                            {
                                "type": "text",
                                "text": "Hi everyone! I am Adnan Ahmed, a PhD Student in Computer Science here. I'll be the TA for the 3640 this semester. My area of research in the past has spanned network performance and content (video) delivery across Content Delivery Networks (CDNs). These days I am working on the area of web performance (i.e. improving page load times whenever you visit websites), and looking into the impact of web advertisements on page load times and how we can improve advertisements across the web (still exploring ideas in this space). Other than work, I love music, travelling (not so much these days), amateur photography, cooking (sometimes), and playing video games (a lot of em these days).\nI look forward to knowing you guys and having a productive and fun learning\/teaching experience. Please feel free to reach out with any questions regarding the course or otherwise and I will hopefully help you out to the best of my abilities. Hope you guys have a great semester ahead. All the best!!! "
                            },
                            {
                                "type": "emoji",
                                "name": "smile"
                            }
                        ]
                    }
                ]
            }
        ],
        "thread_ts": "1611681456.084800",
        "reply_count": 1,
        "reply_users_count": 1,
        "latest_reply": "1611682740.085100",
        "reply_users": [
            "U01JY0C0BQE"
        ],
        "replies": [
            {
                "user": "U01JY0C0BQE",
                "ts": "1611682740.085100"
            }
        ],
        "is_locked": false,
        "subscribed": true,
        "last_read": "1611682740.085100",
        "reactions": [
            {
                "name": "+1",
                "users": [
                    "U01JY0C0BQE",
                    "U01KGHG0WFQ",
                    "U01KNVDC9A6"
                ],
                "count": 3
            }
        ]
    },
    {
        "type": "message",
        "subtype": "channel_join",
        "ts": "1611681532.085000",
        "user": "U01L3HCTE3E",
        "text": "<@U01L3HCTE3E> has joined the channel"
    },
    {
        "client_msg_id": "2ab949e7-81ea-4f2c-a1df-eb17f7e653ac",
        "type": "message",
        "text": "Welcome again, <@U01LC2YQ2V6> We're lucky to have you as our TA.",
        "user": "U01JY0C0BQE",
        "ts": "1611682740.085100",
        "team": "T01KAU17684",
        "user_team": "T01KAU17684",
        "source_team": "T01KAU17684",
        "user_profile": {
            "avatar_hash": "7f8fd75b6a60",
            "image_72": "https:\/\/avatars.slack-edge.com\/2021-01-19\/1674790159632_7f8fd75b6a60270f0c59_72.jpg",
            "first_name": "Supreeth",
            "real_name": "Supreeth Shastri",
            "display_name": "Shastri",
            "team": "T01KAU17684",
            "name": "supreeth-shastri",
            "is_restricted": false,
            "is_ultra_restricted": false
        },
        "blocks": [
            {
                "type": "rich_text",
                "block_id": "iA1",
                "elements": [
                    {
                        "type": "rich_text_section",
                        "elements": [
                            {
                                "type": "text",
                                "text": "Welcome again, "
                            },
                            {
                                "type": "user",
                                "user_id": "U01LC2YQ2V6"
                            },
                            {
                                "type": "text",
                                "text": " We're lucky to have you as our TA."
                            }
                        ]
                    }
                ]
            }
        ],
        "thread_ts": "1611681456.084800",
        "parent_user_id": "U01LC2YQ2V6",
        "reactions": [
            {
                "name": "wave",
                "users": [
                    "U01LC2YQ2V6"
                ],
                "count": 1
            }
        ]
    },
    {
        "type": "message",
        "text": "Hello folks -- I got an email about the ICON direct program. Office of teaching has implemented a student choice program, whereby you can opt out of ICON direct (and arrange for buying the textbook your own way). I've been asked to remind y'all that the deadline for opt-out is Feb-5, 2021. I'm attaching the procedure in case you're interested.",
        "files": [
            {
                "id": "F01KXPKE67M",
                "created": 1611683551,
                "timestamp": 1611683551,
                "name": "OptOutSpr21.pdf",
                "title": "OptOutSpr21.pdf",
                "mimetype": "application\/pdf",
                "filetype": "pdf",
                "pretty_type": "PDF",
                "user": "U01JY0C0BQE",
                "editable": false,
                "size": 241012,
                "mode": "hosted",
                "is_external": false,
                "external_type": "",
                "is_public": true,
                "public_url_shared": false,
                "display_as_bot": false,
                "username": "",
                "url_private": "https:\/\/files.slack.com\/files-pri\/T01KAU17684-F01KXPKE67M\/optoutspr21.pdf?t=xoxe-1656953244276-2146681651939-2131697800023-f59907734a4eb315a375bfb8ffbeaa5f",
                "url_private_download": "https:\/\/files.slack.com\/files-pri\/T01KAU17684-F01KXPKE67M\/download\/optoutspr21.pdf?t=xoxe-1656953244276-2146681651939-2131697800023-f59907734a4eb315a375bfb8ffbeaa5f",
                "thumb_pdf": "https:\/\/files.slack.com\/files-tmb\/T01KAU17684-F01KXPKE67M-1c0a76fa2d\/optoutspr21_thumb_pdf.png?t=xoxe-1656953244276-2146681651939-2131697800023-f59907734a4eb315a375bfb8ffbeaa5f",
                "thumb_pdf_w": 935,
                "thumb_pdf_h": 1210,
                "permalink": "https:\/\/ui-cs3640-spring21.slack.com\/files\/U01JY0C0BQE\/F01KXPKE67M\/optoutspr21.pdf",
                "permalink_public": "https:\/\/slack-files.com\/T01KAU17684-F01KXPKE67M-5752df993f",
                "is_starred": false,
                "has_rich_preview": false
            }
        ],
        "upload": false,
        "blocks": [
            {
                "type": "rich_text",
                "block_id": "Kuy",
                "elements": [
                    {
                        "type": "rich_text_section",
                        "elements": [
                            {
                                "type": "text",
                                "text": "Hello folks -- I got an email about the ICON direct program. Office of teaching has implemented a student choice program, whereby you can opt out of ICON direct (and arrange for buying the textbook your own way). I've been asked to remind y'all that the deadline for opt-out is Feb-5, 2021. I'm attaching the procedure in case you're interested."
                            }
                        ]
                    }
                ]
            }
        ],
        "user": "U01JY0C0BQE",
        "display_as_bot": false,
        "ts": "1611683556.087500",
        "edited": {
            "user": "U01JY0C0BQE",
            "ts": "1611683590.000000"
        }
    },
    {
        "client_msg_id": "93ea4a93-55ee-4e71-be0d-fa6a3aaca7b9",
        "type": "message",
        "text": "Hi, I'm Scott. I am a third year CS student and interested in leaning more about how networks work",
        "user": "U01KYM6L14L",
        "ts": "1611684303.088800",
        "team": "T01KAU17684",
        "user_team": "T01KAU17684",
        "source_team": "T01KAU17684",
        "user_profile": {
            "avatar_hash": "g66192ada331",
            "image_72": "https:\/\/secure.gravatar.com\/avatar\/66192ada3313aa9c6f233dd6a295c3fb.jpg?s=72&d=https%3A%2F%2Fa.slack-edge.com%2Fdf10d%2Fimg%2Favatars%2Fava_0000-72.png",
            "first_name": "",
            "real_name": "Scott Schafer",
            "display_name": "Scott Schafer",
            "team": "T01KAU17684",
            "name": "scott-schafer",
            "is_restricted": false,
            "is_ultra_restricted": false
        },
        "blocks": [
            {
                "type": "rich_text",
                "block_id": "4k\/yl",
                "elements": [
                    {
                        "type": "rich_text_section",
                        "elements": [
                            {
                                "type": "text",
                                "text": "Hi, I'm Scott. I am a third year CS student and interested in leaning more about how networks work"
                            }
                        ]
                    }
                ]
            }
        ],
        "reactions": [
            {
                "name": "wave",
                "users": [
                    "U01JY0C0BQE"
                ],
                "count": 1
            }
        ]
    },
    {
        "type": "message",
        "subtype": "channel_join",
        "ts": "1611687133.089100",
        "user": "U01KH3A6S79",
        "text": "<@U01KH3A6S79> has joined the channel"
    },
    {
        "client_msg_id": "cd140113-48e6-4e95-a641-abcc518aa2fb",
        "type": "message",
        "text": "Hi everyone, I’m Josh. I’m a third-year CS major. Recently I’ve been interested in web development. I don’t really know much about networks yet, so I’m looking forward to learning about them.",
        "user": "U01KH3A6S79",
        "ts": "1611688012.091000",
        "team": "T01KAU17684",
        "user_team": "T01KAU17684",
        "source_team": "T01KAU17684",
        "user_profile": {
            "avatar_hash": "g0b6912d6b1b",
            "image_72": "https:\/\/secure.gravatar.com\/avatar\/0b6912d6b1b76506e640d9af60e174e4.jpg?s=72&d=https%3A%2F%2Fa.slack-edge.com%2Fdf10d%2Fimg%2Favatars%2Fava_0018-72.png",
            "first_name": "",
            "real_name": "Joshua Burbidge",
            "display_name": "Joshua Burbidge",
            "team": "T01KAU17684",
            "name": "joshua-burbidge",
            "is_restricted": false,
            "is_ultra_restricted": false
        },
        "blocks": [
            {
                "type": "rich_text",
                "block_id": "M0as1",
                "elements": [
                    {
                        "type": "rich_text_section",
                        "elements": [
                            {
                                "type": "text",
                                "text": "Hi everyone, I’m Josh. I’m a third-year CS major. Recently I’ve been interested in web development. I don’t really know much about networks yet, so I’m looking forward to learning about them."
                            }
                        ]
                    }
                ]
            }
        ],
        "reactions": [
            {
                "name": "wave",
                "users": [
                    "U01JY0C0BQE"
                ],
                "count": 1
            }
        ]
    },
    {
        "type": "message",
        "subtype": "channel_join",
        "ts": "1611692606.091500",
        "user": "U01KV6EJQ05",
        "text": "<@U01KV6EJQ05> has joined the channel"
    },
    {
        "client_msg_id": "5c0d1358-8667-4e9c-8598-d0f19c4e1bc6",
        "type": "message",
        "text": ":wave: Hi everyone! I'm Het. I'm a third year CS major. I am really interested with networking application because in future, I really want to do something related with cybersecurity. In order to do that, I feel like it is important to learn about networking and I am looking forward to learn about that in this class.",
        "user": "U01KV6EJQ05",
        "ts": "1611692766.093300",
        "team": "T01KAU17684",
        "user_team": "T01KAU17684",
        "source_team": "T01KAU17684",
        "user_profile": {
            "avatar_hash": "g366e217d70c",
            "image_72": "https:\/\/secure.gravatar.com\/avatar\/366e217d70c258d8c75b3adcf1224715.jpg?s=72&d=https%3A%2F%2Fa.slack-edge.com%2Fdf10d%2Fimg%2Favatars%2Fava_0020-72.png",
            "first_name": "",
            "real_name": "Het Patel",
            "display_name": "Het Patel",
            "team": "T01KAU17684",
            "name": "het-patel",
            "is_restricted": false,
            "is_ultra_restricted": false
        },
        "blocks": [
            {
                "type": "rich_text",
                "block_id": "wKRc",
                "elements": [
                    {
                        "type": "rich_text_section",
                        "elements": [
                            {
                                "type": "emoji",
                                "name": "wave"
                            },
                            {
                                "type": "text",
                                "text": " Hi everyone! I'm Het. I'm a third year CS major. I am really interested with networking application because in future, I really want to do something related with cybersecurity. In order to do that, I feel like it is important to learn about networking and I am looking forward to learn about that in this class."
                            }
                        ]
                    }
                ]
            }
        ],
        "reactions": [
            {
                "name": "+1",
                "users": [
                    "U01JY0C0BQE"
                ],
                "count": 1
            }
        ]
    },
    {
        "type": "message",
        "subtype": "channel_join",
        "ts": "1611695732.093600",
        "user": "U01KHNCHS9M",
        "text": "<@U01KHNCHS9M> has joined the channel"
    },
    {
        "client_msg_id": "1da5a7b3-78ab-4b50-a3e5-bc8aa8e05131",
        "type": "message",
        "text": "Hello, I'm Kacie. I'm a Senior CS major. My main focus is networking as well as TCP\/IP and subnetting. I find those topics unusually fun. I plan on going into the field of cyber security or network administration. So I am really excited for the content of this course.",
        "user": "U01KHNCHS9M",
        "ts": "1611695907.095500",
        "team": "T01KAU17684",
        "user_team": "T01KAU17684",
        "source_team": "T01KAU17684",
        "user_profile": {
            "avatar_hash": "g958b78e1aae",
            "image_72": "https:\/\/secure.gravatar.com\/avatar\/958b78e1aae9e7c395905127ea4cf7c6.jpg?s=72&d=https%3A%2F%2Fa.slack-edge.com%2Fdf10d%2Fimg%2Favatars%2Fava_0013-72.png",
            "first_name": "",
            "real_name": "Kacie Varner",
            "display_name": "Kacie Varner",
            "team": "T01KAU17684",
            "name": "kacie-varner",
            "is_restricted": false,
            "is_ultra_restricted": false
        },
        "blocks": [
            {
                "type": "rich_text",
                "block_id": "2XZ1",
                "elements": [
                    {
                        "type": "rich_text_section",
                        "elements": [
                            {
                                "type": "text",
                                "text": "Hello, I'm Kacie. I'm a Senior CS major. My main focus is networking as well as TCP\/IP and subnetting. I find those topics unusually fun. I plan on going into the field of cyber security or network administration. So I am really excited for the content of this course."
                            }
                        ]
                    }
                ]
            }
        ],
        "reactions": [
            {
                "name": "raised_hands",
                "users": [
                    "U01JY0C0BQE"
                ],
                "count": 1
            }
        ]
    },
    {
        "type": "message",
        "subtype": "channel_join",
        "ts": "1611696276.095700",
        "user": "U01LB5VPDQ9",
        "text": "<@U01LB5VPDQ9> has joined the channel"
    },
    {
        "client_msg_id": "3a6b1fa4-78b8-4bff-ad48-32757262e558",
        "type": "message",
        "text": "Hi everyone! My name is Tiffanie, and I am completing my last semester as a computer science major. I currently work as a project management intern at a healthcare tech company and a student business analyst\/developer at UI. I'm looking forward to learning more about networking!",
        "user": "U01LB5VPDQ9",
        "ts": "1611696571.097500",
        "team": "T01KAU17684",
        "user_team": "T01KAU17684",
        "source_team": "T01KAU17684",
        "user_profile": {
            "avatar_hash": "ga4dd484ad32",
            "image_72": "https:\/\/secure.gravatar.com\/avatar\/a4dd484ad324e4414735fafd42d0bbf8.jpg?s=72&d=https%3A%2F%2Fa.slack-edge.com%2Fdf10d%2Fimg%2Favatars%2Fava_0000-72.png",
            "first_name": "",
            "real_name": "Tiffanie Duong",
            "display_name": "Tiffanie Duong",
            "team": "T01KAU17684",
            "name": "tiffanie-duong",
            "is_restricted": false,
            "is_ultra_restricted": false
        },
        "blocks": [
            {
                "type": "rich_text",
                "block_id": "wex5",
                "elements": [
                    {
                        "type": "rich_text_section",
                        "elements": [
                            {
                                "type": "text",
                                "text": "Hi everyone! My name is Tiffanie, and I am completing my last semester as a computer science major. I currently work as a project management intern at a healthcare tech company and a student business analyst\/developer at UI. I'm looking forward to learning more about networking!"
                            }
                        ]
                    }
                ]
            }
        ],
        "reactions": [
            {
                "name": "clap",
                "users": [
                    "U01JY0C0BQE"
                ],
                "count": 1
            }
        ]
    },
    {
        "type": "message",
        "subtype": "channel_join",
        "ts": "1611696714.097700",
        "user": "U01KRQAUNF8",
        "text": "<@U01KRQAUNF8> has joined the channel"
    },
    {
        "type": "message",
        "subtype": "channel_join",
        "ts": "1611696821.098900",
        "user": "U01KYHZ04AE",
        "text": "<@U01KYHZ04AE> has joined the channel"
    },
    {
        "client_msg_id": "7f922b88-cbbc-4814-9fbf-46da843ed080",
        "type": "message",
        "text": "Hello Everybody, I am Alex Sottos. I am a senior Computer Science student. I don't have any Network experience, so I am looking forward to learn a new skill this semester!",
        "user": "U01KRQAUNF8",
        "ts": "1611696831.099000",
        "team": "T01KAU17684",
        "user_team": "T01KAU17684",
        "source_team": "T01KAU17684",
        "user_profile": {
            "avatar_hash": "ged04855051c",
            "image_72": "https:\/\/secure.gravatar.com\/avatar\/ed04855051c5520a3c342cc5edf44b27.jpg?s=72&d=https%3A%2F%2Fa.slack-edge.com%2Fdf10d%2Fimg%2Favatars%2Fava_0007-72.png",
            "first_name": "",
            "real_name": "Alex Sottos",
            "display_name": "Alex Sottos",
            "team": "T01KAU17684",
            "name": "alexander-sottos",
            "is_restricted": false,
            "is_ultra_restricted": false
        },
        "blocks": [
            {
                "type": "rich_text",
                "block_id": "BQl",
                "elements": [
                    {
                        "type": "rich_text_section",
                        "elements": [
                            {
                                "type": "text",
                                "text": "Hello Everybody, I am Alex Sottos. I am a senior Computer Science student. I don't have any Network experience, so I am looking forward to learn a new skill this semester!"
                            }
                        ]
                    }
                ]
            }
        ],
        "reactions": [
            {
                "name": "+1",
                "users": [
                    "U01JY0C0BQE"
                ],
                "count": 1
            }
        ]
    },
    {
        "type": "message",
        "subtype": "channel_join",
        "ts": "1611697086.099200",
        "user": "U01KYJH7TK4",
        "text": "<@U01KYJH7TK4> has joined the channel"
    },
    {
        "type": "message",
        "subtype": "channel_join",
        "ts": "1611697165.099800",
        "user": "U01KYQQFBB5",
        "text": "<@U01KYQQFBB5> has joined the channel"
    },
    {
        "client_msg_id": "f6f7e2f6-89f0-440d-84cb-74a0963e18a0",
        "type": "message",
        "text": "Hello all! My name is Zach Wright, and I am a third-year studying math and computer science. I don't have any networking experience, so I am pumped to gain insight in this field of CS.",
        "user": "U01KYJH7TK4",
        "ts": "1611697225.100600",
        "team": "T01KAU17684",
        "user_team": "T01KAU17684",
        "source_team": "T01KAU17684",
        "user_profile": {
            "avatar_hash": "g2a3a5fb2d9c",
            "image_72": "https:\/\/secure.gravatar.com\/avatar\/2a3a5fb2d9c8238647303ff4265f1233.jpg?s=72&d=https%3A%2F%2Fa.slack-edge.com%2Fdf10d%2Fimg%2Favatars%2Fava_0024-72.png",
            "first_name": "",
            "real_name": "Zach Wright",
            "display_name": "Zach Wright",
            "team": "T01KAU17684",
            "name": "zachary-wright",
            "is_restricted": false,
            "is_ultra_restricted": false
        },
        "blocks": [
            {
                "type": "rich_text",
                "block_id": "JX\/cy",
                "elements": [
                    {
                        "type": "rich_text_section",
                        "elements": [
                            {
                                "type": "text",
                                "text": "Hello all! My name is Zach Wright, and I am a third-year studying math and computer science. I don't have any networking experience, so I am pumped to gain insight in this field of CS."
                            }
                        ]
                    }
                ]
            }
        ],
        "reactions": [
            {
                "name": "wave",
                "users": [
                    "U01JY0C0BQE"
                ],
                "count": 1
            }
        ]
    },
    {
        "type": "message",
        "subtype": "channel_join",
        "ts": "1611697336.100800",
        "user": "U01KYK068US",
        "text": "<@U01KYK068US> has joined the channel"
    },
    {
        "client_msg_id": "4F85C97E-3C22-461A-9B51-38DCE0AC831D",
        "type": "message",
        "text": "Hello! I am a senior cs student. No networking experience, so I’m looking forward to learning!",
        "user": "U01KVSHRX0C",
        "ts": "1611697509.102200",
        "team": "T01KAU17684",
        "user_team": "T01KAU17684",
        "source_team": "T01KAU17684",
        "user_profile": {
            "avatar_hash": "gd114d456b77",
            "image_72": "https:\/\/secure.gravatar.com\/avatar\/d114d456b775474618a88291db1001f1.jpg?s=72&d=https%3A%2F%2Fa.slack-edge.com%2Fdf10d%2Fimg%2Favatars%2Fava_0002-72.png",
            "first_name": "",
            "real_name": "Justin LeDuc",
            "display_name": "",
            "team": "T01KAU17684",
            "name": "justin-leduc",
            "is_restricted": false,
            "is_ultra_restricted": false
        },
        "blocks": [
            {
                "type": "rich_text",
                "block_id": "5e3w",
                "elements": [
                    {
                        "type": "rich_text_section",
                        "elements": [
                            {
                                "type": "text",
                                "text": "Hello! I am a senior cs student. No networking experience, so I’m looking forward to learning!"
                            }
                        ]
                    }
                ]
            }
        ],
        "reactions": [
            {
                "name": "wave",
                "users": [
                    "U01JY0C0BQE"
                ],
                "count": 1
            }
        ]
    },
    {
        "type": "message",
        "subtype": "channel_join",
        "ts": "1611697931.104600",
        "user": "U01KHSUQCCF",
        "text": "<@U01KHSUQCCF> has joined the channel"
    },
    {
        "client_msg_id": "061febf6-d2b4-40a5-af19-cd7ff64feff5",
        "type": "message",
        "text": "Hello, everyone, my name is Chengxin, and I am a junior student. Network is a amazing and mysterious thing for me, so i am hoping i can learn lots of knowledge about network",
        "user": "U01KYK068US",
        "ts": "1611698038.105600",
        "team": "T01KAU17684",
        "user_team": "T01KAU17684",
        "source_team": "T01KAU17684",
        "user_profile": {
            "avatar_hash": "gd2621f50618",
            "image_72": "https:\/\/secure.gravatar.com\/avatar\/d2621f50618ce3944341be678a751a30.jpg?s=72&d=https%3A%2F%2Fa.slack-edge.com%2Fdf10d%2Fimg%2Favatars%2Fava_0002-72.png",
            "first_name": "",
            "real_name": "Chengxin Wu",
            "display_name": "Chengxin Wu",
            "team": "T01KAU17684",
            "name": "chengxin-wu",
            "is_restricted": false,
            "is_ultra_restricted": false
        },
        "blocks": [
            {
                "type": "rich_text",
                "block_id": "Fx1",
                "elements": [
                    {
                        "type": "rich_text_section",
                        "elements": [
                            {
                                "type": "text",
                                "text": "Hello, everyone, my name is Chengxin, and I am a junior student. Network is a amazing and mysterious thing for me, so i am hoping i can learn lots of knowledge about network"
                            }
                        ]
                    }
                ]
            }
        ],
        "reactions": [
            {
                "name": "eyes",
                "users": [
                    "U01JY0C0BQE"
                ],
                "count": 1
            }
        ]
    },
    {
        "type": "message",
        "subtype": "channel_join",
        "ts": "1611700706.106600",
        "user": "U01LNLXR23A",
        "text": "<@U01LNLXR23A> has joined the channel"
    },
    {
        "type": "message",
        "subtype": "channel_join",
        "ts": "1611700709.106800",
        "user": "U01L510HY5S",
        "text": "<@U01L510HY5S> has joined the channel"
    },
    {
        "client_msg_id": "c7790bbf-466b-4043-a909-ffc20ef2d332",
        "type": "message",
        "text": "Hello, I am jackson, a third-year CS student, This is my first class focusing on networking.",
        "user": "U01L510HY5S",
        "ts": "1611700780.107700",
        "team": "T01KAU17684",
        "user_team": "T01KAU17684",
        "source_team": "T01KAU17684",
        "user_profile": {
            "avatar_hash": "gb13ddf19d97",
            "image_72": "https:\/\/secure.gravatar.com\/avatar\/b13ddf19d97e93c1473018799efd7ef0.jpg?s=72&d=https%3A%2F%2Fa.slack-edge.com%2Fdf10d%2Fimg%2Favatars%2Fava_0023-72.png",
            "first_name": "",
            "real_name": "Jackson",
            "display_name": "Jackson",
            "team": "T01KAU17684",
            "name": "rgdn",
            "is_restricted": false,
            "is_ultra_restricted": false
        },
        "blocks": [
            {
                "type": "rich_text",
                "block_id": "04O",
                "elements": [
                    {
                        "type": "rich_text_section",
                        "elements": [
                            {
                                "type": "text",
                                "text": "Hello, I am jackson, a third-year CS student, This is my first class focusing on networking."
                            }
                        ]
                    }
                ]
            }
        ],
        "reactions": [
            {
                "name": "wave",
                "users": [
                    "U01JY0C0BQE"
                ],
                "count": 1
            }
        ]
    },
    {
        "type": "message",
        "subtype": "channel_join",
        "ts": "1611700803.107900",
        "user": "U01L515VCSY",
        "text": "<@U01L515VCSY> has joined the channel"
    },
    {
        "type": "message",
        "subtype": "channel_join",
        "ts": "1611700811.108100",
        "user": "U01KZ2D4QJX",
        "text": "<@U01KZ2D4QJX> has joined the channel"
    },
    {
        "type": "message",
        "subtype": "channel_join",
        "ts": "1611700929.108300",
        "user": "U01KS33JYTY",
        "text": "<@U01KS33JYTY> has joined the channel"
    },
    {
        "client_msg_id": "ca4a9222-74e1-400b-a053-5e88617b4887",
        "type": "message",
        "text": "Hello, I'm Alec, and I'm a junior in the CS major, and this is my first time doing anything with networking",
        "user": "U01L515VCSY",
        "ts": "1611700996.110500",
        "team": "T01KAU17684",
        "user_team": "T01KAU17684",
        "source_team": "T01KAU17684",
        "user_profile": {
            "avatar_hash": "ge665d990479",
            "image_72": "https:\/\/secure.gravatar.com\/avatar\/e665d990479db78a5d04cf8c5348ea6b.jpg?s=72&d=https%3A%2F%2Fa.slack-edge.com%2Fdf10d%2Fimg%2Favatars%2Fava_0024-72.png",
            "first_name": "",
            "real_name": "Alec Morris",
            "display_name": "Alec Morris",
            "team": "T01KAU17684",
            "name": "amorris7",
            "is_restricted": false,
            "is_ultra_restricted": false
        },
        "blocks": [
            {
                "type": "rich_text",
                "block_id": "S5d",
                "elements": [
                    {
                        "type": "rich_text_section",
                        "elements": [
                            {
                                "type": "text",
                                "text": "Hello, I'm Alec, and I'm a junior in the CS major, and this is my first time doing anything with networking"
                            }
                        ]
                    }
                ]
            }
        ],
        "reactions": [
            {
                "name": "wave",
                "users": [
                    "U01JY0C0BQE"
                ],
                "count": 1
            }
        ]
    },
    {
        "client_msg_id": "ac28775f-b4c3-449a-b2c5-5d7bcd201efb",
        "type": "message",
        "text": "Hello all! My name is Zhaoyang Wang. I'm currently a senior student majoring in Computer Science (BS) and Mathematics (Program C). I have no previous background in the computer network but it seems a interesting topic to learn, that",
        "user": "U01KZ2D4QJX",
        "ts": "1611701287.111600",
        "team": "T01KAU17684",
        "user_team": "T01KAU17684",
        "source_team": "T01KAU17684",
        "user_profile": {
            "avatar_hash": "g96b80b795a4",
            "image_72": "https:\/\/secure.gravatar.com\/avatar\/96b80b795a4bb9bd34bd13cd7ea2a9e4.jpg?s=72&d=https%3A%2F%2Fa.slack-edge.com%2Fdf10d%2Fimg%2Favatars%2Fava_0020-72.png",
            "first_name": "",
            "real_name": "Zhaoyang Wang",
            "display_name": "Zhaoyang Wang",
            "team": "T01KAU17684",
            "name": "zhaoywang",
            "is_restricted": false,
            "is_ultra_restricted": false
        },
        "blocks": [
            {
                "type": "rich_text",
                "block_id": "1aA",
                "elements": [
                    {
                        "type": "rich_text_section",
                        "elements": [
                            {
                                "type": "text",
                                "text": "Hello all! My name is Zhaoyang Wang. I'm currently a senior student majoring in Computer Science (BS) and Mathematics (Program C). I have no previous background in the computer network but it seems a interesting topic to learn, that"
                            }
                        ]
                    }
                ]
            }
        ]
    },
    {
        "client_msg_id": "9c35c799-f2a6-40e4-8605-c32e33e361e0",
        "type": "message",
        "text": "(continue from the previous message) that's the reason why I register for this course.",
        "user": "U01KZ2D4QJX",
        "ts": "1611701344.112700",
        "team": "T01KAU17684",
        "user_team": "T01KAU17684",
        "source_team": "T01KAU17684",
        "user_profile": {
            "avatar_hash": "g96b80b795a4",
            "image_72": "https:\/\/secure.gravatar.com\/avatar\/96b80b795a4bb9bd34bd13cd7ea2a9e4.jpg?s=72&d=https%3A%2F%2Fa.slack-edge.com%2Fdf10d%2Fimg%2Favatars%2Fava_0020-72.png",
            "first_name": "",
            "real_name": "Zhaoyang Wang",
            "display_name": "Zhaoyang Wang",
            "team": "T01KAU17684",
            "name": "zhaoywang",
            "is_restricted": false,
            "is_ultra_restricted": false
        },
        "edited": {
            "user": "U01KZ2D4QJX",
            "ts": "1611701386.000000"
        },
        "blocks": [
            {
                "type": "rich_text",
                "block_id": "OxU",
                "elements": [
                    {
                        "type": "rich_text_section",
                        "elements": [
                            {
                                "type": "text",
                                "text": "(continue from the previous message) that's the reason why I register for this course."
                            }
                        ]
                    }
                ]
            }
        ],
        "reactions": [
            {
                "name": "wave",
                "users": [
                    "U01JY0C0BQE"
                ],
                "count": 1
            },
            {
                "name": "raised_hands",
                "users": [
                    "U01KNVDC9A6"
                ],
                "count": 1
            }
        ]
    },
    {
        "client_msg_id": "a87a307d-b4f3-4786-91e9-2b2443acccbb",
        "type": "message",
        "text": "Hello everyone my name is Parijat Tripathi. I am currently a senior studying Computer Science and Chemistry. I have no experience with networks, however, I look forward to the content in this course!",
        "user": "U01LNLXR23A",
        "ts": "1611701427.113800",
        "team": "T01KAU17684",
        "user_team": "T01KAU17684",
        "source_team": "T01KAU17684",
        "user_profile": {
            "avatar_hash": "g82593b96e98",
            "image_72": "https:\/\/secure.gravatar.com\/avatar\/82593b96e98b57f7383b56e80b315c41.jpg?s=72&d=https%3A%2F%2Fa.slack-edge.com%2Fdf10d%2Fimg%2Favatars%2Fava_0019-72.png",
            "first_name": "",
            "real_name": "Parijat Tripathi",
            "display_name": "Parijat Tripathi",
            "team": "T01KAU17684",
            "name": "parijat-tripathi",
            "is_restricted": false,
            "is_ultra_restricted": false
        },
        "blocks": [
            {
                "type": "rich_text",
                "block_id": "Ywq6s",
                "elements": [
                    {
                        "type": "rich_text_section",
                        "elements": [
                            {
                                "type": "text",
                                "text": "Hello everyone my name is Parijat Tripathi. I am currently a senior studying Computer Science and Chemistry. I have no experience with networks, however, I look forward to the content in this course!"
                            }
                        ]
                    }
                ]
            }
        ],
        "reactions": [
            {
                "name": "+1",
                "users": [
                    "U01JY0C0BQE"
                ],
                "count": 1
            }
        ]
    },
    {
        "type": "message",
        "subtype": "channel_join",
        "ts": "1611701740.114000",
        "user": "U01KYT8V3S6",
        "text": "<@U01KYT8V3S6> has joined the channel"
    },
    {
        "client_msg_id": "241f0faf-aeba-4e6f-9bc7-096596da1df0",
        "type": "message",
        "text": "Hello I am ZhangMingyuan, you can call me Vincent. I am a senior math and cs student. I have no experience in computer networking but it seems intriguing to learn.",
        "user": "U01KYT8V3S6",
        "ts": "1611701973.116500",
        "team": "T01KAU17684",
        "user_team": "T01KAU17684",
        "source_team": "T01KAU17684",
        "user_profile": {
            "avatar_hash": "gab396eafc65",
            "image_72": "https:\/\/secure.gravatar.com\/avatar\/ab396eafc6524d7cf042304b9b0f8145.jpg?s=72&d=https%3A%2F%2Fa.slack-edge.com%2Fdf10d%2Fimg%2Favatars%2Fava_0016-72.png",
            "first_name": "",
            "real_name": "mzhang56",
            "display_name": "mzhang56",
            "team": "T01KAU17684",
            "name": "mingyuan-zhang",
            "is_restricted": false,
            "is_ultra_restricted": false
        },
        "blocks": [
            {
                "type": "rich_text",
                "block_id": "i6gzY",
                "elements": [
                    {
                        "type": "rich_text_section",
                        "elements": [
                            {
                                "type": "text",
                                "text": "Hello I am ZhangMingyuan, you can call me Vincent. I am a senior math and cs student. I have no experience in computer networking but it seems intriguing to learn."
                            }
                        ]
                    }
                ]
            }
        ],
        "reactions": [
            {
                "name": "wave",
                "users": [
                    "U01JY0C0BQE"
                ],
                "count": 1
            }
        ]
    }
]