[
    {
        "client_msg_id": "b7d86311-1ef5-4d73-889f-4309661be40a",
        "type": "message",
        "text": "Quite a few folks reached out re Q2 in the quiz. TCP header size will be greater than UDP since TCP offers many more services in addition to reliable data transfer. For e.g., congestion control, flow control, connection establishment via handshake etc. So, all those would need extra header bits (irrespective of whether IP layer is reliable).",
        "user": "U01JY0C0BQE",
        "ts": "1615336742.001300",
        "team": "T01KAU17684",
        "user_team": "T01KAU17684",
        "source_team": "T01KAU17684",
        "user_profile": {
            "avatar_hash": "7f8fd75b6a60",
            "image_72": "https:\/\/avatars.slack-edge.com\/2021-01-19\/1674790159632_7f8fd75b6a60270f0c59_72.jpg",
            "first_name": "Supreeth",
            "real_name": "Supreeth Shastri",
            "display_name": "Shastri",
            "team": "T01KAU17684",
            "name": "supreeth-shastri",
            "is_restricted": false,
            "is_ultra_restricted": false
        },
        "blocks": [
            {
                "type": "rich_text",
                "block_id": "REG8y",
                "elements": [
                    {
                        "type": "rich_text_section",
                        "elements": [
                            {
                                "type": "text",
                                "text": "Quite a few folks reached out re Q2 in the quiz. TCP header size will be greater than UDP since TCP offers many more services in addition to reliable data transfer. For e.g., congestion control, flow control, connection establishment via handshake etc. So, all those would need extra header bits (irrespective of whether IP layer is reliable)."
                            }
                        ]
                    }
                ]
            }
        ]
    }
]