[
    {
        "client_msg_id": "07020ca6-62b3-4867-9d81-c56592ebd2a6",
        "type": "message",
        "text": "In the writing assignment A2, are our answers supposed to be completely unrelated to the internet?",
        "user": "U01KM5NRGJ2",
        "ts": "1613333337.184200",
        "team": "T01KAU17684",
        "user_team": "T01KAU17684",
        "source_team": "T01KAU17684",
        "user_profile": {
            "avatar_hash": "26f965f9da0e",
            "image_72": "https:\/\/avatars.slack-edge.com\/2021-01-25\/1673981909618_26f965f9da0ee6984b78_72.jpg",
            "first_name": "",
            "real_name": "Mitch Majure",
            "display_name": "Mitch Majure",
            "team": "T01KAU17684",
            "name": "mitchell-majure",
            "is_restricted": false,
            "is_ultra_restricted": false
        },
        "blocks": [
            {
                "type": "rich_text",
                "block_id": "x+nZm",
                "elements": [
                    {
                        "type": "rich_text_section",
                        "elements": [
                            {
                                "type": "text",
                                "text": "In the writing assignment A2, are our answers supposed to be completely unrelated to the internet?"
                            }
                        ]
                    }
                ]
            }
        ]
    },
    {
        "client_msg_id": "fdfb3525-9e20-4ef5-a788-e0d6c500c257",
        "type": "message",
        "text": "Hello Mitch -- good question (I got a few more of our friends asking the same question). In a nutshell, it doesn't have to be completely unrelated to the Internet. I just didn't want folks to write \"the Internet\" as the answer. So, reading section 5 of the paper will give some ideas to answer the question.",
        "user": "U01JY0C0BQE",
        "ts": "1613359849.186200",
        "team": "T01KAU17684",
        "user_team": "T01KAU17684",
        "source_team": "T01KAU17684",
        "user_profile": {
            "avatar_hash": "7f8fd75b6a60",
            "image_72": "https:\/\/avatars.slack-edge.com\/2021-01-19\/1674790159632_7f8fd75b6a60270f0c59_72.jpg",
            "first_name": "Supreeth",
            "real_name": "Supreeth Shastri",
            "display_name": "Shastri",
            "team": "T01KAU17684",
            "name": "supreeth-shastri",
            "is_restricted": false,
            "is_ultra_restricted": false
        },
        "blocks": [
            {
                "type": "rich_text",
                "block_id": "CWEVQ",
                "elements": [
                    {
                        "type": "rich_text_section",
                        "elements": [
                            {
                                "type": "text",
                                "text": "Hello Mitch -- good question (I got a few more of our friends asking the same question). In a nutshell, it doesn't have to be completely unrelated to the Internet. I just didn't want folks to write \"the Internet\" as the answer. So, reading section 5 of the paper will give some ideas to answer the question."
                            }
                        ]
                    }
                ]
            }
        ]
    }
]