[
    {
        "client_msg_id": "1fc698de-4d04-4cab-80bd-b0bbe77158e7",
        "type": "message",
        "text": "Dear class -- the first programming project is posted: <https:\/\/shastri.info\/teaching\/cs3640\/announcements.htm>",
        "user": "U01JY0C0BQE",
        "ts": "1614738292.007900",
        "team": "T01KAU17684",
        "user_team": "T01KAU17684",
        "source_team": "T01KAU17684",
        "user_profile": {
            "avatar_hash": "7f8fd75b6a60",
            "image_72": "https:\/\/avatars.slack-edge.com\/2021-01-19\/1674790159632_7f8fd75b6a60270f0c59_72.jpg",
            "first_name": "Supreeth",
            "real_name": "Supreeth Shastri",
            "display_name": "Shastri",
            "team": "T01KAU17684",
            "name": "supreeth-shastri",
            "is_restricted": false,
            "is_ultra_restricted": false
        },
        "blocks": [
            {
                "type": "rich_text",
                "block_id": "ivi4",
                "elements": [
                    {
                        "type": "rich_text_section",
                        "elements": [
                            {
                                "type": "text",
                                "text": "Dear class -- the first programming project is posted: "
                            },
                            {
                                "type": "link",
                                "url": "https:\/\/shastri.info\/teaching\/cs3640\/announcements.htm"
                            }
                        ]
                    }
                ]
            }
        ]
    }
]