[
    {
        "client_msg_id": "B9782FE2-BAA1-44F5-869D-0E5064066A13",
        "type": "message",
        "text": "Hello folks — am running a bit late. Will start my office hour at 11:10am.",
        "user": "U01JY0C0BQE",
        "ts": "1614791129.009000",
        "team": "T01KAU17684",
        "user_team": "T01KAU17684",
        "source_team": "T01KAU17684",
        "user_profile": {
            "avatar_hash": "7f8fd75b6a60",
            "image_72": "https:\/\/avatars.slack-edge.com\/2021-01-19\/1674790159632_7f8fd75b6a60270f0c59_72.jpg",
            "first_name": "Supreeth",
            "real_name": "Supreeth Shastri",
            "display_name": "Shastri",
            "team": "T01KAU17684",
            "name": "supreeth-shastri",
            "is_restricted": false,
            "is_ultra_restricted": false
        },
        "blocks": [
            {
                "type": "rich_text",
                "block_id": "0e2LK",
                "elements": [
                    {
                        "type": "rich_text_section",
                        "elements": [
                            {
                                "type": "text",
                                "text": "Hello folks — am running a bit late. Will start my office hour at 11:10am."
                            }
                        ]
                    }
                ]
            }
        ]
    }
]