[
    {
        "client_msg_id": "3303d19d-51ab-4e09-a8f0-7fc872639369",
        "type": "message",
        "text": "Morning, everyone! If anyone wants to chat with me or talk over zoom, I'm holding my office hours 11am to noon.",
        "user": "U01JY0C0BQE",
        "ts": "1611765363.118800",
        "team": "T01KAU17684",
        "user_team": "T01KAU17684",
        "source_team": "T01KAU17684",
        "user_profile": {
            "avatar_hash": "7f8fd75b6a60",
            "image_72": "https:\/\/avatars.slack-edge.com\/2021-01-19\/1674790159632_7f8fd75b6a60270f0c59_72.jpg",
            "first_name": "Supreeth",
            "real_name": "Supreeth Shastri",
            "display_name": "Shastri",
            "team": "T01KAU17684",
            "name": "supreeth-shastri",
            "is_restricted": false,
            "is_ultra_restricted": false
        },
        "blocks": [
            {
                "type": "rich_text",
                "block_id": "GBVgO",
                "elements": [
                    {
                        "type": "rich_text_section",
                        "elements": [
                            {
                                "type": "text",
                                "text": "Morning, everyone! If anyone wants to chat with me or talk over zoom, I'm holding my office hours 11am to noon."
                            }
                        ]
                    }
                ]
            }
        ]
    },
    {
        "client_msg_id": "ba867ce1-b9ee-4472-a8d7-dde19b3ed1e1",
        "type": "message",
        "text": "My zoom link: <https:\/\/uiowa.zoom.us\/my\/shastri>",
        "user": "U01JY0C0BQE",
        "ts": "1611765537.119100",
        "team": "T01KAU17684",
        "user_team": "T01KAU17684",
        "source_team": "T01KAU17684",
        "user_profile": {
            "avatar_hash": "7f8fd75b6a60",
            "image_72": "https:\/\/avatars.slack-edge.com\/2021-01-19\/1674790159632_7f8fd75b6a60270f0c59_72.jpg",
            "first_name": "Supreeth",
            "real_name": "Supreeth Shastri",
            "display_name": "Shastri",
            "team": "T01KAU17684",
            "name": "supreeth-shastri",
            "is_restricted": false,
            "is_ultra_restricted": false
        },
        "blocks": [
            {
                "type": "rich_text",
                "block_id": "b4J0",
                "elements": [
                    {
                        "type": "rich_text_section",
                        "elements": [
                            {
                                "type": "text",
                                "text": "My zoom link: "
                            },
                            {
                                "type": "link",
                                "url": "https:\/\/uiowa.zoom.us\/my\/shastri"
                            }
                        ]
                    }
                ]
            }
        ]
    },
    {
        "type": "message",
        "subtype": "channel_join",
        "ts": "1611777502.119400",
        "user": "U01KWCX67TQ",
        "text": "<@U01KWCX67TQ> has joined the channel"
    }
]