[
    {
        "client_msg_id": "03549a77-d6c0-46cc-828e-b079e216d9cf",
        "type": "message",
        "text": "<https:\/\/uiowa.zoom.us\/my\/adnan> Office hours",
        "user": "U01LC2YQ2V6",
        "ts": "1617998573.024200",
        "team": "T01KAU17684",
        "user_team": "T01KAU17684",
        "source_team": "T01KAU17684",
        "user_profile": {
            "avatar_hash": "g5aefd6bd660",
            "image_72": "https:\/\/secure.gravatar.com\/avatar\/5aefd6bd660d1ac185f11f45f20a389a.jpg?s=72&d=https%3A%2F%2Fa.slack-edge.com%2Fdf10d%2Fimg%2Favatars%2Fava_0001-72.png",
            "first_name": "",
            "real_name": "Adnan Ahmed",
            "display_name": "Adnan Ahmed",
            "team": "T01KAU17684",
            "name": "adnan-ahmed",
            "is_restricted": false,
            "is_ultra_restricted": false
        },
        "blocks": [
            {
                "type": "rich_text",
                "block_id": "zGVyD",
                "elements": [
                    {
                        "type": "rich_text_section",
                        "elements": [
                            {
                                "type": "link",
                                "url": "https:\/\/uiowa.zoom.us\/my\/adnan"
                            },
                            {
                                "type": "text",
                                "text": " Office hours"
                            }
                        ]
                    }
                ]
            }
        ]
    },
    {
        "client_msg_id": "4c7aa06b-e2cd-4e18-895e-ff71561ff653",
        "type": "message",
        "text": "Hi guys, grades for written-2 have been uploaded. I apologize for the delay. I had underestimated the variance in the number of answers which made it difficult to create a standardized grading rubric. That's why I had to go back and recheck assignments to grade everyone on a single rubric, thereby causing the delay.",
        "user": "U01LC2YQ2V6",
        "ts": "1618001096.024400",
        "team": "T01KAU17684",
        "user_team": "T01KAU17684",
        "source_team": "T01KAU17684",
        "user_profile": {
            "avatar_hash": "g5aefd6bd660",
            "image_72": "https:\/\/secure.gravatar.com\/avatar\/5aefd6bd660d1ac185f11f45f20a389a.jpg?s=72&d=https%3A%2F%2Fa.slack-edge.com%2Fdf10d%2Fimg%2Favatars%2Fava_0001-72.png",
            "first_name": "",
            "real_name": "Adnan Ahmed",
            "display_name": "Adnan Ahmed",
            "team": "T01KAU17684",
            "name": "adnan-ahmed",
            "is_restricted": false,
            "is_ultra_restricted": false
        },
        "edited": {
            "user": "U01LC2YQ2V6",
            "ts": "1618001163.000000"
        },
        "blocks": [
            {
                "type": "rich_text",
                "block_id": "w4l",
                "elements": [
                    {
                        "type": "rich_text_section",
                        "elements": [
                            {
                                "type": "text",
                                "text": "Hi guys, grades for written-2 have been uploaded. I apologize for the delay. I had underestimated the variance in the number of answers which made it difficult to create a standardized grading rubric. That's why I had to go back and recheck assignments to grade everyone on a single rubric, thereby causing the delay."
                            }
                        ]
                    }
                ]
            }
        ],
        "reactions": [
            {
                "name": "raised_hands",
                "users": [
                    "U01JY0C0BQE"
                ],
                "count": 1
            }
        ]
    },
    {
        "client_msg_id": "e6e46760-dc89-4290-8d74-b01b00a19d4a",
        "type": "message",
        "text": "Please check your grades and check your submission against the solution uploaded by the professor. In case something is amiss, please feel free to ping me on Slack or email and I will be more than happy to address your concerns.",
        "user": "U01LC2YQ2V6",
        "ts": "1618001213.025600",
        "team": "T01KAU17684",
        "user_team": "T01KAU17684",
        "source_team": "T01KAU17684",
        "user_profile": {
            "avatar_hash": "g5aefd6bd660",
            "image_72": "https:\/\/secure.gravatar.com\/avatar\/5aefd6bd660d1ac185f11f45f20a389a.jpg?s=72&d=https%3A%2F%2Fa.slack-edge.com%2Fdf10d%2Fimg%2Favatars%2Fava_0001-72.png",
            "first_name": "",
            "real_name": "Adnan Ahmed",
            "display_name": "Adnan Ahmed",
            "team": "T01KAU17684",
            "name": "adnan-ahmed",
            "is_restricted": false,
            "is_ultra_restricted": false
        },
        "blocks": [
            {
                "type": "rich_text",
                "block_id": "etw",
                "elements": [
                    {
                        "type": "rich_text_section",
                        "elements": [
                            {
                                "type": "text",
                                "text": "Please check your grades and check your submission against the solution uploaded by the professor. In case something is amiss, please feel free to ping me on Slack or email and I will be more than happy to address your concerns."
                            }
                        ]
                    }
                ]
            }
        ]
    },
    {
        "client_msg_id": "4b0ba092-7a59-4541-8d94-e27daf103d4b",
        "type": "message",
        "text": "I shall try to upload the grades for project-1 by tonight as well",
        "user": "U01LC2YQ2V6",
        "ts": "1618001225.026000",
        "team": "T01KAU17684",
        "user_team": "T01KAU17684",
        "source_team": "T01KAU17684",
        "user_profile": {
            "avatar_hash": "g5aefd6bd660",
            "image_72": "https:\/\/secure.gravatar.com\/avatar\/5aefd6bd660d1ac185f11f45f20a389a.jpg?s=72&d=https%3A%2F%2Fa.slack-edge.com%2Fdf10d%2Fimg%2Favatars%2Fava_0001-72.png",
            "first_name": "",
            "real_name": "Adnan Ahmed",
            "display_name": "Adnan Ahmed",
            "team": "T01KAU17684",
            "name": "adnan-ahmed",
            "is_restricted": false,
            "is_ultra_restricted": false
        },
        "blocks": [
            {
                "type": "rich_text",
                "block_id": "wxh",
                "elements": [
                    {
                        "type": "rich_text_section",
                        "elements": [
                            {
                                "type": "text",
                                "text": "I shall try to upload the grades for project-1 by tonight as well"
                            }
                        ]
                    }
                ]
            }
        ]
    }
]