[
    {
        "client_msg_id": "19a28823-339d-4c22-a5b0-0e3c580de528",
        "type": "message",
        "text": "Hello class -- here is the link on Netflix's CDN effort that I mentioned in the class: <https:\/\/openconnect.netflix.com\/en\/> This is only for those who would like to learn more about real-world CDN deployments and such. We won't have any assignment\/exam questions on this. So, no pressure.",
        "user": "U01JY0C0BQE",
        "ts": "1614187231.001400",
        "team": "T01KAU17684",
        "user_team": "T01KAU17684",
        "source_team": "T01KAU17684",
        "user_profile": {
            "avatar_hash": "7f8fd75b6a60",
            "image_72": "https:\/\/avatars.slack-edge.com\/2021-01-19\/1674790159632_7f8fd75b6a60270f0c59_72.jpg",
            "first_name": "Supreeth",
            "real_name": "Supreeth Shastri",
            "display_name": "Shastri",
            "team": "T01KAU17684",
            "name": "supreeth-shastri",
            "is_restricted": false,
            "is_ultra_restricted": false
        },
        "blocks": [
            {
                "type": "rich_text",
                "block_id": "LSbiI",
                "elements": [
                    {
                        "type": "rich_text_section",
                        "elements": [
                            {
                                "type": "text",
                                "text": "Hello class -- here is the link on Netflix's CDN effort that I mentioned in the class: "
                            },
                            {
                                "type": "link",
                                "url": "https:\/\/openconnect.netflix.com\/en\/"
                            },
                            {
                                "type": "text",
                                "text": " This is only for those who would like to learn more about real-world CDN deployments and such. We won't have any assignment\/exam questions on this. So, no pressure."
                            }
                        ]
                    }
                ]
            }
        ]
    }
]