[
    {
        "client_msg_id": "A6720880-6F60-4F66-8D0B-1127D16F4ABD",
        "type": "message",
        "text": "Will we be able to access feedback for our Written 1 assignment?",
        "user": "U01KNVDC9A6",
        "ts": "1614632549.005200",
        "team": "T01KAU17684",
        "user_team": "T01KAU17684",
        "source_team": "T01KAU17684",
        "user_profile": {
            "avatar_hash": "56c10b4857c1",
            "image_72": "https:\/\/avatars.slack-edge.com\/2021-01-23\/1675168091332_56c10b4857c1336660f7_72.png",
            "first_name": "Laura",
            "real_name": "Laura Flores",
            "display_name": "Laura Flores",
            "team": "T01KAU17684",
            "name": "laura-flores",
            "is_restricted": false,
            "is_ultra_restricted": false
        },
        "edited": {
            "user": "U01KNVDC9A6",
            "ts": "1614632579.000000"
        },
        "blocks": [
            {
                "type": "rich_text",
                "block_id": "Ht8",
                "elements": [
                    {
                        "type": "rich_text_section",
                        "elements": [
                            {
                                "type": "text",
                                "text": "Will we be able to access feedback for our Written 1 assignment?"
                            }
                        ]
                    }
                ]
            }
        ]
    },
    {
        "client_msg_id": "b23c21f2-4bb4-49b3-b056-0571e3a1637c",
        "type": "message",
        "text": "I tried to include information in the rubric for you to cross check your grades on a per item basis. You can use both the solution provided and the rubric grading to do this. Please feel free to reach out via email or slack DMs if you still have any questions.",
        "user": "U01LC2YQ2V6",
        "ts": "1614632652.007400",
        "team": "T01KAU17684",
        "user_team": "T01KAU17684",
        "source_team": "T01KAU17684",
        "user_profile": {
            "avatar_hash": "g5aefd6bd660",
            "image_72": "https:\/\/secure.gravatar.com\/avatar\/5aefd6bd660d1ac185f11f45f20a389a.jpg?s=72&d=https%3A%2F%2Fa.slack-edge.com%2Fdf10d%2Fimg%2Favatars%2Fava_0001-72.png",
            "first_name": "",
            "real_name": "Adnan Ahmed",
            "display_name": "Adnan Ahmed",
            "team": "T01KAU17684",
            "name": "adnan-ahmed",
            "is_restricted": false,
            "is_ultra_restricted": false
        },
        "blocks": [
            {
                "type": "rich_text",
                "block_id": "bs7",
                "elements": [
                    {
                        "type": "rich_text_section",
                        "elements": [
                            {
                                "type": "text",
                                "text": "I tried to include information in the rubric for you to cross check your grades on a per item basis. You can use both the solution provided and the rubric grading to do this. Please feel free to reach out via email or slack DMs if you still have any questions."
                            }
                        ]
                    }
                ]
            }
        ],
        "reactions": [
            {
                "name": "+1",
                "users": [
                    "U01KNVDC9A6"
                ],
                "count": 1
            }
        ]
    }
]