[
    {
        "client_msg_id": "765f4e7a-dd4e-4004-af6c-b1befa3b43eb",
        "type": "message",
        "text": "Hello everyone! Let me begin by introducing myself.\n\nI'm Supreeth Shastri, your instructor for 3640. I'm one of the new faculty who joined the department in fall 2020. My research interests lie in experimental computer science with a focus on systems and networking. Currently, I'm investigating the impact of data protection regulations like GDPR on computing systems (an area that I call, _legalizing personal data systems_).\n\nI'm a huge networking enthusiast and have spent 7 years building various networking systems (at Cisco, Columbia Univ., and the FAA). Interestingly enough, I'm also an academic grandchild of Jim Kurose (the author of our textbook), having been advised by a professor, who was his PhD graduate. Do ask me about all the back stories :slightly_smiling_face:\n\nAnyway, the world of networking is amazing... and I'm excited to be part of your networking journey. I look forward to knowing all of you in the coming days and weeks. Welcome folks!",
        "user": "U01JY0C0BQE",
        "ts": "1611491256.012500",
        "team": "T01KAU17684",
        "user_team": "T01KAU17684",
        "source_team": "T01KAU17684",
        "user_profile": {
            "avatar_hash": "7f8fd75b6a60",
            "image_72": "https:\/\/avatars.slack-edge.com\/2021-01-19\/1674790159632_7f8fd75b6a60270f0c59_72.jpg",
            "first_name": "Supreeth",
            "real_name": "Supreeth Shastri",
            "display_name": "Shastri",
            "team": "T01KAU17684",
            "name": "supreeth-shastri",
            "is_restricted": false,
            "is_ultra_restricted": false
        },
        "blocks": [
            {
                "type": "rich_text",
                "block_id": "aHT",
                "elements": [
                    {
                        "type": "rich_text_section",
                        "elements": [
                            {
                                "type": "text",
                                "text": "Hello everyone! Let me begin by introducing myself.\n\nI'm Supreeth Shastri, your instructor for 3640. I'm one of the new faculty who joined the department in fall 2020. My research interests lie in experimental computer science with a focus on systems and networking. Currently, I'm investigating the impact of data protection regulations like GDPR on computing systems (an area that I call, "
                            },
                            {
                                "type": "text",
                                "text": "legalizing personal data systems",
                                "style": {
                                    "italic": true
                                }
                            },
                            {
                                "type": "text",
                                "text": ").\n\nI'm a huge networking enthusiast and have spent 7 years building various networking systems (at Cisco, Columbia Univ., and the FAA). Interestingly enough, I'm also an academic grandchild of Jim Kurose (the author of our textbook), having been advised by a professor, who was his PhD graduate. Do ask me about all the back stories "
                            },
                            {
                                "type": "emoji",
                                "name": "slightly_smiling_face"
                            },
                            {
                                "type": "text",
                                "text": "\n\nAnyway, the world of networking is amazing... and I'm excited to be part of your networking journey. I look forward to knowing all of you in the coming days and weeks. Welcome folks!"
                            }
                        ]
                    }
                ]
            }
        ]
    },
    {
        "type": "message",
        "subtype": "channel_join",
        "ts": "1611497813.012700",
        "user": "U01KGHG0WFQ",
        "text": "<@U01KGHG0WFQ> has joined the channel"
    },
    {
        "type": "message",
        "subtype": "channel_join",
        "ts": "1611504241.017300",
        "user": "U01LD8LHJSU",
        "text": "<@U01LD8LHJSU> has joined the channel"
    },
    {
        "client_msg_id": "6C7C2753-179E-4A95-A52F-5CA0D2269AEB",
        "type": "message",
        "text": "Hi everyone! I’m Laura Flores, a fourth-year Computer Science major. \n\nI really enjoy making technology accessible for others, which is why I’m working as an undergrad research fellow right now on a project about making node-link diagrams more accessible for blind \/ visually impaired CS students. \n\nI’m also an English major, which has been really helpful in research when it comes to conducting literature reviews and streamlining a topic. \n\nAlthough this class is online, I’m excited to get to know you all! Looking forward to everyone’s responses. ",
        "user": "U01KNVDC9A6",
        "ts": "1611504256.017800",
        "team": "T01KAU17684",
        "user_team": "T01KAU17684",
        "source_team": "T01KAU17684",
        "user_profile": {
            "avatar_hash": "56c10b4857c1",
            "image_72": "https:\/\/avatars.slack-edge.com\/2021-01-23\/1675168091332_56c10b4857c1336660f7_72.png",
            "first_name": "Laura",
            "real_name": "Laura Flores",
            "display_name": "Laura Flores",
            "team": "T01KAU17684",
            "name": "laura-flores",
            "is_restricted": false,
            "is_ultra_restricted": false
        },
        "blocks": [
            {
                "type": "rich_text",
                "block_id": "1MD",
                "elements": [
                    {
                        "type": "rich_text_section",
                        "elements": [
                            {
                                "type": "text",
                                "text": "Hi everyone! I’m Laura Flores, a fourth-year Computer Science major. \n"
                            },
                            {
                                "type": "text",
                                "text": "\n"
                            },
                            {
                                "type": "text",
                                "text": "I really enjoy making technology accessible for others, which is why I’m working as an undergrad research fellow right now on a project about making node-link diagrams more accessible for blind \/ visually impaired CS students. \n"
                            },
                            {
                                "type": "text",
                                "text": "\nI’m also an English major, which has been really helpful in research when it comes to conducting literature reviews and streamlining a topic. \n\n"
                            },
                            {
                                "type": "text",
                                "text": "Although this class is online, I’m excited to get to know you all! Looking forward to everyone’s responses. "
                            }
                        ]
                    }
                ]
            }
        ],
        "reactions": [
            {
                "name": "wave",
                "users": [
                    "U01JY0C0BQE"
                ],
                "count": 1
            }
        ]
    },
    {
        "type": "message",
        "subtype": "channel_join",
        "ts": "1611508108.018000",
        "user": "U01K8MDR4R5",
        "text": "<@U01K8MDR4R5> has joined the channel"
    },
    {
        "client_msg_id": "bda4724c-ab34-4039-9f1e-ec816cb1cfbe",
        "type": "message",
        "text": "Hey all! My name is Ben Stone, and I am a third-year computer science and percussion performance major. I currently work in an internship to bring classroom materials to students at home through web apps, and I'm excited to gain a deeper understanding of these networks I have been using. Besides that, I am an avid reader and enjoy spending time with my cat, Gatsby. Looking forward to getting to know you all more!",
        "user": "U01K8MDR4R5",
        "ts": "1611508681.020900",
        "team": "T01KAU17684",
        "user_team": "T01KAU17684",
        "source_team": "T01KAU17684",
        "user_profile": {
            "avatar_hash": "c2a110fc1445",
            "image_72": "https:\/\/avatars.slack-edge.com\/2021-01-24\/1669711476611_c2a110fc1445e7bd3765_72.jpg",
            "first_name": "",
            "real_name": "Ben Stone",
            "display_name": "Ben Stone",
            "team": "T01KAU17684",
            "name": "benstone",
            "is_restricted": false,
            "is_ultra_restricted": false
        },
        "blocks": [
            {
                "type": "rich_text",
                "block_id": "OizZ",
                "elements": [
                    {
                        "type": "rich_text_section",
                        "elements": [
                            {
                                "type": "text",
                                "text": "Hey all! My name is Ben Stone, and I am a third-year computer science and percussion performance major. I currently work in an internship to bring classroom materials to students at home through web apps, and I'm excited to gain a deeper understanding of these networks I have been using. Besides that, I am an avid reader and enjoy spending time with my cat, Gatsby. Looking forward to getting to know you all more!"
                            }
                        ]
                    }
                ]
            }
        ],
        "reactions": [
            {
                "name": "wave",
                "users": [
                    "U01JY0C0BQE",
                    "U01KGHG0WFQ"
                ],
                "count": 2
            },
            {
                "name": "cat",
                "users": [
                    "U01KZ14T9AQ"
                ],
                "count": 1
            }
        ]
    },
    {
        "client_msg_id": "1568b9df-647c-4f48-bcfb-8390f3109d2f",
        "type": "message",
        "text": "Hello! I am Daniel Conway and  I am a fourth-year computer science and biochemistry major. I don't really have any knowledge about networks and how they work so I am hoping to learn a lot this semester in the class. I am also looking forwards to the mock technical interview and getting to know everyone a little bit more! (Even if only online)",
        "user": "U01KG64R9BQ",
        "ts": "1611509264.029100",
        "team": "T01KAU17684",
        "user_team": "T01KAU17684",
        "source_team": "T01KAU17684",
        "user_profile": {
            "avatar_hash": "g659108f335a",
            "image_72": "https:\/\/secure.gravatar.com\/avatar\/659108f335a56aec418b9612f9fa88fe.jpg?s=72&d=https%3A%2F%2Fa.slack-edge.com%2Fdf10d%2Fimg%2Favatars%2Fava_0015-72.png",
            "first_name": "",
            "real_name": "Daniel Conway",
            "display_name": "Daniel Conway",
            "team": "T01KAU17684",
            "name": "daniel-conway",
            "is_restricted": false,
            "is_ultra_restricted": false
        },
        "blocks": [
            {
                "type": "rich_text",
                "block_id": "I36p",
                "elements": [
                    {
                        "type": "rich_text_section",
                        "elements": [
                            {
                                "type": "text",
                                "text": "Hello! I am Daniel Conway and  I am a fourth-year computer science and biochemistry major. I don't really have any knowledge about networks and how they work so I am hoping to learn a lot this semester in the class. I am also looking forwards to the mock technical interview and getting to know everyone a little bit more! (Even if only online)"
                            }
                        ]
                    }
                ]
            }
        ],
        "reactions": [
            {
                "name": "clap",
                "users": [
                    "U01JY0C0BQE"
                ],
                "count": 1
            }
        ]
    },
    {
        "client_msg_id": "5F6A1E2E-2236-4C0A-B55C-D4D1B720ABBA",
        "type": "message",
        "text": "Hello everyone! As you can see, my name is Blake Espeland. I’m a third-year student majoring in computer science and mathematics.\n\nI’m interested in algorithms, autonomy, and machine learning. I’m currently building a startup that’s developing a smart herbicide sprayer that identifies weeds, categorizes them, then sprays them with the appropriate product.\n\nI look forward to learning more about networking while also networking with with this awesome network of people. ",
        "user": "U01KGHG0WFQ",
        "ts": "1611509475.030700",
        "team": "T01KAU17684",
        "user_team": "T01KAU17684",
        "source_team": "T01KAU17684",
        "user_profile": {
            "avatar_hash": "g4659cfcbbbf",
            "image_72": "https:\/\/secure.gravatar.com\/avatar\/4659cfcbbbff767c99b672aca9818727.jpg?s=72&d=https%3A%2F%2Fa.slack-edge.com%2Fdf10d%2Fimg%2Favatars%2Fava_0024-72.png",
            "first_name": "",
            "real_name": "Blake Espeland",
            "display_name": "Blake Espeland",
            "team": "T01KAU17684",
            "name": "blake-espeland",
            "is_restricted": false,
            "is_ultra_restricted": false
        },
        "blocks": [
            {
                "type": "rich_text",
                "block_id": "\/c5sG",
                "elements": [
                    {
                        "type": "rich_text_section",
                        "elements": [
                            {
                                "type": "text",
                                "text": "Hello everyone! As you can see, my name is Blake Espeland. I’m a third-year student majoring in computer science and mathematics.\n"
                            },
                            {
                                "type": "text",
                                "text": "\nI’m interested in algorithms, autonomy, and machine learning. I’m currently building a startup that’s developing a smart herbicide sprayer that identifies weeds, categorizes them, then sprays them with the appropriate product.\n\nI look forward to learning more about networking while also networking with with this awesome network of people. "
                            }
                        ]
                    }
                ]
            }
        ],
        "reactions": [
            {
                "name": "+1",
                "users": [
                    "U01JY0C0BQE"
                ],
                "count": 1
            },
            {
                "name": "100",
                "users": [
                    "U01KZ14T9AQ"
                ],
                "count": 1
            }
        ]
    },
    {
        "type": "message",
        "subtype": "channel_join",
        "ts": "1611511320.031200",
        "user": "U01LC2YQ2V6",
        "text": "<@U01LC2YQ2V6> has joined the channel"
    },
    {
        "client_msg_id": "c77c5b9f-edf2-4620-9603-7bc6e2f58799",
        "type": "message",
        "text": "Hey everyone, My name is Mitchell Hermon and I am a 2nd year student majoring in Computer Science, Mathematics, and Statistics.\n\nI really enjoy the intersection of math and programming and more specifically the use of machine learning in data analysis. I don’t know much about networks but am excited to learn more with all of you.",
        "user": "U01KV6MS6N8",
        "ts": "1611511721.035400",
        "team": "T01KAU17684",
        "user_team": "T01KAU17684",
        "source_team": "T01KAU17684",
        "user_profile": {
            "avatar_hash": "g7ee22b23e1d",
            "image_72": "https:\/\/secure.gravatar.com\/avatar\/7ee22b23e1d98d90a6c69aec03c491d7.jpg?s=72&d=https%3A%2F%2Fa.slack-edge.com%2Fdf10d%2Fimg%2Favatars%2Fava_0026-72.png",
            "first_name": "",
            "real_name": "Mitchell Hermon",
            "display_name": "Mitchell Hermon",
            "team": "T01KAU17684",
            "name": "mitchell-hermon",
            "is_restricted": false,
            "is_ultra_restricted": false
        },
        "blocks": [
            {
                "type": "rich_text",
                "block_id": "vmh+",
                "elements": [
                    {
                        "type": "rich_text_section",
                        "elements": [
                            {
                                "type": "text",
                                "text": "Hey everyone, My name is Mitchell Hermon and I am a 2nd year student majoring in Computer Science, Mathematics, and Statistics.\n\nI really enjoy the intersection of math and programming and more specifically the use of machine learning in data analysis. I don’t know much about networks but am excited to learn more with all of you."
                            }
                        ]
                    }
                ]
            }
        ],
        "reactions": [
            {
                "name": "+1",
                "users": [
                    "U01JY0C0BQE"
                ],
                "count": 1
            }
        ]
    },
    {
        "client_msg_id": "7037c406-00b2-4992-9ec3-5b7f0970c206",
        "type": "message",
        "text": "Hi all! I'm Noah Burroughs, a fourth-year CS major. I've been working at a health-tech startup in Iowa City for about a year as a software engineer which has been a blast. I look forward to meeting everyone and learning more about networking!",
        "user": "U01KG6YG79C",
        "ts": "1611511873.035600",
        "team": "T01KAU17684",
        "user_team": "T01KAU17684",
        "source_team": "T01KAU17684",
        "user_profile": {
            "avatar_hash": "gef4a9f06f5c",
            "image_72": "https:\/\/secure.gravatar.com\/avatar\/ef4a9f06f5c676bbc4128bea2f60cf91.jpg?s=72&d=https%3A%2F%2Fa.slack-edge.com%2Fdf10d%2Fimg%2Favatars%2Fava_0005-72.png",
            "first_name": "",
            "real_name": "Noah Burroughs",
            "display_name": "Noah Burroughs",
            "team": "T01KAU17684",
            "name": "nburroughs",
            "is_restricted": false,
            "is_ultra_restricted": false
        },
        "blocks": [
            {
                "type": "rich_text",
                "block_id": "1WLY+",
                "elements": [
                    {
                        "type": "rich_text_section",
                        "elements": [
                            {
                                "type": "text",
                                "text": "Hi all! I'm Noah Burroughs, a fourth-year CS major. I've been working at a health-tech startup in Iowa City for about a year as a software engineer which has been a blast. I look forward to meeting everyone and learning more about networking!"
                            }
                        ]
                    }
                ]
            }
        ],
        "reactions": [
            {
                "name": "wave",
                "users": [
                    "U01JY0C0BQE"
                ],
                "count": 1
            }
        ]
    },
    {
        "type": "message",
        "subtype": "channel_join",
        "ts": "1611525686.035800",
        "user": "U01KLJYLY8M",
        "text": "<@U01KLJYLY8M> has joined the channel"
    },
    {
        "client_msg_id": "6d55184d-c14f-454e-ad82-f6b49f7d86fc",
        "type": "message",
        "text": "Hello. I am Geoff Collins and a in my fourth year of the computer science major. I don't know anything about networks so I will learn a lot this semester!",
        "user": "U01KLJYLY8M",
        "ts": "1611525909.036800",
        "team": "T01KAU17684",
        "user_team": "T01KAU17684",
        "source_team": "T01KAU17684",
        "user_profile": {
            "avatar_hash": "geadc00db9e1",
            "image_72": "https:\/\/secure.gravatar.com\/avatar\/eadc00db9e1563eb02f4e91b1d9e5277.jpg?s=72&d=https%3A%2F%2Fa.slack-edge.com%2Fdf10d%2Fimg%2Favatars%2Fava_0006-72.png",
            "first_name": "",
            "real_name": "Geoff Collins",
            "display_name": "Geoff Collins",
            "team": "T01KAU17684",
            "name": "geoff-collins",
            "is_restricted": false,
            "is_ultra_restricted": false
        },
        "blocks": [
            {
                "type": "rich_text",
                "block_id": "S5mcr",
                "elements": [
                    {
                        "type": "rich_text_section",
                        "elements": [
                            {
                                "type": "text",
                                "text": "Hello. I am Geoff Collins and a in my fourth year of the computer science major. I don't know anything about networks so I will learn a lot this semester!"
                            }
                        ]
                    }
                ]
            }
        ],
        "reactions": [
            {
                "name": "+1",
                "users": [
                    "U01JY0C0BQE"
                ],
                "count": 1
            },
            {
                "name": "raised_hands",
                "users": [
                    "U01KG64R9BQ"
                ],
                "count": 1
            }
        ]
    },
    {
        "type": "message",
        "subtype": "channel_join",
        "ts": "1611526078.037000",
        "user": "U01KVSHRX0C",
        "text": "<@U01KVSHRX0C> has joined the channel"
    },
    {
        "type": "message",
        "subtype": "channel_join",
        "ts": "1611526242.037200",
        "user": "U01KGUALZ7G",
        "text": "<@U01KGUALZ7G> has joined the channel"
    },
    {
        "client_msg_id": "924ce37a-9fc7-4328-8f1e-f23cae696ba8",
        "type": "message",
        "text": "Hello everyone, my name is Shifali Malhotra! I am a fourth-year Computer Science major. I switched to Computer Science spring semester of my sophmore year so I am a little behind and have not had any internship or research experience yet. I hope to gain some this summer and am interested to learn about networks this semester.",
        "user": "U01KGUALZ7G",
        "ts": "1611526526.039400",
        "team": "T01KAU17684",
        "user_team": "T01KAU17684",
        "source_team": "T01KAU17684",
        "user_profile": {
            "avatar_hash": "g63c69afa2e8",
            "image_72": "https:\/\/secure.gravatar.com\/avatar\/63c69afa2e8cb8f07480f8cbbbf18435.jpg?s=72&d=https%3A%2F%2Fa.slack-edge.com%2Fdf10d%2Fimg%2Favatars%2Fava_0022-72.png",
            "first_name": "",
            "real_name": "Shifali Malhotra",
            "display_name": "Shifali Malhotra",
            "team": "T01KAU17684",
            "name": "shifali-malhotra",
            "is_restricted": false,
            "is_ultra_restricted": false
        },
        "blocks": [
            {
                "type": "rich_text",
                "block_id": "KCq",
                "elements": [
                    {
                        "type": "rich_text_section",
                        "elements": [
                            {
                                "type": "text",
                                "text": "Hello everyone, my name is Shifali Malhotra! I am a fourth-year Computer Science major. I switched to Computer Science spring semester of my sophmore year so I am a little behind and have not had any internship or research experience yet. I hope to gain some this summer and am interested to learn about networks this semester."
                            }
                        ]
                    }
                ]
            }
        ],
        "reactions": [
            {
                "name": "+1",
                "users": [
                    "U01KNVDC9A6"
                ],
                "count": 1
            },
            {
                "name": "wave",
                "users": [
                    "U01JY0C0BQE"
                ],
                "count": 1
            }
        ]
    },
    {
        "type": "message",
        "subtype": "channel_join",
        "ts": "1611538148.039700",
        "user": "U01K958UD2B",
        "text": "<@U01K958UD2B> has joined the channel"
    },
    {
        "client_msg_id": "26c872bf-7c63-4053-bcd6-11c170392500",
        "type": "message",
        "text": "Hello, I am Tyler Cruz. I am a third year CS major. I am excited to learn about networks this year.",
        "user": "U01K958UD2B",
        "ts": "1611538312.040700",
        "team": "T01KAU17684",
        "user_team": "T01KAU17684",
        "source_team": "T01KAU17684",
        "user_profile": {
            "avatar_hash": "ged846066c3a",
            "image_72": "https:\/\/secure.gravatar.com\/avatar\/ed846066c3aa31e80794774dbe0720e1.jpg?s=72&d=https%3A%2F%2Fa.slack-edge.com%2Fdf10d%2Fimg%2Favatars%2Fava_0018-72.png",
            "first_name": "",
            "real_name": "Tyler Cruz",
            "display_name": "Tyler Cruz",
            "team": "T01KAU17684",
            "name": "tyler-cruz",
            "is_restricted": false,
            "is_ultra_restricted": false
        },
        "blocks": [
            {
                "type": "rich_text",
                "block_id": "fOm",
                "elements": [
                    {
                        "type": "rich_text_section",
                        "elements": [
                            {
                                "type": "text",
                                "text": "Hello, I am Tyler Cruz. I am a third year CS major. I am excited to learn about networks this year."
                            }
                        ]
                    }
                ]
            }
        ],
        "reactions": [
            {
                "name": "+1",
                "users": [
                    "U01JY0C0BQE"
                ],
                "count": 1
            }
        ]
    },
    {
        "type": "message",
        "subtype": "channel_join",
        "ts": "1611538712.040900",
        "user": "U01K95NM79D",
        "text": "<@U01K95NM79D> has joined the channel"
    },
    {
        "client_msg_id": "953555f0-c5fb-436b-ae7a-e85dad7c1cc8",
        "type": "message",
        "text": "Hello. I am Cameron Wilson. I am a 3rd year CS major. I'm looking forward to learning about networks this semester.",
        "user": "U01K95NM79D",
        "ts": "1611539182.042700",
        "team": "T01KAU17684",
        "user_team": "T01KAU17684",
        "source_team": "T01KAU17684",
        "user_profile": {
            "avatar_hash": "g1655b20ff21",
            "image_72": "https:\/\/secure.gravatar.com\/avatar\/1655b20ff21d4452da0c1bce1cd05f93.jpg?s=72&d=https%3A%2F%2Fa.slack-edge.com%2Fdf10d%2Fimg%2Favatars%2Fava_0014-72.png",
            "first_name": "",
            "real_name": "Cameron Wilson",
            "display_name": "Cameron Wilson",
            "team": "T01KAU17684",
            "name": "cameron-wilson",
            "is_restricted": false,
            "is_ultra_restricted": false
        },
        "blocks": [
            {
                "type": "rich_text",
                "block_id": "6P8x",
                "elements": [
                    {
                        "type": "rich_text_section",
                        "elements": [
                            {
                                "type": "text",
                                "text": "Hello. I am Cameron Wilson. I am a 3rd year CS major. I'm looking forward to learning about networks this semester."
                            }
                        ]
                    }
                ]
            }
        ],
        "reactions": [
            {
                "name": "wave",
                "users": [
                    "U01JY0C0BQE"
                ],
                "count": 1
            }
        ]
    },
    {
        "type": "message",
        "subtype": "channel_join",
        "ts": "1611543790.042900",
        "user": "U01LDTLAJ8G",
        "text": "<@U01LDTLAJ8G> has joined the channel"
    },
    {
        "client_msg_id": "68f1e54c-5a13-4abf-a4c6-7e6b9096964c",
        "type": "message",
        "text": "Hi everyone, I am Reagan Reid. I am a third year CS major and am excited to learn more about networks throughout this semester!",
        "user": "U01LDTLAJ8G",
        "ts": "1611544214.044100",
        "team": "T01KAU17684",
        "user_team": "T01KAU17684",
        "source_team": "T01KAU17684",
        "user_profile": {
            "avatar_hash": "g0a2b33d61f2",
            "image_72": "https:\/\/secure.gravatar.com\/avatar\/0a2b33d61f2e287823d19a81918d4d09.jpg?s=72&d=https%3A%2F%2Fa.slack-edge.com%2Fdf10d%2Fimg%2Favatars%2Fava_0025-72.png",
            "first_name": "",
            "real_name": "Reagan Reid",
            "display_name": "Reagan Reid",
            "team": "T01KAU17684",
            "name": "rereid",
            "is_restricted": false,
            "is_ultra_restricted": false
        },
        "blocks": [
            {
                "type": "rich_text",
                "block_id": "9Lr=",
                "elements": [
                    {
                        "type": "rich_text_section",
                        "elements": [
                            {
                                "type": "text",
                                "text": "Hi everyone, I am Reagan Reid. I am a third year CS major and am excited to learn more about networks throughout this semester!"
                            }
                        ]
                    }
                ]
            }
        ],
        "reactions": [
            {
                "name": "wave",
                "users": [
                    "U01JY0C0BQE"
                ],
                "count": 1
            }
        ]
    },
    {
        "client_msg_id": "e3348828-1f80-45d2-9774-ff1a0d7427e5",
        "type": "message",
        "text": "Hello, I am Kunal Shenoy, I am a senior in CS. Looking forward to learning about networks this semester!",
        "user": "U01KP2VP874",
        "ts": "1611545864.045100",
        "team": "T01KAU17684",
        "user_team": "T01KAU17684",
        "source_team": "T01KAU17684",
        "user_profile": {
            "avatar_hash": "gb09bd6b18c9",
            "image_72": "https:\/\/secure.gravatar.com\/avatar\/b09bd6b18c9299e515d1bc604cb07c61.jpg?s=72&d=https%3A%2F%2Fa.slack-edge.com%2Fdf10d%2Fimg%2Favatars%2Fava_0006-72.png",
            "first_name": "",
            "real_name": "Kunal Shenoy",
            "display_name": "Kunal Shenoy",
            "team": "T01KAU17684",
            "name": "kunal-shenoy",
            "is_restricted": false,
            "is_ultra_restricted": false
        },
        "blocks": [
            {
                "type": "rich_text",
                "block_id": "eZOq",
                "elements": [
                    {
                        "type": "rich_text_section",
                        "elements": [
                            {
                                "type": "text",
                                "text": "Hello, I am Kunal Shenoy, I am a senior in CS. Looking forward to learning about networks this semester!"
                            }
                        ]
                    }
                ]
            }
        ],
        "reactions": [
            {
                "name": "wave",
                "users": [
                    "U01JY0C0BQE"
                ],
                "count": 1
            }
        ]
    },
    {
        "type": "message",
        "subtype": "channel_join",
        "ts": "1611556343.045300",
        "user": "U01L31KK6KT",
        "text": "<@U01L31KK6KT> has joined the channel"
    },
    {
        "client_msg_id": "c5f46d4f-4a4d-4099-8b91-f23d8571b333",
        "type": "message",
        "text": "Hey everyone, my name is Levin and I'm a 3rd year CS major. I have a relatively basic understanding of networks so I am definitely looking forward to expanding my knowledge in such an interesting subject!\nI currently work with a small team at the University of Iowa Hospitals developing web applications for patients and study management. I'm looking forward to the class with everyone!",
        "user": "U01L31KK6KT",
        "ts": "1611556679.047400",
        "team": "T01KAU17684",
        "user_team": "T01KAU17684",
        "source_team": "T01KAU17684",
        "user_profile": {
            "avatar_hash": "g90e3fa47639",
            "image_72": "https:\/\/secure.gravatar.com\/avatar\/90e3fa476396992d56a04f6983242a9b.jpg?s=72&d=https%3A%2F%2Fa.slack-edge.com%2Fdf10d%2Fimg%2Favatars%2Fava_0002-72.png",
            "first_name": "",
            "real_name": "Levin Leesemann",
            "display_name": "Levin Leesemann",
            "team": "T01KAU17684",
            "name": "levin-leesemann",
            "is_restricted": false,
            "is_ultra_restricted": false
        },
        "blocks": [
            {
                "type": "rich_text",
                "block_id": "ooC\/",
                "elements": [
                    {
                        "type": "rich_text_section",
                        "elements": [
                            {
                                "type": "text",
                                "text": "Hey everyone, my name is Levin and I'm a 3rd year CS major. I have a relatively basic understanding of networks so I am definitely looking forward to expanding my knowledge in such an interesting subject!\nI currently work with a small team at the University of Iowa Hospitals developing web applications for patients and study management. I'm looking forward to the class with everyone!"
                            }
                        ]
                    }
                ]
            }
        ],
        "reactions": [
            {
                "name": "clap",
                "users": [
                    "U01JY0C0BQE"
                ],
                "count": 1
            }
        ]
    }
]