[
    {
        "type": "message",
        "subtype": "channel_join",
        "ts": "1616423622.099200",
        "user": "U01RUMDHBPG",
        "text": "<@U01RUMDHBPG> has joined the channel"
    },
    {
        "client_msg_id": "3ee309ef-b9e0-40e1-9cd7-6f48ed6c85f7",
        "type": "message",
        "text": "for question 2, is it asking us to point out 3 instances of displayed packet, headers, and contents each, or is just asking us to point out the 3 areas in which those appear?",
        "user": "U01L515VCSY",
        "ts": "1616438204.101100",
        "team": "T01KAU17684",
        "user_team": "T01KAU17684",
        "source_team": "T01KAU17684",
        "user_profile": {
            "avatar_hash": "ge665d990479",
            "image_72": "https:\/\/secure.gravatar.com\/avatar\/e665d990479db78a5d04cf8c5348ea6b.jpg?s=72&d=https%3A%2F%2Fa.slack-edge.com%2Fdf10d%2Fimg%2Favatars%2Fava_0024-72.png",
            "first_name": "",
            "real_name": "Alec Morris",
            "display_name": "Alec Morris",
            "team": "T01KAU17684",
            "name": "amorris7",
            "is_restricted": false,
            "is_ultra_restricted": false
        },
        "blocks": [
            {
                "type": "rich_text",
                "block_id": "nOrD",
                "elements": [
                    {
                        "type": "rich_text_section",
                        "elements": [
                            {
                                "type": "text",
                                "text": "for question 2, is it asking us to point out 3 instances of displayed packet, headers, and contents each, or is just asking us to point out the 3 areas in which those appear?"
                            }
                        ]
                    }
                ]
            }
        ],
        "thread_ts": "1616438204.101100",
        "reply_count": 7,
        "reply_users_count": 4,
        "latest_reply": "1616454996.106000",
        "reply_users": [
            "U01KNVDC9A6",
            "U01K8MDR4R5",
            "U01LC2YQ2V6",
            "U01L1VA9MP0"
        ],
        "replies": [
            {
                "user": "U01KNVDC9A6",
                "ts": "1616447397.101300"
            },
            {
                "user": "U01K8MDR4R5",
                "ts": "1616450217.101900"
            },
            {
                "user": "U01LC2YQ2V6",
                "ts": "1616451049.102100"
            },
            {
                "user": "U01L1VA9MP0",
                "ts": "1616454563.103400"
            },
            {
                "user": "U01L1VA9MP0",
                "ts": "1616454630.104700"
            },
            {
                "user": "U01L1VA9MP0",
                "ts": "1616454639.105200"
            },
            {
                "user": "U01L1VA9MP0",
                "ts": "1616454996.106000"
            }
        ],
        "is_locked": false,
        "subscribed": true,
        "last_read": "1616454996.106000"
    },
    {
        "client_msg_id": "7d39997f-5817-4d44-9a5d-63aa9fb4a7ad",
        "type": "message",
        "text": "My understanding is that we have to take a single screenshot and point to three areas of that screenshot. So the second part of your question. But of course <@U01JY0C0BQE> correct me if that’s wrong. ",
        "user": "U01KNVDC9A6",
        "ts": "1616447397.101300",
        "team": "T01KAU17684",
        "user_team": "T01KAU17684",
        "source_team": "T01KAU17684",
        "user_profile": {
            "avatar_hash": "56c10b4857c1",
            "image_72": "https:\/\/avatars.slack-edge.com\/2021-01-23\/1675168091332_56c10b4857c1336660f7_72.png",
            "first_name": "Laura",
            "real_name": "Laura Flores",
            "display_name": "Laura Flores",
            "team": "T01KAU17684",
            "name": "laura-flores",
            "is_restricted": false,
            "is_ultra_restricted": false
        },
        "edited": {
            "user": "U01KNVDC9A6",
            "ts": "1616447613.000000"
        },
        "blocks": [
            {
                "type": "rich_text",
                "block_id": "76GVx",
                "elements": [
                    {
                        "type": "rich_text_section",
                        "elements": [
                            {
                                "type": "text",
                                "text": "My understanding is that we have to take a single screenshot and point to three areas of that screenshot. So the second part of your question. But of course "
                            },
                            {
                                "type": "user",
                                "user_id": "U01JY0C0BQE"
                            },
                            {
                                "type": "text",
                                "text": " correct me if that’s wrong. "
                            }
                        ]
                    }
                ]
            }
        ],
        "thread_ts": "1616438204.101100",
        "parent_user_id": "U01L515VCSY",
        "reactions": [
            {
                "name": "+1",
                "users": [
                    "U01JY0C0BQE"
                ],
                "count": 1
            }
        ]
    },
    {
        "client_msg_id": "b3f9573d-e6f1-40cb-86b8-24b6429c47e8",
        "type": "message",
        "text": "My interpretation of the question is the same as Laura's.",
        "user": "U01K8MDR4R5",
        "ts": "1616450217.101900",
        "team": "T01KAU17684",
        "user_team": "T01KAU17684",
        "source_team": "T01KAU17684",
        "user_profile": {
            "avatar_hash": "c2a110fc1445",
            "image_72": "https:\/\/avatars.slack-edge.com\/2021-01-24\/1669711476611_c2a110fc1445e7bd3765_72.jpg",
            "first_name": "",
            "real_name": "Ben Stone",
            "display_name": "Ben Stone",
            "team": "T01KAU17684",
            "name": "benstone",
            "is_restricted": false,
            "is_ultra_restricted": false
        },
        "blocks": [
            {
                "type": "rich_text",
                "block_id": "JJ6vp",
                "elements": [
                    {
                        "type": "rich_text_section",
                        "elements": [
                            {
                                "type": "text",
                                "text": "My interpretation of the question is the same as Laura's."
                            }
                        ]
                    }
                ]
            }
        ],
        "thread_ts": "1616438204.101100",
        "parent_user_id": "U01L515VCSY"
    },
    {
        "client_msg_id": "5e34ea9c-8e63-4e5b-a668-cda75c684af1",
        "type": "message",
        "text": "I think you guys are right. The screenshot(s) should highlight where you got your answers from. So in essence, you should be getting your answers from screenshots. Like take a screenshot first and then answer the questions from the screenshot",
        "user": "U01LC2YQ2V6",
        "ts": "1616451049.102100",
        "team": "T01KAU17684",
        "user_team": "T01KAU17684",
        "source_team": "T01KAU17684",
        "user_profile": {
            "avatar_hash": "g5aefd6bd660",
            "image_72": "https:\/\/secure.gravatar.com\/avatar\/5aefd6bd660d1ac185f11f45f20a389a.jpg?s=72&d=https%3A%2F%2Fa.slack-edge.com%2Fdf10d%2Fimg%2Favatars%2Fava_0001-72.png",
            "first_name": "",
            "real_name": "Adnan Ahmed",
            "display_name": "Adnan Ahmed",
            "team": "T01KAU17684",
            "name": "adnan-ahmed",
            "is_restricted": false,
            "is_ultra_restricted": false
        },
        "blocks": [
            {
                "type": "rich_text",
                "block_id": "jE7MY",
                "elements": [
                    {
                        "type": "rich_text_section",
                        "elements": [
                            {
                                "type": "text",
                                "text": "I think you guys are right. The screenshot(s) should highlight where you got your answers from. So in essence, you should be getting your answers from screenshots. Like take a screenshot first and then answer the questions from the screenshot"
                            }
                        ]
                    }
                ]
            }
        ],
        "thread_ts": "1616438204.101100",
        "parent_user_id": "U01L515VCSY",
        "reactions": [
            {
                "name": "+1",
                "users": [
                    "U01JY0C0BQE",
                    "U01KGHG0WFQ",
                    "U01KNVDC9A6"
                ],
                "count": 3
            }
        ]
    },
    {
        "client_msg_id": "b7784cea-525d-4376-8fc0-4075405c5e7b",
        "type": "message",
        "text": "Is it happening again and again or a one-off thing? is it happening across time? like at different points in time",
        "user": "U01LC2YQ2V6",
        "ts": "1616451080.102300",
        "team": "T01KAU17684",
        "user_team": "T01KAU17684",
        "source_team": "T01KAU17684",
        "user_profile": {
            "avatar_hash": "g5aefd6bd660",
            "image_72": "https:\/\/secure.gravatar.com\/avatar\/5aefd6bd660d1ac185f11f45f20a389a.jpg?s=72&d=https%3A%2F%2Fa.slack-edge.com%2Fdf10d%2Fimg%2Favatars%2Fava_0001-72.png",
            "first_name": "",
            "real_name": "Adnan Ahmed",
            "display_name": "Adnan Ahmed",
            "team": "T01KAU17684",
            "name": "adnan-ahmed",
            "is_restricted": false,
            "is_ultra_restricted": false
        },
        "blocks": [
            {
                "type": "rich_text",
                "block_id": "9YjK2",
                "elements": [
                    {
                        "type": "rich_text_section",
                        "elements": [
                            {
                                "type": "text",
                                "text": "Is it happening again and again or a one-off thing? is it happening across time? like at different points in time"
                            }
                        ]
                    }
                ]
            }
        ],
        "thread_ts": "1616354380.097200",
        "parent_user_id": "U01KNVDC9A6",
        "reactions": [
            {
                "name": "slightly_smiling_face",
                "users": [
                    "U01KNVDC9A6"
                ],
                "count": 1
            }
        ]
    },
    {
        "client_msg_id": "F234C98F-D03C-4496-AE45-D20046C75E42",
        "type": "message",
        "text": "What does identifying at least 3 protocols mean? ",
        "user": "U01L1VA9MP0",
        "ts": "1616454563.103400",
        "team": "T01KAU17684",
        "user_team": "T01KAU17684",
        "source_team": "T01KAU17684",
        "user_profile": {
            "avatar_hash": "gc723735a037",
            "image_72": "https:\/\/secure.gravatar.com\/avatar\/c723735a037f8e47f6581b8383be908d.jpg?s=72&d=https%3A%2F%2Fa.slack-edge.com%2Fdf10d%2Fimg%2Favatars%2Fava_0002-72.png",
            "first_name": "",
            "real_name": "Krishna vamsi pratti",
            "display_name": "Krishna vamsi pratti",
            "team": "T01KAU17684",
            "name": "krishnavamsi-pratti",
            "is_restricted": false,
            "is_ultra_restricted": false
        },
        "blocks": [
            {
                "type": "rich_text",
                "block_id": "ktGA3",
                "elements": [
                    {
                        "type": "rich_text_section",
                        "elements": [
                            {
                                "type": "text",
                                "text": "What does identifying at least 3 protocols mean? "
                            }
                        ]
                    }
                ]
            }
        ],
        "thread_ts": "1616438204.101100",
        "parent_user_id": "U01L515VCSY"
    },
    {
        "client_msg_id": "C37F74B5-647D-46D0-B05A-B45D4CC7B800",
        "type": "message",
        "text": "For example in my screenshot I have numerous packets sent using  udp,  few with tcp, few with arp ",
        "user": "U01L1VA9MP0",
        "ts": "1616454630.104700",
        "team": "T01KAU17684",
        "user_team": "T01KAU17684",
        "source_team": "T01KAU17684",
        "user_profile": {
            "avatar_hash": "gc723735a037",
            "image_72": "https:\/\/secure.gravatar.com\/avatar\/c723735a037f8e47f6581b8383be908d.jpg?s=72&d=https%3A%2F%2Fa.slack-edge.com%2Fdf10d%2Fimg%2Favatars%2Fava_0002-72.png",
            "first_name": "",
            "real_name": "Krishna vamsi pratti",
            "display_name": "Krishna vamsi pratti",
            "team": "T01KAU17684",
            "name": "krishnavamsi-pratti",
            "is_restricted": false,
            "is_ultra_restricted": false
        },
        "blocks": [
            {
                "type": "rich_text",
                "block_id": "JDMF",
                "elements": [
                    {
                        "type": "rich_text_section",
                        "elements": [
                            {
                                "type": "text",
                                "text": "For example in my screenshot I have numerous packets sent using  udp,  few with tcp, few with arp "
                            }
                        ]
                    }
                ]
            }
        ],
        "thread_ts": "1616438204.101100",
        "parent_user_id": "U01L515VCSY"
    },
    {
        "client_msg_id": "5FB59602-FC24-4B54-A990-5A9A19C49991",
        "type": "message",
        "text": "Is that what I’m supposed to mention? ",
        "user": "U01L1VA9MP0",
        "ts": "1616454639.105200",
        "team": "T01KAU17684",
        "user_team": "T01KAU17684",
        "source_team": "T01KAU17684",
        "user_profile": {
            "avatar_hash": "gc723735a037",
            "image_72": "https:\/\/secure.gravatar.com\/avatar\/c723735a037f8e47f6581b8383be908d.jpg?s=72&d=https%3A%2F%2Fa.slack-edge.com%2Fdf10d%2Fimg%2Favatars%2Fava_0002-72.png",
            "first_name": "",
            "real_name": "Krishna vamsi pratti",
            "display_name": "Krishna vamsi pratti",
            "team": "T01KAU17684",
            "name": "krishnavamsi-pratti",
            "is_restricted": false,
            "is_ultra_restricted": false
        },
        "blocks": [
            {
                "type": "rich_text",
                "block_id": "zYG8b",
                "elements": [
                    {
                        "type": "rich_text_section",
                        "elements": [
                            {
                                "type": "text",
                                "text": "Is that what I’m supposed to mention? "
                            }
                        ]
                    }
                ]
            }
        ],
        "thread_ts": "1616438204.101100",
        "parent_user_id": "U01L515VCSY"
    },
    {
        "client_msg_id": "49325DA3-89E8-4580-BB2E-40A3524CCA7B",
        "type": "message",
        "text": "Nvm I was tripping ",
        "user": "U01L1VA9MP0",
        "ts": "1616454996.106000",
        "team": "T01KAU17684",
        "user_team": "T01KAU17684",
        "source_team": "T01KAU17684",
        "user_profile": {
            "avatar_hash": "gc723735a037",
            "image_72": "https:\/\/secure.gravatar.com\/avatar\/c723735a037f8e47f6581b8383be908d.jpg?s=72&d=https%3A%2F%2Fa.slack-edge.com%2Fdf10d%2Fimg%2Favatars%2Fava_0002-72.png",
            "first_name": "",
            "real_name": "Krishna vamsi pratti",
            "display_name": "Krishna vamsi pratti",
            "team": "T01KAU17684",
            "name": "krishnavamsi-pratti",
            "is_restricted": false,
            "is_ultra_restricted": false
        },
        "blocks": [
            {
                "type": "rich_text",
                "block_id": "edebm",
                "elements": [
                    {
                        "type": "rich_text_section",
                        "elements": [
                            {
                                "type": "text",
                                "text": "Nvm I was tripping "
                            }
                        ]
                    }
                ]
            }
        ],
        "thread_ts": "1616438204.101100",
        "parent_user_id": "U01L515VCSY",
        "reactions": [
            {
                "name": "joy",
                "users": [
                    "U01KNVDC9A6",
                    "U01LC2YQ2V6"
                ],
                "count": 2
            },
            {
                "name": "bow",
                "users": [
                    "U01L1VA9MP0"
                ],
                "count": 1
            }
        ]
    }
]