[
    {
        "type": "message",
        "subtype": "channel_join",
        "ts": "1619712426.099600",
        "user": "U020MLJLZD2",
        "text": "<@U020MLJLZD2> has joined the channel"
    },
    {
        "type": "message",
        "text": "So I'm a bit confused on what we should actually be printing? Like should i just be printing a message like this or should it be printing something else?",
        "files": [
            {
                "id": "F0216J8FJ4Q",
                "created": 1619730368,
                "timestamp": 1619730368,
                "name": "image.png",
                "title": "image.png",
                "mimetype": "image\/png",
                "filetype": "png",
                "pretty_type": "PNG",
                "user": "U01L515VCSY",
                "editable": false,
                "size": 16526,
                "mode": "hosted",
                "is_external": false,
                "external_type": "",
                "is_public": true,
                "public_url_shared": false,
                "display_as_bot": false,
                "username": "",
                "url_private": "https:\/\/files.slack.com\/files-pri\/T01KAU17684-F0216J8FJ4Q\/image.png?t=xoxe-1656953244276-2146681651939-2131697800023-f59907734a4eb315a375bfb8ffbeaa5f",
                "url_private_download": "https:\/\/files.slack.com\/files-pri\/T01KAU17684-F0216J8FJ4Q\/download\/image.png?t=xoxe-1656953244276-2146681651939-2131697800023-f59907734a4eb315a375bfb8ffbeaa5f",
                "thumb_64": "https:\/\/files.slack.com\/files-tmb\/T01KAU17684-F0216J8FJ4Q-f8641de24e\/image_64.png?t=xoxe-1656953244276-2146681651939-2131697800023-f59907734a4eb315a375bfb8ffbeaa5f",
                "thumb_80": "https:\/\/files.slack.com\/files-tmb\/T01KAU17684-F0216J8FJ4Q-f8641de24e\/image_80.png?t=xoxe-1656953244276-2146681651939-2131697800023-f59907734a4eb315a375bfb8ffbeaa5f",
                "thumb_360": "https:\/\/files.slack.com\/files-tmb\/T01KAU17684-F0216J8FJ4Q-f8641de24e\/image_360.png?t=xoxe-1656953244276-2146681651939-2131697800023-f59907734a4eb315a375bfb8ffbeaa5f",
                "thumb_360_w": 360,
                "thumb_360_h": 126,
                "thumb_480": "https:\/\/files.slack.com\/files-tmb\/T01KAU17684-F0216J8FJ4Q-f8641de24e\/image_480.png?t=xoxe-1656953244276-2146681651939-2131697800023-f59907734a4eb315a375bfb8ffbeaa5f",
                "thumb_480_w": 480,
                "thumb_480_h": 168,
                "thumb_160": "https:\/\/files.slack.com\/files-tmb\/T01KAU17684-F0216J8FJ4Q-f8641de24e\/image_160.png?t=xoxe-1656953244276-2146681651939-2131697800023-f59907734a4eb315a375bfb8ffbeaa5f",
                "original_w": 493,
                "original_h": 173,
                "thumb_tiny": "AwAQADCkRz0pO3akAU+lGBg9KAF9aAB+tJgY7UbRnrQAvrTMmlwB7\/jSHHagD\/\/Z",
                "permalink": "https:\/\/ui-cs3640-spring21.slack.com\/files\/U01L515VCSY\/F0216J8FJ4Q\/image.png",
                "permalink_public": "https:\/\/slack-files.com\/T01KAU17684-F0216J8FJ4Q-503f51f7cf",
                "is_starred": false,
                "has_rich_preview": false
            }
        ],
        "upload": false,
        "blocks": [
            {
                "type": "rich_text",
                "block_id": "hdLd",
                "elements": [
                    {
                        "type": "rich_text_section",
                        "elements": [
                            {
                                "type": "text",
                                "text": "So I'm a bit confused on what we should actually be printing? Like should i just be printing a message like this or should it be printing something else?"
                            }
                        ]
                    }
                ]
            }
        ],
        "user": "U01L515VCSY",
        "display_as_bot": false,
        "ts": "1619730391.100800",
        "thread_ts": "1619730391.100800",
        "reply_count": 17,
        "reply_users_count": 5,
        "latest_reply": "1619732353.109300",
        "reply_users": [
            "U01LC2YQ2V6",
            "U01L1VA9MP0",
            "U01L515VCSY",
            "U01L510HY5S",
            "U01KNVDC9A6"
        ],
        "replies": [
            {
                "user": "U01LC2YQ2V6",
                "ts": "1619730459.100900"
            },
            {
                "user": "U01L1VA9MP0",
                "ts": "1619730476.101300"
            },
            {
                "user": "U01L1VA9MP0",
                "ts": "1619730507.102200"
            },
            {
                "user": "U01L515VCSY",
                "ts": "1619730616.102400"
            },
            {
                "user": "U01LC2YQ2V6",
                "ts": "1619730671.102600"
            },
            {
                "user": "U01L515VCSY",
                "ts": "1619730710.102800"
            },
            {
                "user": "U01LC2YQ2V6",
                "ts": "1619730732.103300"
            },
            {
                "user": "U01L1VA9MP0",
                "ts": "1619730737.103600"
            },
            {
                "user": "U01LC2YQ2V6",
                "ts": "1619730750.103800"
            },
            {
                "user": "U01L1VA9MP0",
                "ts": "1619730754.104100"
            },
            {
                "user": "U01L510HY5S",
                "ts": "1619731305.105500"
            },
            {
                "user": "U01KNVDC9A6",
                "ts": "1619731362.107200"
            },
            {
                "user": "U01L510HY5S",
                "ts": "1619731396.107400"
            },
            {
                "user": "U01LC2YQ2V6",
                "ts": "1619731407.107600"
            },
            {
                "user": "U01KNVDC9A6",
                "ts": "1619731456.108700"
            },
            {
                "user": "U01L510HY5S",
                "ts": "1619732215.109100"
            },
            {
                "user": "U01LC2YQ2V6",
                "ts": "1619732353.109300"
            }
        ],
        "is_locked": false,
        "subscribed": false
    },
    {
        "client_msg_id": "8cde7a7e-e6ef-40d2-bcde-b79fc683bb35",
        "type": "message",
        "text": "this is from the ping tool of windows. you can take screenshots from both this and the output by your program for comparison",
        "user": "U01LC2YQ2V6",
        "ts": "1619730459.100900",
        "team": "T01KAU17684",
        "user_team": "T01KAU17684",
        "source_team": "T01KAU17684",
        "user_profile": {
            "avatar_hash": "g5aefd6bd660",
            "image_72": "https:\/\/secure.gravatar.com\/avatar\/5aefd6bd660d1ac185f11f45f20a389a.jpg?s=72&d=https%3A%2F%2Fa.slack-edge.com%2Fdf10d%2Fimg%2Favatars%2Fava_0001-72.png",
            "first_name": "",
            "real_name": "Adnan Ahmed",
            "display_name": "Adnan Ahmed",
            "team": "T01KAU17684",
            "name": "adnan-ahmed",
            "is_restricted": false,
            "is_ultra_restricted": false
        },
        "blocks": [
            {
                "type": "rich_text",
                "block_id": "y48",
                "elements": [
                    {
                        "type": "rich_text_section",
                        "elements": [
                            {
                                "type": "text",
                                "text": "this is from the ping tool of windows. you can take screenshots from both this and the output by your program for comparison"
                            }
                        ]
                    }
                ]
            }
        ],
        "thread_ts": "1619730391.100800",
        "parent_user_id": "U01L515VCSY"
    },
    {
        "client_msg_id": "8F283593-574A-4E17-8675-6FADA7CB94D5",
        "type": "message",
        "text": "My output is just the delay ",
        "user": "U01L1VA9MP0",
        "ts": "1619730476.101300",
        "team": "T01KAU17684",
        "user_team": "T01KAU17684",
        "source_team": "T01KAU17684",
        "user_profile": {
            "avatar_hash": "gc723735a037",
            "image_72": "https:\/\/secure.gravatar.com\/avatar\/c723735a037f8e47f6581b8383be908d.jpg?s=72&d=https%3A%2F%2Fa.slack-edge.com%2Fdf10d%2Fimg%2Favatars%2Fava_0002-72.png",
            "first_name": "",
            "real_name": "Krishna vamsi pratti",
            "display_name": "Krishna vamsi pratti",
            "team": "T01KAU17684",
            "name": "krishnavamsi-pratti",
            "is_restricted": false,
            "is_ultra_restricted": false
        },
        "blocks": [
            {
                "type": "rich_text",
                "block_id": "Btj53",
                "elements": [
                    {
                        "type": "rich_text_section",
                        "elements": [
                            {
                                "type": "text",
                                "text": "My output is just the delay "
                            }
                        ]
                    }
                ]
            }
        ],
        "thread_ts": "1619730391.100800",
        "parent_user_id": "U01L515VCSY"
    },
    {
        "client_msg_id": "BC91EEF7-0589-4A4E-95C0-CBB247EE8B5E",
        "type": "message",
        "text": " I didn’t understand the screenshot part of the question, 172.217 etc",
        "user": "U01L1VA9MP0",
        "ts": "1619730507.102200",
        "team": "T01KAU17684",
        "user_team": "T01KAU17684",
        "source_team": "T01KAU17684",
        "user_profile": {
            "avatar_hash": "gc723735a037",
            "image_72": "https:\/\/secure.gravatar.com\/avatar\/c723735a037f8e47f6581b8383be908d.jpg?s=72&d=https%3A%2F%2Fa.slack-edge.com%2Fdf10d%2Fimg%2Favatars%2Fava_0002-72.png",
            "first_name": "",
            "real_name": "Krishna vamsi pratti",
            "display_name": "Krishna vamsi pratti",
            "team": "T01KAU17684",
            "name": "krishnavamsi-pratti",
            "is_restricted": false,
            "is_ultra_restricted": false
        },
        "blocks": [
            {
                "type": "rich_text",
                "block_id": "1CoG",
                "elements": [
                    {
                        "type": "rich_text_section",
                        "elements": [
                            {
                                "type": "text",
                                "text": " I didn’t understand the screenshot part of the question, 172.217 etc"
                            }
                        ]
                    }
                ]
            }
        ],
        "thread_ts": "1619730391.100800",
        "parent_user_id": "U01L515VCSY"
    },
    {
        "client_msg_id": "bb6a2f4e-2230-4d6e-9fb1-afd9c44f6c30",
        "type": "message",
        "text": "<@U01LC2YQ2V6> So then is this what my program should be printing?",
        "user": "U01L515VCSY",
        "ts": "1619730616.102400",
        "team": "T01KAU17684",
        "user_team": "T01KAU17684",
        "source_team": "T01KAU17684",
        "user_profile": {
            "avatar_hash": "ge665d990479",
            "image_72": "https:\/\/secure.gravatar.com\/avatar\/e665d990479db78a5d04cf8c5348ea6b.jpg?s=72&d=https%3A%2F%2Fa.slack-edge.com%2Fdf10d%2Fimg%2Favatars%2Fava_0024-72.png",
            "first_name": "",
            "real_name": "Alec Morris",
            "display_name": "Alec Morris",
            "team": "T01KAU17684",
            "name": "amorris7",
            "is_restricted": false,
            "is_ultra_restricted": false
        },
        "blocks": [
            {
                "type": "rich_text",
                "block_id": "uT4",
                "elements": [
                    {
                        "type": "rich_text_section",
                        "elements": [
                            {
                                "type": "user",
                                "user_id": "U01LC2YQ2V6"
                            },
                            {
                                "type": "text",
                                "text": " So then is this what my program should be printing?"
                            }
                        ]
                    }
                ]
            }
        ],
        "thread_ts": "1619730391.100800",
        "parent_user_id": "U01L515VCSY"
    },
    {
        "client_msg_id": "9de15a85-bce7-44a9-ab65-03466a60e52b",
        "type": "message",
        "text": "this is not your program though right? this is the ping tool output if i am not mistaken",
        "user": "U01LC2YQ2V6",
        "ts": "1619730671.102600",
        "team": "T01KAU17684",
        "user_team": "T01KAU17684",
        "source_team": "T01KAU17684",
        "user_profile": {
            "avatar_hash": "g5aefd6bd660",
            "image_72": "https:\/\/secure.gravatar.com\/avatar\/5aefd6bd660d1ac185f11f45f20a389a.jpg?s=72&d=https%3A%2F%2Fa.slack-edge.com%2Fdf10d%2Fimg%2Favatars%2Fava_0001-72.png",
            "first_name": "",
            "real_name": "Adnan Ahmed",
            "display_name": "Adnan Ahmed",
            "team": "T01KAU17684",
            "name": "adnan-ahmed",
            "is_restricted": false,
            "is_ultra_restricted": false
        },
        "blocks": [
            {
                "type": "rich_text",
                "block_id": "ShS",
                "elements": [
                    {
                        "type": "rich_text_section",
                        "elements": [
                            {
                                "type": "text",
                                "text": "this is not your program though right? this is the ping tool output if i am not mistaken"
                            }
                        ]
                    }
                ]
            }
        ],
        "thread_ts": "1619730391.100800",
        "parent_user_id": "U01L515VCSY"
    },
    {
        "client_msg_id": "d7fbc314-5053-46bc-8698-639de5393030",
        "type": "message",
        "text": "no this isnt my program, this is the ping command on windows cmd",
        "user": "U01L515VCSY",
        "ts": "1619730710.102800",
        "team": "T01KAU17684",
        "user_team": "T01KAU17684",
        "source_team": "T01KAU17684",
        "user_profile": {
            "avatar_hash": "ge665d990479",
            "image_72": "https:\/\/secure.gravatar.com\/avatar\/e665d990479db78a5d04cf8c5348ea6b.jpg?s=72&d=https%3A%2F%2Fa.slack-edge.com%2Fdf10d%2Fimg%2Favatars%2Fava_0024-72.png",
            "first_name": "",
            "real_name": "Alec Morris",
            "display_name": "Alec Morris",
            "team": "T01KAU17684",
            "name": "amorris7",
            "is_restricted": false,
            "is_ultra_restricted": false
        },
        "blocks": [
            {
                "type": "rich_text",
                "block_id": "ovx",
                "elements": [
                    {
                        "type": "rich_text_section",
                        "elements": [
                            {
                                "type": "text",
                                "text": "no this isnt my program, this is the ping command on windows cmd"
                            }
                        ]
                    }
                ]
            }
        ],
        "thread_ts": "1619730391.100800",
        "parent_user_id": "U01L515VCSY"
    },
    {
        "client_msg_id": "66cab7a2-7852-4008-adb1-80b0f7711b1a",
        "type": "message",
        "text": "yes, so you can run your program on the cmd and then screenshot whatever is outputted by your program",
        "user": "U01LC2YQ2V6",
        "ts": "1619730732.103300",
        "team": "T01KAU17684",
        "user_team": "T01KAU17684",
        "source_team": "T01KAU17684",
        "user_profile": {
            "avatar_hash": "g5aefd6bd660",
            "image_72": "https:\/\/secure.gravatar.com\/avatar\/5aefd6bd660d1ac185f11f45f20a389a.jpg?s=72&d=https%3A%2F%2Fa.slack-edge.com%2Fdf10d%2Fimg%2Favatars%2Fava_0001-72.png",
            "first_name": "",
            "real_name": "Adnan Ahmed",
            "display_name": "Adnan Ahmed",
            "team": "T01KAU17684",
            "name": "adnan-ahmed",
            "is_restricted": false,
            "is_ultra_restricted": false
        },
        "blocks": [
            {
                "type": "rich_text",
                "block_id": "DzawB",
                "elements": [
                    {
                        "type": "rich_text_section",
                        "elements": [
                            {
                                "type": "text",
                                "text": "yes, so you can run your program on the cmd and then screenshot whatever is outputted by your program"
                            }
                        ]
                    }
                ]
            }
        ],
        "thread_ts": "1619730391.100800",
        "parent_user_id": "U01L515VCSY"
    },
    {
        "client_msg_id": "FDA47C55-574D-4D15-B8B9-01AA9BAD2EE3",
        "type": "message",
        "text": "Right so do we what we did in programming 1? ",
        "user": "U01L1VA9MP0",
        "ts": "1619730737.103600",
        "team": "T01KAU17684",
        "user_team": "T01KAU17684",
        "source_team": "T01KAU17684",
        "user_profile": {
            "avatar_hash": "gc723735a037",
            "image_72": "https:\/\/secure.gravatar.com\/avatar\/c723735a037f8e47f6581b8383be908d.jpg?s=72&d=https%3A%2F%2Fa.slack-edge.com%2Fdf10d%2Fimg%2Favatars%2Fava_0002-72.png",
            "first_name": "",
            "real_name": "Krishna vamsi pratti",
            "display_name": "Krishna vamsi pratti",
            "team": "T01KAU17684",
            "name": "krishnavamsi-pratti",
            "is_restricted": false,
            "is_ultra_restricted": false
        },
        "blocks": [
            {
                "type": "rich_text",
                "block_id": "WbFqs",
                "elements": [
                    {
                        "type": "rich_text_section",
                        "elements": [
                            {
                                "type": "text",
                                "text": "Right so do we what we did in programming 1? "
                            }
                        ]
                    }
                ]
            }
        ],
        "thread_ts": "1619730391.100800",
        "parent_user_id": "U01L515VCSY"
    },
    {
        "client_msg_id": "bb392c3d-f055-44c0-b094-4e0ee2dabc1d",
        "type": "message",
        "text": "yeah",
        "user": "U01LC2YQ2V6",
        "ts": "1619730750.103800",
        "team": "T01KAU17684",
        "user_team": "T01KAU17684",
        "source_team": "T01KAU17684",
        "user_profile": {
            "avatar_hash": "g5aefd6bd660",
            "image_72": "https:\/\/secure.gravatar.com\/avatar\/5aefd6bd660d1ac185f11f45f20a389a.jpg?s=72&d=https%3A%2F%2Fa.slack-edge.com%2Fdf10d%2Fimg%2Favatars%2Fava_0001-72.png",
            "first_name": "",
            "real_name": "Adnan Ahmed",
            "display_name": "Adnan Ahmed",
            "team": "T01KAU17684",
            "name": "adnan-ahmed",
            "is_restricted": false,
            "is_ultra_restricted": false
        },
        "blocks": [
            {
                "type": "rich_text",
                "block_id": "vOeoh",
                "elements": [
                    {
                        "type": "rich_text_section",
                        "elements": [
                            {
                                "type": "text",
                                "text": "yeah"
                            }
                        ]
                    }
                ]
            }
        ],
        "thread_ts": "1619730391.100800",
        "parent_user_id": "U01L515VCSY"
    },
    {
        "client_msg_id": "A3746473-D6FD-4A0D-929A-D2B7D6D36923",
        "type": "message",
        "text": "Right ",
        "user": "U01L1VA9MP0",
        "ts": "1619730754.104100",
        "team": "T01KAU17684",
        "user_team": "T01KAU17684",
        "source_team": "T01KAU17684",
        "user_profile": {
            "avatar_hash": "gc723735a037",
            "image_72": "https:\/\/secure.gravatar.com\/avatar\/c723735a037f8e47f6581b8383be908d.jpg?s=72&d=https%3A%2F%2Fa.slack-edge.com%2Fdf10d%2Fimg%2Favatars%2Fava_0002-72.png",
            "first_name": "",
            "real_name": "Krishna vamsi pratti",
            "display_name": "Krishna vamsi pratti",
            "team": "T01KAU17684",
            "name": "krishnavamsi-pratti",
            "is_restricted": false,
            "is_ultra_restricted": false
        },
        "blocks": [
            {
                "type": "rich_text",
                "block_id": "sd0D",
                "elements": [
                    {
                        "type": "rich_text_section",
                        "elements": [
                            {
                                "type": "text",
                                "text": "Right "
                            }
                        ]
                    }
                ]
            }
        ],
        "thread_ts": "1619730391.100800",
        "parent_user_id": "U01L515VCSY"
    },
    {
        "client_msg_id": "f61c44d4-57b1-480e-8bcf-3d441b4d32bc",
        "type": "message",
        "text": "personally I am just a bit confused on what the final printed statement should look. Like i feel like I am unsure what the end goal is.",
        "user": "U01L510HY5S",
        "ts": "1619731305.105500",
        "team": "T01KAU17684",
        "user_team": "T01KAU17684",
        "source_team": "T01KAU17684",
        "user_profile": {
            "avatar_hash": "gb13ddf19d97",
            "image_72": "https:\/\/secure.gravatar.com\/avatar\/b13ddf19d97e93c1473018799efd7ef0.jpg?s=72&d=https%3A%2F%2Fa.slack-edge.com%2Fdf10d%2Fimg%2Favatars%2Fava_0023-72.png",
            "first_name": "",
            "real_name": "Jackson",
            "display_name": "Jackson",
            "team": "T01KAU17684",
            "name": "rgdn",
            "is_restricted": false,
            "is_ultra_restricted": false
        },
        "blocks": [
            {
                "type": "rich_text",
                "block_id": "He5t",
                "elements": [
                    {
                        "type": "rich_text_section",
                        "elements": [
                            {
                                "type": "text",
                                "text": "personally I am just a bit confused on what the final printed statement should look. Like i feel like I am unsure what the end goal is."
                            }
                        ]
                    }
                ]
            }
        ],
        "thread_ts": "1619730391.100800",
        "parent_user_id": "U01L515VCSY"
    },
    {
        "client_msg_id": "51AE56CD-EED1-4749-A0A9-65E96A85116B",
        "type": "message",
        "text": "<@U01LC2YQ2V6> I think what people are asking is, exactly what information should we include in our output (i.e. the destination IP number, number of bytes, the delay, and TTL). I believe the Professor said that we only need to print the delay for each packet in our output, but I could be mistaken. ",
        "user": "U01KNVDC9A6",
        "ts": "1619731362.107200",
        "team": "T01KAU17684",
        "user_team": "T01KAU17684",
        "source_team": "T01KAU17684",
        "user_profile": {
            "avatar_hash": "56c10b4857c1",
            "image_72": "https:\/\/avatars.slack-edge.com\/2021-01-23\/1675168091332_56c10b4857c1336660f7_72.png",
            "first_name": "Laura",
            "real_name": "Laura Flores",
            "display_name": "Laura Flores",
            "team": "T01KAU17684",
            "name": "laura-flores",
            "is_restricted": false,
            "is_ultra_restricted": false
        },
        "blocks": [
            {
                "type": "rich_text",
                "block_id": "DgP8p",
                "elements": [
                    {
                        "type": "rich_text_section",
                        "elements": [
                            {
                                "type": "user",
                                "user_id": "U01LC2YQ2V6"
                            },
                            {
                                "type": "text",
                                "text": " I think what people are asking is, exactly what information should we include in our output (i.e. the destination IP number, number of bytes, the delay, and TTL). I believe the Professor said that we only need to print the delay for each packet in our output, but I could be mistaken. "
                            }
                        ]
                    }
                ]
            }
        ],
        "thread_ts": "1619730391.100800",
        "parent_user_id": "U01L515VCSY"
    },
    {
        "client_msg_id": "050a4880-229e-46bc-93a9-5f1ca25c696b",
        "type": "message",
        "text": "yes thats what I want to know. What information we should include in it",
        "user": "U01L510HY5S",
        "ts": "1619731396.107400",
        "team": "T01KAU17684",
        "user_team": "T01KAU17684",
        "source_team": "T01KAU17684",
        "user_profile": {
            "avatar_hash": "gb13ddf19d97",
            "image_72": "https:\/\/secure.gravatar.com\/avatar\/b13ddf19d97e93c1473018799efd7ef0.jpg?s=72&d=https%3A%2F%2Fa.slack-edge.com%2Fdf10d%2Fimg%2Favatars%2Fava_0023-72.png",
            "first_name": "",
            "real_name": "Jackson",
            "display_name": "Jackson",
            "team": "T01KAU17684",
            "name": "rgdn",
            "is_restricted": false,
            "is_ultra_restricted": false
        },
        "blocks": [
            {
                "type": "rich_text",
                "block_id": "fL38",
                "elements": [
                    {
                        "type": "rich_text_section",
                        "elements": [
                            {
                                "type": "text",
                                "text": "yes thats what I want to know. What information we should include in it"
                            }
                        ]
                    }
                ]
            }
        ],
        "thread_ts": "1619730391.100800",
        "parent_user_id": "U01L515VCSY"
    },
    {
        "client_msg_id": "43ed58b2-55cc-434a-b1d0-d23843f70228",
        "type": "message",
        "text": "yeah just the delay should be fine. you can print additional stuff if you'd like. Apologies for misunderstanding the quesiton",
        "user": "U01LC2YQ2V6",
        "ts": "1619731407.107600",
        "team": "T01KAU17684",
        "user_team": "T01KAU17684",
        "source_team": "T01KAU17684",
        "user_profile": {
            "avatar_hash": "g5aefd6bd660",
            "image_72": "https:\/\/secure.gravatar.com\/avatar\/5aefd6bd660d1ac185f11f45f20a389a.jpg?s=72&d=https%3A%2F%2Fa.slack-edge.com%2Fdf10d%2Fimg%2Favatars%2Fava_0001-72.png",
            "first_name": "",
            "real_name": "Adnan Ahmed",
            "display_name": "Adnan Ahmed",
            "team": "T01KAU17684",
            "name": "adnan-ahmed",
            "is_restricted": false,
            "is_ultra_restricted": false
        },
        "blocks": [
            {
                "type": "rich_text",
                "block_id": "zUPSc",
                "elements": [
                    {
                        "type": "rich_text_section",
                        "elements": [
                            {
                                "type": "text",
                                "text": "yeah just the delay should be fine. you can print additional stuff if you'd like. Apologies for misunderstanding the quesiton"
                            }
                        ]
                    }
                ]
            }
        ],
        "thread_ts": "1619730391.100800",
        "parent_user_id": "U01L515VCSY",
        "reactions": [
            {
                "name": "raised_hands",
                "users": [
                    "U01KNVDC9A6",
                    "U01LD8LHJSU",
                    "U01KZ14T9AQ"
                ],
                "count": 3
            }
        ]
    },
    {
        "client_msg_id": "534D73DE-F4B9-4E72-8B7B-AD6EB22232CA",
        "type": "message",
        "text": "Thanks Adnan! You still gave us some useful info in your previous answer, but yeah this clarifies things. ",
        "user": "U01KNVDC9A6",
        "ts": "1619731456.108700",
        "team": "T01KAU17684",
        "user_team": "T01KAU17684",
        "source_team": "T01KAU17684",
        "user_profile": {
            "avatar_hash": "56c10b4857c1",
            "image_72": "https:\/\/avatars.slack-edge.com\/2021-01-23\/1675168091332_56c10b4857c1336660f7_72.png",
            "first_name": "Laura",
            "real_name": "Laura Flores",
            "display_name": "Laura Flores",
            "team": "T01KAU17684",
            "name": "laura-flores",
            "is_restricted": false,
            "is_ultra_restricted": false
        },
        "blocks": [
            {
                "type": "rich_text",
                "block_id": "Dv8ep",
                "elements": [
                    {
                        "type": "rich_text_section",
                        "elements": [
                            {
                                "type": "text",
                                "text": "Thanks Adnan! You still gave us some useful info in your previous answer, but yeah this clarifies things. "
                            }
                        ]
                    }
                ]
            }
        ],
        "thread_ts": "1619730391.100800",
        "parent_user_id": "U01L515VCSY",
        "reactions": [
            {
                "name": "pray",
                "users": [
                    "U01LC2YQ2V6"
                ],
                "count": 1
            }
        ]
    },
    {
        "client_msg_id": "77338712-aadd-4a26-bd3b-495df02a318a",
        "type": "message",
        "text": "maybe i am just over thinking this then. I have done that with 2 total lines of code and it just seems to easy. Should i be doing more?",
        "user": "U01L510HY5S",
        "ts": "1619732215.109100",
        "team": "T01KAU17684",
        "user_team": "T01KAU17684",
        "source_team": "T01KAU17684",
        "user_profile": {
            "avatar_hash": "gb13ddf19d97",
            "image_72": "https:\/\/secure.gravatar.com\/avatar\/b13ddf19d97e93c1473018799efd7ef0.jpg?s=72&d=https%3A%2F%2Fa.slack-edge.com%2Fdf10d%2Fimg%2Favatars%2Fava_0023-72.png",
            "first_name": "",
            "real_name": "Jackson",
            "display_name": "Jackson",
            "team": "T01KAU17684",
            "name": "rgdn",
            "is_restricted": false,
            "is_ultra_restricted": false
        },
        "blocks": [
            {
                "type": "rich_text",
                "block_id": "REqn4",
                "elements": [
                    {
                        "type": "rich_text_section",
                        "elements": [
                            {
                                "type": "text",
                                "text": "maybe i am just over thinking this then. I have done that with 2 total lines of code and it just seems to easy. Should i be doing more?"
                            }
                        ]
                    }
                ]
            }
        ],
        "thread_ts": "1619730391.100800",
        "parent_user_id": "U01L515VCSY"
    },
    {
        "client_msg_id": "4c8aec2c-9c75-452a-a77b-3be666ed68cb",
        "type": "message",
        "text": "as long as you are getting the correct answer, and that is compared with the ping values from ping tool for different ip addresses across the world you are fine",
        "user": "U01LC2YQ2V6",
        "ts": "1619732353.109300",
        "team": "T01KAU17684",
        "user_team": "T01KAU17684",
        "source_team": "T01KAU17684",
        "user_profile": {
            "avatar_hash": "g5aefd6bd660",
            "image_72": "https:\/\/secure.gravatar.com\/avatar\/5aefd6bd660d1ac185f11f45f20a389a.jpg?s=72&d=https%3A%2F%2Fa.slack-edge.com%2Fdf10d%2Fimg%2Favatars%2Fava_0001-72.png",
            "first_name": "",
            "real_name": "Adnan Ahmed",
            "display_name": "Adnan Ahmed",
            "team": "T01KAU17684",
            "name": "adnan-ahmed",
            "is_restricted": false,
            "is_ultra_restricted": false
        },
        "blocks": [
            {
                "type": "rich_text",
                "block_id": "z4M+",
                "elements": [
                    {
                        "type": "rich_text_section",
                        "elements": [
                            {
                                "type": "text",
                                "text": "as long as you are getting the correct answer, and that is compared with the ping values from ping tool for different ip addresses across the world you are fine"
                            }
                        ]
                    }
                ]
            }
        ],
        "thread_ts": "1619730391.100800",
        "parent_user_id": "U01L515VCSY"
    },
    {
        "client_msg_id": "4345d5f9-deb1-4e61-9264-14fafb1f0542",
        "type": "message",
        "text": "Hi guys, for programming-2, one thing or sort of a hint I wanted to clarify, because I saw some students make this mistake. The ping is measured as the time difference between the packet sent and the packet received. Some students are using the time just before the select command in receiveOnePing function call. That is slightly inaccurate as the initial ping packet was sent before even going to the receiveOnePing function. Now sure, the receiveOnePing function is called right after sending the ping packet (in sendOnePing), but there could still be inaccuracies. To this end, you can see that we are encoding the time of sending the ping packet in the ping packet itself (as time.time() in sendOnePing fucntion). If you recall your lectures, ping response echoes the data you send to it. As a result, when you receive the ping packet response from teh server, it should have the time the original ping request packet was sent encoded as data. You need to use that time in order to take the difference between the two times and calculate ping values",
        "user": "U01LC2YQ2V6",
        "ts": "1619732586.113600",
        "team": "T01KAU17684",
        "user_team": "T01KAU17684",
        "source_team": "T01KAU17684",
        "user_profile": {
            "avatar_hash": "g5aefd6bd660",
            "image_72": "https:\/\/secure.gravatar.com\/avatar\/5aefd6bd660d1ac185f11f45f20a389a.jpg?s=72&d=https%3A%2F%2Fa.slack-edge.com%2Fdf10d%2Fimg%2Favatars%2Fava_0001-72.png",
            "first_name": "",
            "real_name": "Adnan Ahmed",
            "display_name": "Adnan Ahmed",
            "team": "T01KAU17684",
            "name": "adnan-ahmed",
            "is_restricted": false,
            "is_ultra_restricted": false
        },
        "blocks": [
            {
                "type": "rich_text",
                "block_id": "\/mZ8",
                "elements": [
                    {
                        "type": "rich_text_section",
                        "elements": [
                            {
                                "type": "text",
                                "text": "Hi guys, for programming-2, one thing or sort of a hint I wanted to clarify, because I saw some students make this mistake. The ping is measured as the time difference between the packet sent and the packet received. Some students are using the time just before the select command in receiveOnePing function call. That is slightly inaccurate as the initial ping packet was sent before even going to the receiveOnePing function. Now sure, the receiveOnePing function is called right after sending the ping packet (in sendOnePing), but there could still be inaccuracies. To this end, you can see that we are encoding the time of sending the ping packet in the ping packet itself (as time.time() in sendOnePing fucntion). If you recall your lectures, ping response echoes the data you send to it. As a result, when you receive the ping packet response from teh server, it should have the time the original ping request packet was sent encoded as data. You need to use that time in order to take the difference between the two times and calculate ping values"
                            }
                        ]
                    }
                ]
            }
        ],
        "reactions": [
            {
                "name": "+1",
                "users": [
                    "U01KNVDC9A6",
                    "U01KG6YG79C"
                ],
                "count": 2
            }
        ]
    },
    {
        "client_msg_id": "eec52090-4ef9-4977-99c7-762e307d0635",
        "type": "message",
        "text": "Does anyone know why z’s distance table in Q4 of the written assignment seems to include distance table information for v and x as well? Are we calculating the distances of v and x too? (Maybe I’m just not understanding the format of the table…)",
        "user": "U01KNVDC9A6",
        "ts": "1619735128.115100",
        "team": "T01KAU17684",
        "user_team": "T01KAU17684",
        "source_team": "T01KAU17684",
        "user_profile": {
            "avatar_hash": "56c10b4857c1",
            "image_72": "https:\/\/avatars.slack-edge.com\/2021-01-23\/1675168091332_56c10b4857c1336660f7_72.png",
            "first_name": "Laura",
            "real_name": "Laura Flores",
            "display_name": "Laura Flores",
            "team": "T01KAU17684",
            "name": "laura-flores",
            "is_restricted": false,
            "is_ultra_restricted": false
        },
        "blocks": [
            {
                "type": "rich_text",
                "block_id": "y=6",
                "elements": [
                    {
                        "type": "rich_text_section",
                        "elements": [
                            {
                                "type": "text",
                                "text": "Does anyone know why z’s distance table in Q4 of the written assignment seems to include distance table information for v and x as well? Are we calculating the distances of v and x too? (Maybe I’m just not understanding the format of the table…)"
                            }
                        ]
                    }
                ]
            }
        ],
        "thread_ts": "1619735128.115100",
        "reply_count": 4,
        "reply_users_count": 2,
        "latest_reply": "1619748396.117300",
        "reply_users": [
            "U01L3HCTE3E",
            "U01KNVDC9A6"
        ],
        "replies": [
            {
                "user": "U01L3HCTE3E",
                "ts": "1619747398.115500"
            },
            {
                "user": "U01KNVDC9A6",
                "ts": "1619747816.116500"
            },
            {
                "user": "U01L3HCTE3E",
                "ts": "1619748103.116800"
            },
            {
                "user": "U01KNVDC9A6",
                "ts": "1619748396.117300"
            }
        ],
        "is_locked": false,
        "subscribed": false
    },
    {
        "client_msg_id": "dfde7569-2301-4d4d-a40b-d3563d0e6e97",
        "type": "message",
        "text": "It's my understanding that the rows for v and x are simply the distance vectors z has received from v and x during a given iteration. Those vectors are then used to recalculate the distance vector for z (the row for z in the same table). I found a useful YouTube video that explains it well if you want that too.",
        "user": "U01L3HCTE3E",
        "ts": "1619747398.115500",
        "team": "T01KAU17684",
        "user_team": "T01KAU17684",
        "source_team": "T01KAU17684",
        "user_profile": {
            "avatar_hash": "g07e80abd612",
            "image_72": "https:\/\/secure.gravatar.com\/avatar\/07e80abd612214fa3e037ac0e2d8d45e.jpg?s=72&d=https%3A%2F%2Fa.slack-edge.com%2Fdf10d%2Fimg%2Favatars%2Fava_0022-72.png",
            "first_name": "",
            "real_name": "Isaac Uppena",
            "display_name": "Isaac Uppena",
            "team": "T01KAU17684",
            "name": "isaac-uppena",
            "is_restricted": false,
            "is_ultra_restricted": false
        },
        "edited": {
            "user": "U01L3HCTE3E",
            "ts": "1619747426.000000"
        },
        "blocks": [
            {
                "type": "rich_text",
                "block_id": "cO1jz",
                "elements": [
                    {
                        "type": "rich_text_section",
                        "elements": [
                            {
                                "type": "text",
                                "text": "It's my understanding that the rows for v and x are simply the distance vectors z has received from v and x during a given iteration. Those vectors are then used to recalculate the distance vector for z (the row for z in the same table). I found a useful YouTube video that explains it well if you want that too."
                            }
                        ]
                    }
                ]
            }
        ],
        "thread_ts": "1619735128.115100",
        "parent_user_id": "U01KNVDC9A6",
        "reactions": [
            {
                "name": "clap",
                "users": [
                    "U01JY0C0BQE"
                ],
                "count": 1
            }
        ]
    },
    {
        "client_msg_id": "2BEDA870-96A1-4030-A9EE-E6CC286598E2",
        "type": "message",
        "text": "Gotcha thanks! Yeah if you have time to send the video I’d appreciate it! If not, all good as well ",
        "user": "U01KNVDC9A6",
        "ts": "1619747816.116500",
        "team": "T01KAU17684",
        "user_team": "T01KAU17684",
        "source_team": "T01KAU17684",
        "user_profile": {
            "avatar_hash": "56c10b4857c1",
            "image_72": "https:\/\/avatars.slack-edge.com\/2021-01-23\/1675168091332_56c10b4857c1336660f7_72.png",
            "first_name": "Laura",
            "real_name": "Laura Flores",
            "display_name": "Laura Flores",
            "team": "T01KAU17684",
            "name": "laura-flores",
            "is_restricted": false,
            "is_ultra_restricted": false
        },
        "edited": {
            "user": "U01KNVDC9A6",
            "ts": "1619747828.000000"
        },
        "blocks": [
            {
                "type": "rich_text",
                "block_id": "GV7e",
                "elements": [
                    {
                        "type": "rich_text_section",
                        "elements": [
                            {
                                "type": "text",
                                "text": "Gotcha thanks! Yeah if you have time to send the video I’d appreciate it! If not, all good as well "
                            }
                        ]
                    }
                ]
            }
        ],
        "thread_ts": "1619735128.115100",
        "parent_user_id": "U01KNVDC9A6"
    },
    {
        "client_msg_id": "f197dba8-ee89-41e9-a45f-0a3c9f5ca4e6",
        "type": "message",
        "text": "<https:\/\/www.youtube.com\/watch?v=tdhmCIygbXI&amp;t=376s&amp;ab_channel=AnandSeetharam> - The example starting at 6:08 is what helped me the most.",
        "user": "U01L3HCTE3E",
        "ts": "1619748103.116800",
        "team": "T01KAU17684",
        "user_team": "T01KAU17684",
        "source_team": "T01KAU17684",
        "user_profile": {
            "avatar_hash": "g07e80abd612",
            "image_72": "https:\/\/secure.gravatar.com\/avatar\/07e80abd612214fa3e037ac0e2d8d45e.jpg?s=72&d=https%3A%2F%2Fa.slack-edge.com%2Fdf10d%2Fimg%2Favatars%2Fava_0022-72.png",
            "first_name": "",
            "real_name": "Isaac Uppena",
            "display_name": "Isaac Uppena",
            "team": "T01KAU17684",
            "name": "isaac-uppena",
            "is_restricted": false,
            "is_ultra_restricted": false
        },
        "attachments": [
            {
                "service_name": "YouTube",
                "service_url": "https:\/\/www.youtube.com\/",
                "title": "Network Routing: Distance Vector Algorithm",
                "title_link": "https:\/\/www.youtube.com\/watch?v=tdhmCIygbXI&amp;t=376s&amp;ab_channel=AnandSeetharam",
                "author_name": "Anand Seetharam",
                "author_link": "https:\/\/www.youtube.com\/user\/anandseetharam",
                "thumb_url": "https:\/\/i.ytimg.com\/vi\/tdhmCIygbXI\/hqdefault.jpg",
                "thumb_width": 480,
                "thumb_height": 360,
                "fallback": "YouTube Video: Network Routing: Distance Vector Algorithm",
                "video_html": "<iframe width=\"400\" height=\"225\" src=\"https:\/\/www.youtube.com\/embed\/tdhmCIygbXI?feature=oembed&start=376&autoplay=1&iv_load_policy=3\" frameborder=\"0\" allow=\"accelerometer; autoplay; clipboard-write; encrypted-media; gyroscope; picture-in-picture\" allowfullscreen><\/iframe>",
                "video_html_width": 400,
                "video_html_height": 225,
                "from_url": "https:\/\/www.youtube.com\/watch?v=tdhmCIygbXI&amp;t=376s&amp;ab_channel=AnandSeetharam",
                "service_icon": "https:\/\/a.slack-edge.com\/80588\/img\/unfurl_icons\/youtube.png",
                "id": 1,
                "original_url": "https:\/\/www.youtube.com\/watch?v=tdhmCIygbXI&amp;t=376s&amp;ab_channel=AnandSeetharam"
            }
        ],
        "blocks": [
            {
                "type": "rich_text",
                "block_id": "aSw",
                "elements": [
                    {
                        "type": "rich_text_section",
                        "elements": [
                            {
                                "type": "link",
                                "url": "https:\/\/www.youtube.com\/watch?v=tdhmCIygbXI&t=376s&ab_channel=AnandSeetharam"
                            },
                            {
                                "type": "text",
                                "text": " - The example starting at 6:08 is what helped me the most."
                            }
                        ]
                    }
                ]
            }
        ],
        "thread_ts": "1619735128.115100",
        "parent_user_id": "U01KNVDC9A6"
    },
    {
        "client_msg_id": "88BC4A99-2C1A-4544-84AB-49FEDF5F1AF6",
        "type": "message",
        "text": "Thanks so much Isaac!",
        "user": "U01KNVDC9A6",
        "ts": "1619748396.117300",
        "team": "T01KAU17684",
        "user_team": "T01KAU17684",
        "source_team": "T01KAU17684",
        "user_profile": {
            "avatar_hash": "56c10b4857c1",
            "image_72": "https:\/\/avatars.slack-edge.com\/2021-01-23\/1675168091332_56c10b4857c1336660f7_72.png",
            "first_name": "Laura",
            "real_name": "Laura Flores",
            "display_name": "Laura Flores",
            "team": "T01KAU17684",
            "name": "laura-flores",
            "is_restricted": false,
            "is_ultra_restricted": false
        },
        "blocks": [
            {
                "type": "rich_text",
                "block_id": "fgbf4",
                "elements": [
                    {
                        "type": "rich_text_section",
                        "elements": [
                            {
                                "type": "text",
                                "text": "Thanks so much Isaac!"
                            }
                        ]
                    }
                ]
            }
        ],
        "thread_ts": "1619735128.115100",
        "parent_user_id": "U01KNVDC9A6",
        "reactions": [
            {
                "name": "+1",
                "users": [
                    "U01L3HCTE3E"
                ],
                "count": 1
            }
        ]
    }
]