[
    {
        "client_msg_id": "44541286-8d3f-4cfa-a5db-fbbcc39f67f5",
        "type": "message",
        "text": "You should try to compare the results you get with the normal ping command in the OS. It should give you similar results for any IP address",
        "user": "U01LC2YQ2V6",
        "ts": "1619248625.081800",
        "team": "T01KAU17684",
        "user_team": "T01KAU17684",
        "source_team": "T01KAU17684",
        "user_profile": {
            "avatar_hash": "g5aefd6bd660",
            "image_72": "https:\/\/secure.gravatar.com\/avatar\/5aefd6bd660d1ac185f11f45f20a389a.jpg?s=72&d=https%3A%2F%2Fa.slack-edge.com%2Fdf10d%2Fimg%2Favatars%2Fava_0001-72.png",
            "first_name": "",
            "real_name": "Adnan Ahmed",
            "display_name": "Adnan Ahmed",
            "team": "T01KAU17684",
            "name": "adnan-ahmed",
            "is_restricted": false,
            "is_ultra_restricted": false
        },
        "blocks": [
            {
                "type": "rich_text",
                "block_id": "y2pYm",
                "elements": [
                    {
                        "type": "rich_text_section",
                        "elements": [
                            {
                                "type": "text",
                                "text": "You should try to compare the results you get with the normal ping command in the OS. It should give you similar results for any IP address"
                            }
                        ]
                    }
                ]
            }
        ],
        "reactions": [
            {
                "name": "100",
                "users": [
                    "U01JY0C0BQE"
                ],
                "count": 1
            }
        ]
    },
    {
        "client_msg_id": "f193bef3-5ce5-4388-b458-508a48437119",
        "type": "message",
        "text": "I think there may be a typo in question 2 of the written assignment where packets 5 and 6 got mixed up. Was this intentional?",
        "user": "U01KU06R1AT",
        "ts": "1619311005.082500",
        "team": "T01KAU17684",
        "user_team": "T01KAU17684",
        "source_team": "T01KAU17684",
        "user_profile": {
            "avatar_hash": "g67fd311ca40",
            "image_72": "https:\/\/secure.gravatar.com\/avatar\/67fd311ca401c4872d31f1fed96d6c2b.jpg?s=72&d=https%3A%2F%2Fa.slack-edge.com%2Fdf10d%2Fimg%2Favatars%2Fava_0003-72.png",
            "first_name": "",
            "real_name": "Jacob Gates",
            "display_name": "Jacob Gates",
            "team": "T01KAU17684",
            "name": "jacob-gates",
            "is_restricted": false,
            "is_ultra_restricted": false
        },
        "edited": {
            "user": "U01KU06R1AT",
            "ts": "1619311615.000000"
        },
        "blocks": [
            {
                "type": "rich_text",
                "block_id": "2n5",
                "elements": [
                    {
                        "type": "rich_text_section",
                        "elements": [
                            {
                                "type": "text",
                                "text": "I think there may be a typo in question 2 of the written assignment where packets 5 and 6 got mixed up. Was this intentional?"
                            }
                        ]
                    }
                ]
            }
        ],
        "thread_ts": "1619311005.082500",
        "reply_count": 1,
        "reply_users_count": 1,
        "latest_reply": "1619313975.082700",
        "reply_users": [
            "U01JY0C0BQE"
        ],
        "replies": [
            {
                "user": "U01JY0C0BQE",
                "ts": "1619313975.082700"
            }
        ],
        "is_locked": false,
        "subscribed": true,
        "last_read": "1619313975.082700"
    },
    {
        "client_msg_id": "762ab8f0-6695-47be-b6cf-b4d1e953522f",
        "type": "message",
        "text": "No Jacob, there is no inherent ordering to the way packets are arriving. Once you complete answering the question, you'll probably see the reason for swapping 5 and 6 more clearly. So, yeah it was intention.",
        "user": "U01JY0C0BQE",
        "ts": "1619313975.082700",
        "team": "T01KAU17684",
        "user_team": "T01KAU17684",
        "source_team": "T01KAU17684",
        "user_profile": {
            "avatar_hash": "7f8fd75b6a60",
            "image_72": "https:\/\/avatars.slack-edge.com\/2021-01-19\/1674790159632_7f8fd75b6a60270f0c59_72.jpg",
            "first_name": "Supreeth",
            "real_name": "Supreeth Shastri",
            "display_name": "Shastri",
            "team": "T01KAU17684",
            "name": "supreeth-shastri",
            "is_restricted": false,
            "is_ultra_restricted": false
        },
        "edited": {
            "user": "U01JY0C0BQE",
            "ts": "1619314001.000000"
        },
        "blocks": [
            {
                "type": "rich_text",
                "block_id": "D6m6U",
                "elements": [
                    {
                        "type": "rich_text_section",
                        "elements": [
                            {
                                "type": "text",
                                "text": "No Jacob, there is no inherent ordering to the way packets are arriving. Once you complete answering the question, you'll probably see the reason for swapping 5 and 6 more clearly. So, yeah it was intention."
                            }
                        ]
                    }
                ]
            }
        ],
        "thread_ts": "1619311005.082500",
        "parent_user_id": "U01KU06R1AT"
    }
]