[
    {
        "client_msg_id": "074E57E6-B998-42BB-8A3A-567F320F6C92",
        "type": "message",
        "text": "I’ve extended the written assignment-3 deadline by 24 hours to Saturday midnight (since many a folks seem to have midterms this week). Hope this helps a bit.",
        "user": "U01JY0C0BQE",
        "ts": "1617835589.023300",
        "team": "T01KAU17684",
        "user_team": "T01KAU17684",
        "source_team": "T01KAU17684",
        "user_profile": {
            "avatar_hash": "7f8fd75b6a60",
            "image_72": "https:\/\/avatars.slack-edge.com\/2021-01-19\/1674790159632_7f8fd75b6a60270f0c59_72.jpg",
            "first_name": "Supreeth",
            "real_name": "Supreeth Shastri",
            "display_name": "Shastri",
            "team": "T01KAU17684",
            "name": "supreeth-shastri",
            "is_restricted": false,
            "is_ultra_restricted": false
        },
        "blocks": [
            {
                "type": "rich_text",
                "block_id": "ZMVGs",
                "elements": [
                    {
                        "type": "rich_text_section",
                        "elements": [
                            {
                                "type": "text",
                                "text": "I’ve extended the written assignment-3 deadline by 24 hours to Saturday midnight (since many a folks seem to have midterms this week). Hope this helps a bit."
                            }
                        ]
                    }
                ]
            }
        ],
        "reactions": [
            {
                "name": "pray",
                "users": [
                    "U01LC2YQ2V6",
                    "U01LD8LHJSU",
                    "U01KNVDC9A6",
                    "U01L31KK6KT"
                ],
                "count": 4
            }
        ]
    },
    {
        "client_msg_id": "7F9C6E25-B76F-47C6-B070-5E95EA1FA2BB",
        "type": "message",
        "text": "Thanks a lot ",
        "user": "U01L1VA9MP0",
        "ts": "1617835606.023500",
        "team": "T01KAU17684",
        "user_team": "T01KAU17684",
        "source_team": "T01KAU17684",
        "user_profile": {
            "avatar_hash": "gc723735a037",
            "image_72": "https:\/\/secure.gravatar.com\/avatar\/c723735a037f8e47f6581b8383be908d.jpg?s=72&d=https%3A%2F%2Fa.slack-edge.com%2Fdf10d%2Fimg%2Favatars%2Fava_0002-72.png",
            "first_name": "",
            "real_name": "Krishna vamsi pratti",
            "display_name": "Krishna vamsi pratti",
            "team": "T01KAU17684",
            "name": "krishnavamsi-pratti",
            "is_restricted": false,
            "is_ultra_restricted": false
        },
        "blocks": [
            {
                "type": "rich_text",
                "block_id": "ug64",
                "elements": [
                    {
                        "type": "rich_text_section",
                        "elements": [
                            {
                                "type": "text",
                                "text": "Thanks a lot "
                            }
                        ]
                    }
                ]
            }
        ]
    },
    {
        "client_msg_id": "6C620E15-220C-4FF0-8F6D-3DB04459C14F",
        "type": "message",
        "text": "Ufffff ",
        "user": "U01L1VA9MP0",
        "ts": "1617835610.023700",
        "team": "T01KAU17684",
        "user_team": "T01KAU17684",
        "source_team": "T01KAU17684",
        "user_profile": {
            "avatar_hash": "gc723735a037",
            "image_72": "https:\/\/secure.gravatar.com\/avatar\/c723735a037f8e47f6581b8383be908d.jpg?s=72&d=https%3A%2F%2Fa.slack-edge.com%2Fdf10d%2Fimg%2Favatars%2Fava_0002-72.png",
            "first_name": "",
            "real_name": "Krishna vamsi pratti",
            "display_name": "Krishna vamsi pratti",
            "team": "T01KAU17684",
            "name": "krishnavamsi-pratti",
            "is_restricted": false,
            "is_ultra_restricted": false
        },
        "blocks": [
            {
                "type": "rich_text",
                "block_id": "34B",
                "elements": [
                    {
                        "type": "rich_text_section",
                        "elements": [
                            {
                                "type": "text",
                                "text": "Ufffff "
                            }
                        ]
                    }
                ]
            }
        ]
    }
]