[
    {
        "client_msg_id": "357b93fa-84f1-4a57-8fd8-50513f6f01ea",
        "type": "message",
        "text": "Good morning, people. I have made two changes to the quiz evaluation. For Q5, I realized some of you got confused about \"application\" vs. \"application layer\". We will revisit the network stack in the next lecture, and hopefully the confusion will clear up. In the meanwhile, I've given points to everyone who answered either L+3H or L+4H. Next, for Q4, I did not have time to explicitly touch on this topic in the lecture. So, to be fair, I've given full points to everyone.",
        "user": "U01JY0C0BQE",
        "ts": "1612363719.159900",
        "team": "T01KAU17684",
        "user_team": "T01KAU17684",
        "source_team": "T01KAU17684",
        "user_profile": {
            "avatar_hash": "7f8fd75b6a60",
            "image_72": "https:\/\/avatars.slack-edge.com\/2021-01-19\/1674790159632_7f8fd75b6a60270f0c59_72.jpg",
            "first_name": "Supreeth",
            "real_name": "Supreeth Shastri",
            "display_name": "Shastri",
            "team": "T01KAU17684",
            "name": "supreeth-shastri",
            "is_restricted": false,
            "is_ultra_restricted": false
        },
        "blocks": [
            {
                "type": "rich_text",
                "block_id": "jpR",
                "elements": [
                    {
                        "type": "rich_text_section",
                        "elements": [
                            {
                                "type": "text",
                                "text": "Good morning, people. I have made two changes to the quiz evaluation. For Q5, I realized some of you got confused about \"application\" vs. \"application layer\". We will revisit the network stack in the next lecture, and hopefully the confusion will clear up. In the meanwhile, I've given points to everyone who answered either L+3H or L+4H. Next, for Q4, I did not have time to explicitly touch on this topic in the lecture. So, to be fair, I've given full points to everyone."
                            }
                        ]
                    }
                ]
            }
        ]
    },
    {
        "client_msg_id": "47ec864f-9e32-4ad3-a7fa-ebe37b795552",
        "type": "message",
        "text": "Please do check your scores, and reflect on your experience taking the two graded quizzes. I will ask y'all about it in the next lecture (via a poll). I'm open to making quizzes easier, allowing more time, or keeping it at the same level, depending on your feedback.",
        "user": "U01JY0C0BQE",
        "ts": "1612363933.162600",
        "team": "T01KAU17684",
        "user_team": "T01KAU17684",
        "source_team": "T01KAU17684",
        "user_profile": {
            "avatar_hash": "7f8fd75b6a60",
            "image_72": "https:\/\/avatars.slack-edge.com\/2021-01-19\/1674790159632_7f8fd75b6a60270f0c59_72.jpg",
            "first_name": "Supreeth",
            "real_name": "Supreeth Shastri",
            "display_name": "Shastri",
            "team": "T01KAU17684",
            "name": "supreeth-shastri",
            "is_restricted": false,
            "is_ultra_restricted": false
        },
        "blocks": [
            {
                "type": "rich_text",
                "block_id": "Y\/JE",
                "elements": [
                    {
                        "type": "rich_text_section",
                        "elements": [
                            {
                                "type": "text",
                                "text": "Please do check your scores, and reflect on your experience taking the two graded quizzes. I will ask y'all about it in the next lecture (via a poll). I'm open to making quizzes easier, allowing more time, or keeping it at the same level, depending on your feedback."
                            }
                        ]
                    }
                ]
            }
        ]
    },
    {
        "client_msg_id": "14f3befe-c339-472f-98ab-434bbebd28b5",
        "type": "message",
        "text": "Weekly reminder: I'm holding my office hours now till noon. <https:\/\/uiowa.zoom.us\/my\/shastri>",
        "user": "U01JY0C0BQE",
        "ts": "1612371768.163200",
        "team": "T01KAU17684",
        "user_team": "T01KAU17684",
        "source_team": "T01KAU17684",
        "user_profile": {
            "avatar_hash": "7f8fd75b6a60",
            "image_72": "https:\/\/avatars.slack-edge.com\/2021-01-19\/1674790159632_7f8fd75b6a60270f0c59_72.jpg",
            "first_name": "Supreeth",
            "real_name": "Supreeth Shastri",
            "display_name": "Shastri",
            "team": "T01KAU17684",
            "name": "supreeth-shastri",
            "is_restricted": false,
            "is_ultra_restricted": false
        },
        "blocks": [
            {
                "type": "rich_text",
                "block_id": "3pHK",
                "elements": [
                    {
                        "type": "rich_text_section",
                        "elements": [
                            {
                                "type": "text",
                                "text": "Weekly reminder: I'm holding my office hours now till noon. "
                            },
                            {
                                "type": "link",
                                "url": "https:\/\/uiowa.zoom.us\/my\/shastri"
                            }
                        ]
                    }
                ]
            }
        ]
    }
]