[
    {
        "client_msg_id": "8c8571f0-babf-429e-97d3-fc49742f6661",
        "type": "message",
        "text": "I've also gotten a few questions about B4. I'm not looking for a description of the internals of the Skype protocol. Please focus on the transition point between the Internet and telephone network. More specifically, you should think about how does packetized data get converted to circuit-switched telephone network and vice versa.",
        "user": "U01JY0C0BQE",
        "ts": "1613408075.187100",
        "team": "T01KAU17684",
        "user_team": "T01KAU17684",
        "source_team": "T01KAU17684",
        "user_profile": {
            "avatar_hash": "7f8fd75b6a60",
            "image_72": "https:\/\/avatars.slack-edge.com\/2021-01-19\/1674790159632_7f8fd75b6a60270f0c59_72.jpg",
            "first_name": "Supreeth",
            "real_name": "Supreeth Shastri",
            "display_name": "Shastri",
            "team": "T01KAU17684",
            "name": "supreeth-shastri",
            "is_restricted": false,
            "is_ultra_restricted": false
        },
        "blocks": [
            {
                "type": "rich_text",
                "block_id": "zukm",
                "elements": [
                    {
                        "type": "rich_text_section",
                        "elements": [
                            {
                                "type": "text",
                                "text": "I've also gotten a few questions about B4. I'm not looking for a description of the internals of the Skype protocol. Please focus on the transition point between the Internet and telephone network. More specifically, you should think about how does packetized data get converted to circuit-switched telephone network and vice versa."
                            }
                        ]
                    }
                ]
            }
        ]
    },
    {
        "client_msg_id": "b3e23722-16c2-452a-9f43-70214345c337",
        "type": "message",
        "text": "For B1 of the written assignment, do we just need to provide the delay time? Or do we need to explain it too?",
        "user": "U01KGUALZ7G",
        "ts": "1613422773.187900",
        "team": "T01KAU17684",
        "user_team": "T01KAU17684",
        "source_team": "T01KAU17684",
        "user_profile": {
            "avatar_hash": "g63c69afa2e8",
            "image_72": "https:\/\/secure.gravatar.com\/avatar\/63c69afa2e8cb8f07480f8cbbbf18435.jpg?s=72&d=https%3A%2F%2Fa.slack-edge.com%2Fdf10d%2Fimg%2Favatars%2Fava_0022-72.png",
            "first_name": "",
            "real_name": "Shifali Malhotra",
            "display_name": "Shifali Malhotra",
            "team": "T01KAU17684",
            "name": "shifali-malhotra",
            "is_restricted": false,
            "is_ultra_restricted": false
        },
        "blocks": [
            {
                "type": "rich_text",
                "block_id": "CZRl",
                "elements": [
                    {
                        "type": "rich_text_section",
                        "elements": [
                            {
                                "type": "text",
                                "text": "For B1 of the written assignment, do we just need to provide the delay time? Or do we need to explain it too?"
                            }
                        ]
                    }
                ]
            }
        ]
    },
    {
        "client_msg_id": "4180B81D-31FC-49D6-A13D-2015A7EC15B1",
        "type": "message",
        "text": "I was wondering about that too ^",
        "user": "U01KNVDC9A6",
        "ts": "1613435156.188400",
        "team": "T01KAU17684",
        "user_team": "T01KAU17684",
        "source_team": "T01KAU17684",
        "user_profile": {
            "avatar_hash": "56c10b4857c1",
            "image_72": "https:\/\/avatars.slack-edge.com\/2021-01-23\/1675168091332_56c10b4857c1336660f7_72.png",
            "first_name": "Laura",
            "real_name": "Laura Flores",
            "display_name": "Laura Flores",
            "team": "T01KAU17684",
            "name": "laura-flores",
            "is_restricted": false,
            "is_ultra_restricted": false
        },
        "blocks": [
            {
                "type": "rich_text",
                "block_id": "oXBDF",
                "elements": [
                    {
                        "type": "rich_text_section",
                        "elements": [
                            {
                                "type": "text",
                                "text": "I was wondering about that too ^"
                            }
                        ]
                    }
                ]
            }
        ]
    },
    {
        "client_msg_id": "d82e8675-e7be-4d3d-8145-0b8aca536293",
        "type": "message",
        "text": "For B1: yes, if you end up with any non-trivial expression, you will have to explain how you got there.",
        "user": "U01JY0C0BQE",
        "ts": "1613439815.189300",
        "team": "T01KAU17684",
        "user_team": "T01KAU17684",
        "source_team": "T01KAU17684",
        "user_profile": {
            "avatar_hash": "7f8fd75b6a60",
            "image_72": "https:\/\/avatars.slack-edge.com\/2021-01-19\/1674790159632_7f8fd75b6a60270f0c59_72.jpg",
            "first_name": "Supreeth",
            "real_name": "Supreeth Shastri",
            "display_name": "Shastri",
            "team": "T01KAU17684",
            "name": "supreeth-shastri",
            "is_restricted": false,
            "is_ultra_restricted": false
        },
        "edited": {
            "user": "U01JY0C0BQE",
            "ts": "1613439930.000000"
        },
        "blocks": [
            {
                "type": "rich_text",
                "block_id": "K40c",
                "elements": [
                    {
                        "type": "rich_text_section",
                        "elements": [
                            {
                                "type": "text",
                                "text": "For B1: yes, if you end up with any non-trivial expression, you will have to explain how you got there."
                            }
                        ]
                    }
                ]
            }
        ]
    }
]