[
    {
        "type": "message",
        "subtype": "channel_join",
        "ts": "1611566856.047600",
        "user": "U01L3FP41DF",
        "text": "<@U01L3FP41DF> has joined the channel"
    },
    {
        "client_msg_id": "9a4e3cf9-1882-44de-90bc-99f9b0a51e1a",
        "type": "message",
        "text": "Hi, I am Sam Andersen. I am a third year CS major and I have a basic understanding of networks, but I'm ready to get my mind blown.",
        "user": "U01L3FP41DF",
        "ts": "1611567145.049000",
        "team": "T01KAU17684",
        "user_team": "T01KAU17684",
        "source_team": "T01KAU17684",
        "user_profile": {
            "avatar_hash": "g99898ef3a84",
            "image_72": "https:\/\/secure.gravatar.com\/avatar\/99898ef3a84573a98ab2667223b99565.jpg?s=72&d=https%3A%2F%2Fa.slack-edge.com%2Fdf10d%2Fimg%2Favatars%2Fava_0000-72.png",
            "first_name": "",
            "real_name": "Sam Andersen",
            "display_name": "Sam Andersen",
            "team": "T01KAU17684",
            "name": "samandersen",
            "is_restricted": false,
            "is_ultra_restricted": false
        },
        "blocks": [
            {
                "type": "rich_text",
                "block_id": "hX9",
                "elements": [
                    {
                        "type": "rich_text_section",
                        "elements": [
                            {
                                "type": "text",
                                "text": "Hi, I am Sam Andersen. I am a third year CS major and I have a basic understanding of networks, but I'm ready to get my mind blown."
                            }
                        ]
                    }
                ]
            }
        ],
        "reactions": [
            {
                "name": "star-struck",
                "users": [
                    "U01JY0C0BQE"
                ],
                "count": 1
            }
        ]
    },
    {
        "type": "message",
        "subtype": "channel_join",
        "ts": "1611591853.050400",
        "user": "U01KKMTP12S",
        "text": "<@U01KKMTP12S> has joined the channel"
    },
    {
        "client_msg_id": "70779e0e-5d90-4af0-a72b-609f38913365",
        "type": "message",
        "text": "Hello, I'm Matthew Wharff and I'm a third year CS student. I'm excited to learn about networks!",
        "user": "U01KKMTP12S",
        "ts": "1611591989.051600",
        "team": "T01KAU17684",
        "user_team": "T01KAU17684",
        "source_team": "T01KAU17684",
        "user_profile": {
            "avatar_hash": "g7f807dba26c",
            "image_72": "https:\/\/secure.gravatar.com\/avatar\/7f807dba26caf30ee65039c03a03caf6.jpg?s=72&d=https%3A%2F%2Fa.slack-edge.com%2Fdf10d%2Fimg%2Favatars%2Fava_0013-72.png",
            "first_name": "",
            "real_name": "Matthew Wharff",
            "display_name": "",
            "team": "T01KAU17684",
            "name": "matthew-wharff",
            "is_restricted": false,
            "is_ultra_restricted": false
        },
        "blocks": [
            {
                "type": "rich_text",
                "block_id": "n4pI",
                "elements": [
                    {
                        "type": "rich_text_section",
                        "elements": [
                            {
                                "type": "text",
                                "text": "Hello, I'm Matthew Wharff and I'm a third year CS student. I'm excited to learn about networks!"
                            }
                        ]
                    }
                ]
            }
        ],
        "reactions": [
            {
                "name": "+1",
                "users": [
                    "U01JY0C0BQE"
                ],
                "count": 1
            }
        ]
    },
    {
        "type": "message",
        "subtype": "channel_join",
        "ts": "1611592261.051800",
        "user": "U01KYM6L14L",
        "text": "<@U01KYM6L14L> has joined the channel"
    },
    {
        "type": "message",
        "subtype": "channel_join",
        "ts": "1611595958.052000",
        "user": "U01KZ14T9AQ",
        "text": "<@U01KZ14T9AQ> has joined the channel"
    },
    {
        "type": "message",
        "subtype": "channel_join",
        "ts": "1611596129.052200",
        "user": "U01KZ1JQ6FN",
        "text": "<@U01KZ1JQ6FN> has joined the channel"
    },
    {
        "type": "message",
        "subtype": "channel_join",
        "ts": "1611599732.052400",
        "user": "U01KQ2HEDFX",
        "text": "<@U01KQ2HEDFX> has joined the channel"
    },
    {
        "type": "message",
        "subtype": "channel_join",
        "ts": "1611611058.052600",
        "user": "U01KM5NRGJ2",
        "text": "<@U01KM5NRGJ2> has joined the channel"
    },
    {
        "client_msg_id": "b4915522-e98d-49d6-842a-9c30e2ae5351",
        "type": "message",
        "text": "Hi my name is Mitch Majure. I am a sophomore majoring in Mathematics and Computer Science. My interests are number theory, cryptography, and machine learning. This summer I will be an AI engineer intern at Collins Aerospace. I'm looking forward to this course and learning about networks because I know very little about them.",
        "user": "U01KM5NRGJ2",
        "ts": "1611611734.055300",
        "team": "T01KAU17684",
        "user_team": "T01KAU17684",
        "source_team": "T01KAU17684",
        "user_profile": {
            "avatar_hash": "26f965f9da0e",
            "image_72": "https:\/\/avatars.slack-edge.com\/2021-01-25\/1673981909618_26f965f9da0ee6984b78_72.jpg",
            "first_name": "",
            "real_name": "Mitch Majure",
            "display_name": "Mitch Majure",
            "team": "T01KAU17684",
            "name": "mitchell-majure",
            "is_restricted": false,
            "is_ultra_restricted": false
        },
        "blocks": [
            {
                "type": "rich_text",
                "block_id": "7Q2+",
                "elements": [
                    {
                        "type": "rich_text_section",
                        "elements": [
                            {
                                "type": "text",
                                "text": "Hi my name is Mitch Majure. I am a sophomore majoring in Mathematics and Computer Science. My interests are number theory, cryptography, and machine learning. This summer I will be an AI engineer intern at Collins Aerospace. I'm looking forward to this course and learning about networks because I know very little about them."
                            }
                        ]
                    }
                ]
            }
        ],
        "reactions": [
            {
                "name": "+1",
                "users": [
                    "U01KGHG0WFQ"
                ],
                "count": 1
            },
            {
                "name": "spock-hand",
                "users": [
                    "U01JY0C0BQE"
                ],
                "count": 1
            }
        ]
    },
    {
        "type": "message",
        "subtype": "channel_join",
        "ts": "1611612225.055900",
        "user": "U01KU1CN42W",
        "text": "<@U01KU1CN42W> has joined the channel"
    },
    {
        "client_msg_id": "3951a74b-c27e-4c53-b616-03cdccc96c35",
        "type": "message",
        "text": "Hello, my name is Alan. I'm a 3rd year CS major. My hobbies include cooking, writing code, drinking coffee, and chilling with my cat Cheeto. A few projects have lead me into high level networking code; cooking up REST APIs, WebSockets n' stuff. But stackoverflow can only take you so far, so I'm super stoked for CS3640",
        "user": "U01KZ14T9AQ",
        "ts": "1611613760.060800",
        "team": "T01KAU17684",
        "user_team": "T01KAU17684",
        "source_team": "T01KAU17684",
        "user_profile": {
            "avatar_hash": "798ed3ff5d8f",
            "image_72": "https:\/\/avatars.slack-edge.com\/2021-01-25\/1667371711078_798ed3ff5d8f5db793de_72.jpg",
            "first_name": "",
            "real_name": "Alan Sorrill",
            "display_name": "Alan Sorrill",
            "team": "T01KAU17684",
            "name": "alan-sorrill",
            "is_restricted": false,
            "is_ultra_restricted": false
        },
        "blocks": [
            {
                "type": "rich_text",
                "block_id": "T6q",
                "elements": [
                    {
                        "type": "rich_text_section",
                        "elements": [
                            {
                                "type": "text",
                                "text": "Hello, my name is Alan. I'm a 3rd year CS major. My hobbies include cooking, writing code, drinking coffee, and chilling with my cat Cheeto. A few projects have lead me into high level networking code; cooking up REST APIs, WebSockets n' stuff. But stackoverflow can only take you so far, so I'm super stoked for CS3640"
                            }
                        ]
                    }
                ]
            }
        ],
        "reactions": [
            {
                "name": "100",
                "users": [
                    "U01KGHG0WFQ"
                ],
                "count": 1
            },
            {
                "name": "raised_hands",
                "users": [
                    "U01JY0C0BQE"
                ],
                "count": 1
            }
        ]
    },
    {
        "type": "message",
        "subtype": "channel_join",
        "ts": "1611615900.061600",
        "user": "U01KU7ABKM0",
        "text": "<@U01KU7ABKM0> has joined the channel"
    },
    {
        "client_msg_id": "87c1fa4d-c337-4119-9167-4a60a262db33",
        "type": "message",
        "text": "Hello, my name is Sarah Altemeier. I am majoring in computer science and minoring in statistics. I recently bought myself a juicer… my favorite thing to make with it so far is a mixture of lemon, ginger, and turmeric. Along with juicing, I like to run and cook. I am excited for this course and to learn more about networks and the development of network applications!",
        "user": "U01KU7ABKM0",
        "ts": "1611616870.063500",
        "team": "T01KAU17684",
        "user_team": "T01KAU17684",
        "source_team": "T01KAU17684",
        "user_profile": {
            "avatar_hash": "g700e5b9e955",
            "image_72": "https:\/\/secure.gravatar.com\/avatar\/700e5b9e95581c8ec438be640b5a0546.jpg?s=72&d=https%3A%2F%2Fa.slack-edge.com%2Fdf10d%2Fimg%2Favatars%2Fava_0000-72.png",
            "first_name": "",
            "real_name": "Sarah Altemeier",
            "display_name": "Sarah Altemeier",
            "team": "T01KAU17684",
            "name": "sarah-altemeier",
            "is_restricted": false,
            "is_ultra_restricted": false
        },
        "blocks": [
            {
                "type": "rich_text",
                "block_id": "Zu5c",
                "elements": [
                    {
                        "type": "rich_text_section",
                        "elements": [
                            {
                                "type": "text",
                                "text": "Hello, my name is Sarah Altemeier. I am majoring in computer science and minoring in statistics. I recently bought myself a juicer… my favorite thing to make with it so far is a mixture of lemon, ginger, and turmeric. Along with juicing, I like to run and cook. I am excited for this course and to learn more about networks and the development of network applications!"
                            }
                        ]
                    }
                ]
            }
        ],
        "reactions": [
            {
                "name": "slightly_smiling_face",
                "users": [
                    "U01KNVDC9A6"
                ],
                "count": 1
            },
            {
                "name": "wave",
                "users": [
                    "U01JY0C0BQE"
                ],
                "count": 1
            }
        ]
    },
    {
        "type": "message",
        "subtype": "channel_join",
        "ts": "1611620479.063700",
        "user": "U01KUK3RP3M",
        "text": "<@U01KUK3RP3M> has joined the channel"
    },
    {
        "client_msg_id": "953cdd4b-ddb2-41bd-a410-38dee835307c",
        "type": "message",
        "text": "Greetings fellow classmates, this is one of my last classes before I graduate. I’m stoked to be learning under much better circumstances than last semester (for me at least). Looking forward to getting to know networks as well as their applications. I hope everyone does well this semester.",
        "user": "U01KUK3RP3M",
        "ts": "1611620841.067700",
        "team": "T01KAU17684",
        "user_team": "T01KAU17684",
        "source_team": "T01KAU17684",
        "user_profile": {
            "avatar_hash": "gd290a7a31c0",
            "image_72": "https:\/\/secure.gravatar.com\/avatar\/d290a7a31c03462894e369eeda9d3a53.jpg?s=72&d=https%3A%2F%2Fa.slack-edge.com%2Fdf10d%2Fimg%2Favatars%2Fava_0024-72.png",
            "first_name": "",
            "real_name": "Kyle swenning",
            "display_name": "Kyle swenning",
            "team": "T01KAU17684",
            "name": "kyle-swenning",
            "is_restricted": false,
            "is_ultra_restricted": false
        },
        "blocks": [
            {
                "type": "rich_text",
                "block_id": "7=TEu",
                "elements": [
                    {
                        "type": "rich_text_section",
                        "elements": [
                            {
                                "type": "text",
                                "text": "Greetings fellow classmates, this is one of my last classes before I graduate. I’m stoked to be learning under much better circumstances than last semester (for me at least). Looking forward to getting to know networks as well as their applications. I hope everyone does well this semester."
                            }
                        ]
                    }
                ]
            }
        ],
        "reactions": [
            {
                "name": "clap",
                "users": [
                    "U01JY0C0BQE"
                ],
                "count": 1
            }
        ]
    },
    {
        "client_msg_id": "aee74a78-14f5-45fe-938d-078e705cdf3b",
        "type": "message",
        "text": "Hi everyone! This is one of my last CS classes that I'm taking before I graduate with degrees in both economics and computer science. I have no prior knowledge in computer networks but I'm excited to learn about things I don't know anything about. It looks like this will be a fun class this semester!",
        "user": "U01KU1CN42W",
        "ts": "1611625918.070600",
        "team": "T01KAU17684",
        "user_team": "T01KAU17684",
        "source_team": "T01KAU17684",
        "user_profile": {
            "avatar_hash": "gd7beb34edfc",
            "image_72": "https:\/\/secure.gravatar.com\/avatar\/d7beb34edfc234409a52f2569c2b3e7d.jpg?s=72&d=https%3A%2F%2Fa.slack-edge.com%2Fdf10d%2Fimg%2Favatars%2Fava_0013-72.png",
            "first_name": "",
            "real_name": "Albert Keith",
            "display_name": "Albert Keith",
            "team": "T01KAU17684",
            "name": "albert-keith",
            "is_restricted": false,
            "is_ultra_restricted": false
        },
        "blocks": [
            {
                "type": "rich_text",
                "block_id": "lLdR",
                "elements": [
                    {
                        "type": "rich_text_section",
                        "elements": [
                            {
                                "type": "text",
                                "text": "Hi everyone! This is one of my last CS classes that I'm taking before I graduate with degrees in both economics and computer science. I have no prior knowledge in computer networks but I'm excited to learn about things I don't know anything about. It looks like this will be a fun class this semester!"
                            }
                        ]
                    }
                ]
            }
        ],
        "reactions": [
            {
                "name": "+1",
                "users": [
                    "U01JY0C0BQE"
                ],
                "count": 1
            }
        ]
    }
]