[
    {
        "client_msg_id": "306E309C-F64A-4A16-BE93-079D15AD157E",
        "type": "message",
        "text": "Thanks for replying Andan. I should have said this is more of an observation, not necessarily something I’m stuck on. But yeah to answer your question, it happened a couple of times when I ran a Google search on Wireshark, at different points in time. But the effect wasn’t consistent. ",
        "user": "U01KNVDC9A6",
        "ts": "1616525886.109100",
        "team": "T01KAU17684",
        "user_team": "T01KAU17684",
        "source_team": "T01KAU17684",
        "user_profile": {
            "avatar_hash": "56c10b4857c1",
            "image_72": "https:\/\/avatars.slack-edge.com\/2021-01-23\/1675168091332_56c10b4857c1336660f7_72.png",
            "first_name": "Laura",
            "real_name": "Laura Flores",
            "display_name": "Laura Flores",
            "team": "T01KAU17684",
            "name": "laura-flores",
            "is_restricted": false,
            "is_ultra_restricted": false
        },
        "blocks": [
            {
                "type": "rich_text",
                "block_id": "tuMpa",
                "elements": [
                    {
                        "type": "rich_text_section",
                        "elements": [
                            {
                                "type": "text",
                                "text": "Thanks for replying Andan. I should have said this is more of an observation, not necessarily something I’m stuck on. But yeah to answer your question, it happened a couple of times when I ran a Google search on Wireshark, at different points in time. But the effect wasn’t consistent. "
                            }
                        ]
                    }
                ]
            }
        ],
        "thread_ts": "1616354380.097200",
        "parent_user_id": "U01KNVDC9A6"
    },
    {
        "client_msg_id": "647feb7c-7009-41f9-879b-c53e9606bc8e",
        "type": "message",
        "text": "Hi guys, just in case someone is struggling with the wireshark parts. After you have filtered the http traffic via the display filters, you get a bunch of GET requests and the responses to those requests. Try to identify which HTTP line is the request and which line is the response. I think one of the key things to understand here is how a particular webpage loads. Whenever you type in a URL, the browser creates an HTTP request (usually a GET request) and asks the server for a particular resource (the browser can check the cache as well in case it had downloaded the resource already and saved it in cache since the resource does not really change over time). The initial resource made by the browser is usually an HTML (requested via the first GET request). Think of this HTML as sort of a skeleton where some parts are filled and some parts need to be further requested by the browser. The browser then parses this HTML (skeleton) to figure out what images and scripts it needs to download to finish rendering the page. As it is parsing the HTML, it starts rendering whatever it already has and sends GET requests for the resources that it doesn't have but it needs. So for instance, if it parses the HTML document and reaches a point where it sees that it needs to download an image to put it somwhere onthe screen, it will send a GET request for the image. Similarly if it sees that it needs a script to calculate some stuff abotu the webpage, it will create a GET request for that script so that it can download that script from a server and execute it to render the page. This whole rendering process is very back and forth between the browser and remote servers. So, you will see a bunch of GET requests being made by brwoser and the server responsding to each of those GET requests. There might be a case where the browser needs an image or some other resource, but it had already downloaded that resource during previous webpage visit. In that case, it will have cached the resource already and instead of going all the way to the server, just get it directly from the cache. In these cases, the browser usually sends a *conditional GET*, where it basically just checks from the server like \"hey i have this image (or some other resource) in my cache but I wanted to check if this version is still the latest or fresh\", to which a server can reply \"yes\" without actually sending the complete image again, thereby saving bandwidth and latencies. In the case where the server doesn't think that the resource the browser has is fresh anymore, it can just send the resource altogether.",
        "user": "U01LC2YQ2V6",
        "ts": "1616538579.120100",
        "team": "T01KAU17684",
        "user_team": "T01KAU17684",
        "source_team": "T01KAU17684",
        "user_profile": {
            "avatar_hash": "g5aefd6bd660",
            "image_72": "https:\/\/secure.gravatar.com\/avatar\/5aefd6bd660d1ac185f11f45f20a389a.jpg?s=72&d=https%3A%2F%2Fa.slack-edge.com%2Fdf10d%2Fimg%2Favatars%2Fava_0001-72.png",
            "first_name": "",
            "real_name": "Adnan Ahmed",
            "display_name": "Adnan Ahmed",
            "team": "T01KAU17684",
            "name": "adnan-ahmed",
            "is_restricted": false,
            "is_ultra_restricted": false
        },
        "blocks": [
            {
                "type": "rich_text",
                "block_id": "DA4",
                "elements": [
                    {
                        "type": "rich_text_section",
                        "elements": [
                            {
                                "type": "text",
                                "text": "Hi guys, just in case someone is struggling with the wireshark parts. After you have filtered the http traffic via the display filters, you get a bunch of GET requests and the responses to those requests. Try to identify which HTTP line is the request and which line is the response. I think one of the key things to understand here is how a particular webpage loads. Whenever you type in a URL, the browser creates an HTTP request (usually a GET request) and asks the server for a particular resource (the browser can check the cache as well in case it had downloaded the resource already and saved it in cache since the resource does not really change over time). The initial resource made by the browser is usually an HTML (requested via the first GET request). Think of this HTML as sort of a skeleton where some parts are filled and some parts need to be further requested by the browser. The browser then parses this HTML (skeleton) to figure out what images and scripts it needs to download to finish rendering the page. As it is parsing the HTML, it starts rendering whatever it already has and sends GET requests for the resources that it doesn't have but it needs. So for instance, if it parses the HTML document and reaches a point where it sees that it needs to download an image to put it somwhere onthe screen, it will send a GET request for the image. Similarly if it sees that it needs a script to calculate some stuff abotu the webpage, it will create a GET request for that script so that it can download that script from a server and execute it to render the page. This whole rendering process is very back and forth between the browser and remote servers. So, you will see a bunch of GET requests being made by brwoser and the server responsding to each of those GET requests. There might be a case where the browser needs an image or some other resource, but it had already downloaded that resource during previous webpage visit. In that case, it will have cached the resource already and instead of going all the way to the server, just get it directly from the cache. In these cases, the browser usually sends a "
                            },
                            {
                                "type": "text",
                                "text": "conditional GET",
                                "style": {
                                    "bold": true
                                }
                            },
                            {
                                "type": "text",
                                "text": ", where it basically just checks from the server like \"hey i have this image (or some other resource) in my cache but I wanted to check if this version is still the latest or fresh\", to which a server can reply \"yes\" without actually sending the complete image again, thereby saving bandwidth and latencies. In the case where the server doesn't think that the resource the browser has is fresh anymore, it can just send the resource altogether."
                            }
                        ]
                    }
                ]
            }
        ],
        "thread_ts": "1616538579.120100",
        "reply_count": 4,
        "reply_users_count": 3,
        "latest_reply": "1616549352.127300",
        "reply_users": [
            "U01KG6YG79C",
            "U01LC2YQ2V6",
            "U01JY0C0BQE"
        ],
        "replies": [
            {
                "user": "U01KG6YG79C",
                "ts": "1616540005.125500"
            },
            {
                "user": "U01LC2YQ2V6",
                "ts": "1616540112.125700"
            },
            {
                "user": "U01KG6YG79C",
                "ts": "1616541094.126100"
            },
            {
                "user": "U01JY0C0BQE",
                "ts": "1616549352.127300"
            }
        ],
        "is_locked": false,
        "subscribed": true,
        "last_read": "1616549352.127300",
        "reactions": [
            {
                "name": "100",
                "users": [
                    "U01KGHG0WFQ",
                    "U01LD8LHJSU"
                ],
                "count": 2
            },
            {
                "name": "+1",
                "users": [
                    "U01KGUALZ7G",
                    "U01KYJH7TK4",
                    "U01KNVDC9A6"
                ],
                "count": 3
            },
            {
                "name": "clap",
                "users": [
                    "U01JY0C0BQE"
                ],
                "count": 1
            }
        ]
    },
    {
        "client_msg_id": "49de3ab5-e0d7-490b-a449-d63ad32c65e3",
        "type": "message",
        "text": "An interesting exercise I would ask you guys to do is to first open a tab, and try to open developer tools. Go to the networks tab. You can check the disable cache box to make sure that the page and its resources is fully requested by the browser from the server instead of GETting some resources from the cache. With the dev tools window open, you can enter a URL and see all the requests made by the browser. You will see a bunch of resources, starting with the initial HTML and then a bunch of scripts, css files, images etc. in sort of a waterfall diagram. You can even click on these resources to see the content and headers as well as the corresponding GET request headers. It is very interesitng and will give you a lot of insight into how the browsers work.\nIn addition, you can even run wireshark and devtools side by side and you will see that a lot of information matches across the two tools. Obviously devtools clean up a lot of raw data you get and present it in a nice format whereas wireshark is giving you raw data.\nThese tools have a lot of information and can give you a lot of insight and interesting information. Try to start with a simpler website because complicated websites have 100s of resources. Start with <http:\/\/www.example.com> and then maybe something a bit more complicated (probably uiowa sites). These tools are super fascinating so give it a try and you will learn a lot more about webpages and browsers.",
        "user": "U01LC2YQ2V6",
        "ts": "1616538943.124600",
        "team": "T01KAU17684",
        "user_team": "T01KAU17684",
        "source_team": "T01KAU17684",
        "user_profile": {
            "avatar_hash": "g5aefd6bd660",
            "image_72": "https:\/\/secure.gravatar.com\/avatar\/5aefd6bd660d1ac185f11f45f20a389a.jpg?s=72&d=https%3A%2F%2Fa.slack-edge.com%2Fdf10d%2Fimg%2Favatars%2Fava_0001-72.png",
            "first_name": "",
            "real_name": "Adnan Ahmed",
            "display_name": "Adnan Ahmed",
            "team": "T01KAU17684",
            "name": "adnan-ahmed",
            "is_restricted": false,
            "is_ultra_restricted": false
        },
        "edited": {
            "user": "U01LC2YQ2V6",
            "ts": "1616539246.000000"
        },
        "blocks": [
            {
                "type": "rich_text",
                "block_id": "JsESL",
                "elements": [
                    {
                        "type": "rich_text_section",
                        "elements": [
                            {
                                "type": "text",
                                "text": "An interesting exercise I would ask you guys to do is to first open a tab, and try to open developer tools. Go to the networks tab. You can check the disable cache box to make sure that the page and its resources is fully requested by the browser from the server instead of GETting some resources from the cache. With the dev tools window open, you can enter a URL and see all the requests made by the browser. You will see a bunch of resources, starting with the initial HTML and then a bunch of scripts, css files, images etc. in sort of a waterfall diagram. You can even click on these resources to see the content and headers as well as the corresponding GET request headers. It is very interesitng and will give you a lot of insight into how the browsers work.\nIn addition, you can even run wireshark and devtools side by side and you will see that a lot of information matches across the two tools. Obviously devtools clean up a lot of raw data you get and present it in a nice format whereas wireshark is giving you raw data.\nThese tools have a lot of information and can give you a lot of insight and interesting information. Try to start with a simpler website because complicated websites have 100s of resources. Start with "
                            },
                            {
                                "type": "link",
                                "url": "http:\/\/www.example.com"
                            },
                            {
                                "type": "text",
                                "text": " and then maybe something a bit more complicated (probably uiowa sites). These tools are super fascinating so give it a try and you will learn a lot more about webpages and browsers."
                            }
                        ]
                    }
                ]
            }
        ],
        "reactions": [
            {
                "name": "raised_hands",
                "users": [
                    "U01KG6YG79C",
                    "U01KNVDC9A6",
                    "U01LD8LHJSU"
                ],
                "count": 3
            },
            {
                "name": "clap",
                "users": [
                    "U01JY0C0BQE"
                ],
                "count": 1
            }
        ]
    },
    {
        "client_msg_id": "a6c1112b-b503-487f-828c-e77da378143f",
        "type": "message",
        "text": "I'm a little confused on what it's looking for on Q2. I included a screenshot of captured packets and listed three different protocols (TCP, TLSv1.2, and DNS). Not sure what to include for the content\/header. Should I click on individual packets so that it displays  the IP header and contents and provide that screenshot too?",
        "user": "U01KG6YG79C",
        "ts": "1616540005.125500",
        "team": "T01KAU17684",
        "user_team": "T01KAU17684",
        "source_team": "T01KAU17684",
        "user_profile": {
            "avatar_hash": "gef4a9f06f5c",
            "image_72": "https:\/\/secure.gravatar.com\/avatar\/ef4a9f06f5c676bbc4128bea2f60cf91.jpg?s=72&d=https%3A%2F%2Fa.slack-edge.com%2Fdf10d%2Fimg%2Favatars%2Fava_0005-72.png",
            "first_name": "",
            "real_name": "Noah Burroughs",
            "display_name": "Noah Burroughs",
            "team": "T01KAU17684",
            "name": "nburroughs",
            "is_restricted": false,
            "is_ultra_restricted": false
        },
        "blocks": [
            {
                "type": "rich_text",
                "block_id": "4yg",
                "elements": [
                    {
                        "type": "rich_text_section",
                        "elements": [
                            {
                                "type": "text",
                                "text": "I'm a little confused on what it's looking for on Q2. I included a screenshot of captured packets and listed three different protocols (TCP, TLSv1.2, and DNS). Not sure what to include for the content\/header. Should I click on individual packets so that it displays  the IP header and contents and provide that screenshot too?"
                            }
                        ]
                    }
                ]
            }
        ],
        "thread_ts": "1616538579.120100",
        "parent_user_id": "U01LC2YQ2V6"
    },
    {
        "client_msg_id": "2d26bd92-c5a5-4ebe-bfa3-f338a652c214",
        "type": "message",
        "text": "yes you can click on a random packet and highlight what parts of the screen show what information",
        "user": "U01LC2YQ2V6",
        "ts": "1616540112.125700",
        "team": "T01KAU17684",
        "user_team": "T01KAU17684",
        "source_team": "T01KAU17684",
        "user_profile": {
            "avatar_hash": "g5aefd6bd660",
            "image_72": "https:\/\/secure.gravatar.com\/avatar\/5aefd6bd660d1ac185f11f45f20a389a.jpg?s=72&d=https%3A%2F%2Fa.slack-edge.com%2Fdf10d%2Fimg%2Favatars%2Fava_0001-72.png",
            "first_name": "",
            "real_name": "Adnan Ahmed",
            "display_name": "Adnan Ahmed",
            "team": "T01KAU17684",
            "name": "adnan-ahmed",
            "is_restricted": false,
            "is_ultra_restricted": false
        },
        "blocks": [
            {
                "type": "rich_text",
                "block_id": "0cBz3",
                "elements": [
                    {
                        "type": "rich_text_section",
                        "elements": [
                            {
                                "type": "text",
                                "text": "yes you can click on a random packet and highlight what parts of the screen show what information"
                            }
                        ]
                    }
                ]
            }
        ],
        "thread_ts": "1616538579.120100",
        "parent_user_id": "U01LC2YQ2V6",
        "reactions": [
            {
                "name": "+1",
                "users": [
                    "U01KG6YG79C"
                ],
                "count": 1
            }
        ]
    },
    {
        "client_msg_id": "774e5ca0-c959-4571-b343-b1fea56ba4ca",
        "type": "message",
        "text": "Should we include both the TCP header and the IP header if they're present?",
        "user": "U01KG6YG79C",
        "ts": "1616541094.126100",
        "team": "T01KAU17684",
        "user_team": "T01KAU17684",
        "source_team": "T01KAU17684",
        "user_profile": {
            "avatar_hash": "gef4a9f06f5c",
            "image_72": "https:\/\/secure.gravatar.com\/avatar\/ef4a9f06f5c676bbc4128bea2f60cf91.jpg?s=72&d=https%3A%2F%2Fa.slack-edge.com%2Fdf10d%2Fimg%2Favatars%2Fava_0005-72.png",
            "first_name": "",
            "real_name": "Noah Burroughs",
            "display_name": "Noah Burroughs",
            "team": "T01KAU17684",
            "name": "nburroughs",
            "is_restricted": false,
            "is_ultra_restricted": false
        },
        "blocks": [
            {
                "type": "rich_text",
                "block_id": "TbOAT",
                "elements": [
                    {
                        "type": "rich_text_section",
                        "elements": [
                            {
                                "type": "text",
                                "text": "Should we include both the TCP header and the IP header if they're present?"
                            }
                        ]
                    }
                ]
            }
        ],
        "thread_ts": "1616538579.120100",
        "parent_user_id": "U01LC2YQ2V6"
    },
    {
        "client_msg_id": "5ea5f8d1-4ca9-4dea-b1b0-add9ed70ab4a",
        "type": "message",
        "text": "Is it acceptable just to include screenshots and specify the locations and panes we got the info from? Or should we highlight things as well",
        "user": "U01KG6YG79C",
        "ts": "1616548816.127000",
        "team": "T01KAU17684",
        "user_team": "T01KAU17684",
        "source_team": "T01KAU17684",
        "user_profile": {
            "avatar_hash": "gef4a9f06f5c",
            "image_72": "https:\/\/secure.gravatar.com\/avatar\/ef4a9f06f5c676bbc4128bea2f60cf91.jpg?s=72&d=https%3A%2F%2Fa.slack-edge.com%2Fdf10d%2Fimg%2Favatars%2Fava_0005-72.png",
            "first_name": "",
            "real_name": "Noah Burroughs",
            "display_name": "Noah Burroughs",
            "team": "T01KAU17684",
            "name": "nburroughs",
            "is_restricted": false,
            "is_ultra_restricted": false
        },
        "blocks": [
            {
                "type": "rich_text",
                "block_id": "B8Bn",
                "elements": [
                    {
                        "type": "rich_text_section",
                        "elements": [
                            {
                                "type": "text",
                                "text": "Is it acceptable just to include screenshots and specify the locations and panes we got the info from? Or should we highlight things as well"
                            }
                        ]
                    }
                ]
            }
        ],
        "thread_ts": "1616548816.127000",
        "reply_count": 1,
        "reply_users_count": 1,
        "latest_reply": "1616549221.127100",
        "reply_users": [
            "U01JY0C0BQE"
        ],
        "replies": [
            {
                "user": "U01JY0C0BQE",
                "ts": "1616549221.127100"
            }
        ],
        "is_locked": false,
        "subscribed": true,
        "last_read": "1616549221.127100"
    },
    {
        "client_msg_id": "2706e150-ff37-4076-865e-e8e4133b9308",
        "type": "message",
        "text": "highlighting makes the evaluator's job easy. Nothing fancy, just put a line or box around relevant parts of the display.",
        "user": "U01JY0C0BQE",
        "ts": "1616549221.127100",
        "team": "T01KAU17684",
        "user_team": "T01KAU17684",
        "source_team": "T01KAU17684",
        "user_profile": {
            "avatar_hash": "7f8fd75b6a60",
            "image_72": "https:\/\/avatars.slack-edge.com\/2021-01-19\/1674790159632_7f8fd75b6a60270f0c59_72.jpg",
            "first_name": "Supreeth",
            "real_name": "Supreeth Shastri",
            "display_name": "Shastri",
            "team": "T01KAU17684",
            "name": "supreeth-shastri",
            "is_restricted": false,
            "is_ultra_restricted": false
        },
        "blocks": [
            {
                "type": "rich_text",
                "block_id": "GSvtD",
                "elements": [
                    {
                        "type": "rich_text_section",
                        "elements": [
                            {
                                "type": "text",
                                "text": "highlighting makes the evaluator's job easy. Nothing fancy, just put a line or box around relevant parts of the display."
                            }
                        ]
                    }
                ]
            }
        ],
        "thread_ts": "1616548816.127000",
        "parent_user_id": "U01KG6YG79C"
    },
    {
        "client_msg_id": "292357de-5b48-4e27-82cb-e850d9465cff",
        "type": "message",
        "text": "Sure, please use your discretion. The goal for Q2 is to demonstrate to the evaluator that you are fluent in using the tool.",
        "user": "U01JY0C0BQE",
        "ts": "1616549352.127300",
        "team": "T01KAU17684",
        "user_team": "T01KAU17684",
        "source_team": "T01KAU17684",
        "user_profile": {
            "avatar_hash": "7f8fd75b6a60",
            "image_72": "https:\/\/avatars.slack-edge.com\/2021-01-19\/1674790159632_7f8fd75b6a60270f0c59_72.jpg",
            "first_name": "Supreeth",
            "real_name": "Supreeth Shastri",
            "display_name": "Shastri",
            "team": "T01KAU17684",
            "name": "supreeth-shastri",
            "is_restricted": false,
            "is_ultra_restricted": false
        },
        "blocks": [
            {
                "type": "rich_text",
                "block_id": "Ikx",
                "elements": [
                    {
                        "type": "rich_text_section",
                        "elements": [
                            {
                                "type": "text",
                                "text": "Sure, please use your discretion. The goal for Q2 is to demonstrate to the evaluator that you are fluent in using the tool."
                            }
                        ]
                    }
                ]
            }
        ],
        "thread_ts": "1616538579.120100",
        "parent_user_id": "U01LC2YQ2V6",
        "reactions": [
            {
                "name": "+1",
                "users": [
                    "U01KG6YG79C"
                ],
                "count": 1
            }
        ]
    },
    {
        "client_msg_id": "7e3600b9-497e-4c4c-b4c9-c8dac84ae4b6",
        "type": "message",
        "text": "There was a question in the class that I couldn't get to: would we have spot quiz after the guest lecture? The answer is no. Since I do not have access to the content that Henning is going to be talking about, I cannot make questions. So, we will skip the quiz this Thursday.",
        "user": "U01JY0C0BQE",
        "ts": "1616549997.129300",
        "team": "T01KAU17684",
        "user_team": "T01KAU17684",
        "source_team": "T01KAU17684",
        "user_profile": {
            "avatar_hash": "7f8fd75b6a60",
            "image_72": "https:\/\/avatars.slack-edge.com\/2021-01-19\/1674790159632_7f8fd75b6a60270f0c59_72.jpg",
            "first_name": "Supreeth",
            "real_name": "Supreeth Shastri",
            "display_name": "Shastri",
            "team": "T01KAU17684",
            "name": "supreeth-shastri",
            "is_restricted": false,
            "is_ultra_restricted": false
        },
        "blocks": [
            {
                "type": "rich_text",
                "block_id": "hwd",
                "elements": [
                    {
                        "type": "rich_text_section",
                        "elements": [
                            {
                                "type": "text",
                                "text": "There was a question in the class that I couldn't get to: would we have spot quiz after the guest lecture? The answer is no. Since I do not have access to the content that Henning is going to be talking about, I cannot make questions. So, we will skip the quiz this Thursday."
                            }
                        ]
                    }
                ]
            }
        ],
        "reactions": [
            {
                "name": "+1",
                "users": [
                    "U01KNVDC9A6"
                ],
                "count": 1
            }
        ]
    }
]