[
    {
        "client_msg_id": "eb849ff1-0d3a-475f-a9d4-b2a3dfa93d22",
        "type": "message",
        "text": "Morning, everyone! I've manually regraded the spot quiz. In particular: (i) for Q4, the order in which you fill up IXP and peering should not matter, and (ii) for Q5, I had missed mentioning \"select all that apply\"; so you should get full credit even if you selected one correct answer. Please check your scores, and if you have any concerns, please DM me here. Appreciate your patience folks.",
        "user": "U01JY0C0BQE",
        "ts": "1611930233.141200",
        "team": "T01KAU17684",
        "user_team": "T01KAU17684",
        "source_team": "T01KAU17684",
        "user_profile": {
            "avatar_hash": "7f8fd75b6a60",
            "image_72": "https:\/\/avatars.slack-edge.com\/2021-01-19\/1674790159632_7f8fd75b6a60270f0c59_72.jpg",
            "first_name": "Supreeth",
            "real_name": "Supreeth Shastri",
            "display_name": "Shastri",
            "team": "T01KAU17684",
            "name": "supreeth-shastri",
            "is_restricted": false,
            "is_ultra_restricted": false
        },
        "blocks": [
            {
                "type": "rich_text",
                "block_id": "a3e",
                "elements": [
                    {
                        "type": "rich_text_section",
                        "elements": [
                            {
                                "type": "text",
                                "text": "Morning, everyone! I've manually regraded the spot quiz. In particular: (i) for Q4, the order in which you fill up IXP and peering should not matter, and (ii) for Q5, I had missed mentioning \"select all that apply\"; so you should get full credit even if you selected one correct answer. Please check your scores, and if you have any concerns, please DM me here. Appreciate your patience folks."
                            }
                        ]
                    }
                ]
            }
        ]
    },
    {
        "client_msg_id": "4B52D599-DE9B-47AC-84AF-D585A0DED4F5",
        "type": "message",
        "text": "Thanks professor!",
        "user": "U01KGHG0WFQ",
        "ts": "1611931051.141500",
        "team": "T01KAU17684",
        "user_team": "T01KAU17684",
        "source_team": "T01KAU17684",
        "user_profile": {
            "avatar_hash": "g4659cfcbbbf",
            "image_72": "https:\/\/secure.gravatar.com\/avatar\/4659cfcbbbff767c99b672aca9818727.jpg?s=72&d=https%3A%2F%2Fa.slack-edge.com%2Fdf10d%2Fimg%2Favatars%2Fava_0024-72.png",
            "first_name": "",
            "real_name": "Blake Espeland",
            "display_name": "Blake Espeland",
            "team": "T01KAU17684",
            "name": "blake-espeland",
            "is_restricted": false,
            "is_ultra_restricted": false
        },
        "blocks": [
            {
                "type": "rich_text",
                "block_id": "jXZ",
                "elements": [
                    {
                        "type": "rich_text_section",
                        "elements": [
                            {
                                "type": "text",
                                "text": "Thanks professor!"
                            }
                        ]
                    }
                ]
            }
        ],
        "reactions": [
            {
                "name": "+1",
                "users": [
                    "U01JY0C0BQE"
                ],
                "count": 1
            }
        ]
    },
    {
        "client_msg_id": "47cd07d8-769d-417f-be50-1df3d12f5f66",
        "type": "message",
        "text": "Hello everyone! My name is Ryan Samuel.  I am a senior studying computer science.  I am looking forward to learning more about networks this semester!",
        "user": "U01L840RW0J",
        "ts": "1611935126.142700",
        "team": "T01KAU17684",
        "user_team": "T01KAU17684",
        "source_team": "T01KAU17684",
        "user_profile": {
            "avatar_hash": "gae7cce4b799",
            "image_72": "https:\/\/secure.gravatar.com\/avatar\/ae7cce4b7994ce0a3e010ea21715cfef.jpg?s=72&d=https%3A%2F%2Fa.slack-edge.com%2Fdf10d%2Fimg%2Favatars%2Fava_0007-72.png",
            "first_name": "",
            "real_name": "Ryan Samuel",
            "display_name": "Ryan Samuel",
            "team": "T01KAU17684",
            "name": "ryan-samuel",
            "is_restricted": false,
            "is_ultra_restricted": false
        },
        "blocks": [
            {
                "type": "rich_text",
                "block_id": "lJ\/tU",
                "elements": [
                    {
                        "type": "rich_text_section",
                        "elements": [
                            {
                                "type": "text",
                                "text": "Hello everyone! My name is Ryan Samuel.  I am a senior studying computer science.  I am looking forward to learning more about networks this semester!"
                            }
                        ]
                    }
                ]
            }
        ],
        "reactions": [
            {
                "name": "wave",
                "users": [
                    "U01JY0C0BQE"
                ],
                "count": 1
            }
        ]
    },
    {
        "client_msg_id": "0bc6cc4e-0023-46ce-93cf-129dc7261100",
        "type": "message",
        "text": "Hi guys, I'm holding office hours at this link",
        "user": "U01LC2YQ2V6",
        "ts": "1611954060.143200",
        "team": "T01KAU17684",
        "user_team": "T01KAU17684",
        "source_team": "T01KAU17684",
        "user_profile": {
            "avatar_hash": "g5aefd6bd660",
            "image_72": "https:\/\/secure.gravatar.com\/avatar\/5aefd6bd660d1ac185f11f45f20a389a.jpg?s=72&d=https%3A%2F%2Fa.slack-edge.com%2Fdf10d%2Fimg%2Favatars%2Fava_0001-72.png",
            "first_name": "",
            "real_name": "Adnan Ahmed",
            "display_name": "Adnan Ahmed",
            "team": "T01KAU17684",
            "name": "adnan-ahmed",
            "is_restricted": false,
            "is_ultra_restricted": false
        },
        "blocks": [
            {
                "type": "rich_text",
                "block_id": "hE7Z",
                "elements": [
                    {
                        "type": "rich_text_section",
                        "elements": [
                            {
                                "type": "text",
                                "text": "Hi guys, I'm holding office hours at this link"
                            }
                        ]
                    }
                ]
            }
        ]
    },
    {
        "client_msg_id": "9fe68ce7-ee47-4925-a436-5a3e990326e0",
        "type": "message",
        "text": "<https:\/\/uiowa.zoom.us\/my\/adnan|https:\/\/uiowa.zoom.us\/my\/adnan>",
        "user": "U01LC2YQ2V6",
        "ts": "1611954063.143300",
        "team": "T01KAU17684",
        "user_team": "T01KAU17684",
        "source_team": "T01KAU17684",
        "user_profile": {
            "avatar_hash": "g5aefd6bd660",
            "image_72": "https:\/\/secure.gravatar.com\/avatar\/5aefd6bd660d1ac185f11f45f20a389a.jpg?s=72&d=https%3A%2F%2Fa.slack-edge.com%2Fdf10d%2Fimg%2Favatars%2Fava_0001-72.png",
            "first_name": "",
            "real_name": "Adnan Ahmed",
            "display_name": "Adnan Ahmed",
            "team": "T01KAU17684",
            "name": "adnan-ahmed",
            "is_restricted": false,
            "is_ultra_restricted": false
        },
        "blocks": [
            {
                "type": "rich_text",
                "block_id": "XfubT",
                "elements": [
                    {
                        "type": "rich_text_section",
                        "elements": [
                            {
                                "type": "link",
                                "url": "https:\/\/uiowa.zoom.us\/my\/adnan",
                                "text": "https:\/\/uiowa.zoom.us\/my\/adnan"
                            }
                        ]
                    }
                ]
            }
        ]
    }
]