[
    {
        "client_msg_id": "0ce22c07-ff94-41bd-a165-236cb40248a7",
        "type": "message",
        "text": "Hi everyone, I am holding my office hours at  <https:\/\/uiowa.zoom.us\/my\/adnan|https:\/\/uiowa.zoom.us\/my\/adnan>",
        "user": "U01LC2YQ2V6",
        "ts": "1613163932.181300",
        "team": "T01KAU17684",
        "user_team": "T01KAU17684",
        "source_team": "T01KAU17684",
        "user_profile": {
            "avatar_hash": "g5aefd6bd660",
            "image_72": "https:\/\/secure.gravatar.com\/avatar\/5aefd6bd660d1ac185f11f45f20a389a.jpg?s=72&d=https%3A%2F%2Fa.slack-edge.com%2Fdf10d%2Fimg%2Favatars%2Fava_0001-72.png",
            "first_name": "",
            "real_name": "Adnan Ahmed",
            "display_name": "Adnan Ahmed",
            "team": "T01KAU17684",
            "name": "adnan-ahmed",
            "is_restricted": false,
            "is_ultra_restricted": false
        },
        "blocks": [
            {
                "type": "rich_text",
                "block_id": "WqDi",
                "elements": [
                    {
                        "type": "rich_text_section",
                        "elements": [
                            {
                                "type": "text",
                                "text": "Hi everyone, I am holding my office hours at  "
                            },
                            {
                                "type": "link",
                                "url": "https:\/\/uiowa.zoom.us\/my\/adnan",
                                "text": "https:\/\/uiowa.zoom.us\/my\/adnan"
                            }
                        ]
                    }
                ]
            }
        ]
    }
]