[
    {
        "client_msg_id": "76EF31D4-098A-492E-A525-2FDBB749B16A",
        "type": "message",
        "text": "Did anyone else try doing a Google search while running Wireshark? It was really interesting because Wireshark came up with a whole bunch of “out of order ACKs” and “retransmitted packets” for me. I wonder if this is a reflection of how unreliable the internet is. ",
        "user": "U01KNVDC9A6",
        "ts": "1616354380.097200",
        "team": "T01KAU17684",
        "user_team": "T01KAU17684",
        "source_team": "T01KAU17684",
        "user_profile": {
            "avatar_hash": "56c10b4857c1",
            "image_72": "https:\/\/avatars.slack-edge.com\/2021-01-23\/1675168091332_56c10b4857c1336660f7_72.png",
            "first_name": "Laura",
            "real_name": "Laura Flores",
            "display_name": "Laura Flores",
            "team": "T01KAU17684",
            "name": "laura-flores",
            "is_restricted": false,
            "is_ultra_restricted": false
        },
        "blocks": [
            {
                "type": "rich_text",
                "block_id": "4Qa",
                "elements": [
                    {
                        "type": "rich_text_section",
                        "elements": [
                            {
                                "type": "text",
                                "text": "Did anyone else try doing a Google search while running Wireshark? It was really interesting because Wireshark came up with a whole bunch of “out of order ACKs” and “retransmitted packets” for me. I wonder if this is a reflection of how unreliable the internet is. "
                            }
                        ]
                    }
                ]
            }
        ],
        "thread_ts": "1616354380.097200",
        "reply_count": 2,
        "reply_users_count": 2,
        "latest_reply": "1616525886.109100",
        "reply_users": [
            "U01LC2YQ2V6",
            "U01KNVDC9A6"
        ],
        "replies": [
            {
                "user": "U01LC2YQ2V6",
                "ts": "1616451080.102300"
            },
            {
                "user": "U01KNVDC9A6",
                "ts": "1616525886.109100"
            }
        ],
        "is_locked": false,
        "subscribed": false
    },
    {
        "client_msg_id": "9B4C8FE7-E495-4B39-B3D3-8C0F562BB29C",
        "type": "message",
        "text": "(Also I could tell that the source of all the duplicate \/ out of order ACKs were coming from my  IP address, and they came at the exact moment I ran the Google search)",
        "user": "U01KNVDC9A6",
        "ts": "1616354438.098700",
        "team": "T01KAU17684",
        "user_team": "T01KAU17684",
        "source_team": "T01KAU17684",
        "user_profile": {
            "avatar_hash": "56c10b4857c1",
            "image_72": "https:\/\/avatars.slack-edge.com\/2021-01-23\/1675168091332_56c10b4857c1336660f7_72.png",
            "first_name": "Laura",
            "real_name": "Laura Flores",
            "display_name": "Laura Flores",
            "team": "T01KAU17684",
            "name": "laura-flores",
            "is_restricted": false,
            "is_ultra_restricted": false
        },
        "blocks": [
            {
                "type": "rich_text",
                "block_id": "oL1y",
                "elements": [
                    {
                        "type": "rich_text_section",
                        "elements": [
                            {
                                "type": "text",
                                "text": "(Also I could tell that the source of all the duplicate \/ out of order ACKs were coming from my  IP address, and they came at the exact moment I ran the Google search)"
                            }
                        ]
                    }
                ]
            }
        ]
    }
]