[
    {
        "client_msg_id": "142dbd63-296f-4c6a-b705-e480975df185",
        "type": "message",
        "text": "Folks -- I have a morning meeting that won't finish till 11:30am. So, I'll hold office hours from 11:30am instead. Sorry for the late notice.",
        "user": "U01JY0C0BQE",
        "ts": "1616599144.131500",
        "team": "T01KAU17684",
        "user_team": "T01KAU17684",
        "source_team": "T01KAU17684",
        "user_profile": {
            "avatar_hash": "7f8fd75b6a60",
            "image_72": "https:\/\/avatars.slack-edge.com\/2021-01-19\/1674790159632_7f8fd75b6a60270f0c59_72.jpg",
            "first_name": "Supreeth",
            "real_name": "Supreeth Shastri",
            "display_name": "Shastri",
            "team": "T01KAU17684",
            "name": "supreeth-shastri",
            "is_restricted": false,
            "is_ultra_restricted": false
        },
        "blocks": [
            {
                "type": "rich_text",
                "block_id": "G8EvW",
                "elements": [
                    {
                        "type": "rich_text_section",
                        "elements": [
                            {
                                "type": "text",
                                "text": "Folks -- I have a morning meeting that won't finish till 11:30am. So, I'll hold office hours from 11:30am instead. Sorry for the late notice."
                            }
                        ]
                    }
                ]
            }
        ]
    }
]