[
    {
        "client_msg_id": "a8957c7c-71fa-4e80-81b2-79e5090a4014",
        "type": "message",
        "text": "Dear class -- Prof. Schulzrinne had to reschedule his guest lecture to take care of something at his end. He will talk to us next Thursday. So, I'm converting today's live slot to an asynchronous lecture, where we will continue our exploration of the Internet Protocol. I will send you a note once I post the lecture to the website (ETA: Saturday EOD). Please feel free to watch it at your convenience. As discussed earlier, there will be no quiz. I apologize for any inconvenience. Talk to you all on Tuesday (3\/30) afternoon. Have a good rest of the week!",
        "user": "U01JY0C0BQE",
        "ts": "1616697092.138000",
        "team": "T01KAU17684",
        "user_team": "T01KAU17684",
        "source_team": "T01KAU17684",
        "user_profile": {
            "avatar_hash": "7f8fd75b6a60",
            "image_72": "https:\/\/avatars.slack-edge.com\/2021-01-19\/1674790159632_7f8fd75b6a60270f0c59_72.jpg",
            "first_name": "Supreeth",
            "real_name": "Supreeth Shastri",
            "display_name": "Shastri",
            "team": "T01KAU17684",
            "name": "supreeth-shastri",
            "is_restricted": false,
            "is_ultra_restricted": false
        },
        "blocks": [
            {
                "type": "rich_text",
                "block_id": "1VOa",
                "elements": [
                    {
                        "type": "rich_text_section",
                        "elements": [
                            {
                                "type": "text",
                                "text": "Dear class -- Prof. Schulzrinne had to reschedule his guest lecture to take care of something at his end. He will talk to us next Thursday. So, I'm converting today's live slot to an asynchronous lecture, where we will continue our exploration of the Internet Protocol. I will send you a note once I post the lecture to the website (ETA: Saturday EOD). Please feel free to watch it at your convenience. As discussed earlier, there will be no quiz. I apologize for any inconvenience. Talk to you all on Tuesday (3\/30) afternoon. Have a good rest of the week!"
                            }
                        ]
                    }
                ]
            }
        ],
        "reactions": [
            {
                "name": "+1",
                "users": [
                    "U01KNVDC9A6"
                ],
                "count": 1
            }
        ]
    }
]