[
    {
        "client_msg_id": "9FAB3D8A-E6CB-4F0A-B536-985E596543FD",
        "type": "message",
        "text": "Anyone’s taking algorithms this sem?",
        "user": "U01L1VA9MP0",
        "ts": "1616767705.138600",
        "team": "T01KAU17684",
        "user_team": "T01KAU17684",
        "source_team": "T01KAU17684",
        "user_profile": {
            "avatar_hash": "gc723735a037",
            "image_72": "https:\/\/secure.gravatar.com\/avatar\/c723735a037f8e47f6581b8383be908d.jpg?s=72&d=https%3A%2F%2Fa.slack-edge.com%2Fdf10d%2Fimg%2Favatars%2Fava_0002-72.png",
            "first_name": "",
            "real_name": "Krishna vamsi pratti",
            "display_name": "Krishna vamsi pratti",
            "team": "T01KAU17684",
            "name": "krishnavamsi-pratti",
            "is_restricted": false,
            "is_ultra_restricted": false
        },
        "blocks": [
            {
                "type": "rich_text",
                "block_id": "i5T",
                "elements": [
                    {
                        "type": "rich_text_section",
                        "elements": [
                            {
                                "type": "text",
                                "text": "Anyone’s taking algorithms this sem?"
                            }
                        ]
                    }
                ]
            }
        ],
        "thread_ts": "1616767705.138600",
        "reply_count": 2,
        "reply_users_count": 2,
        "latest_reply": "1616774672.139800",
        "reply_users": [
            "U01KNVDC9A6",
            "U01L1VA9MP0"
        ],
        "replies": [
            {
                "user": "U01KNVDC9A6",
                "ts": "1616774465.139000"
            },
            {
                "user": "U01L1VA9MP0",
                "ts": "1616774672.139800"
            }
        ],
        "is_locked": false,
        "subscribed": false
    },
    {
        "client_msg_id": "4A0116D0-E0FA-457F-81E5-A14B51B087F0",
        "type": "message",
        "text": "Took it last semester!",
        "user": "U01KNVDC9A6",
        "ts": "1616774465.139000",
        "team": "T01KAU17684",
        "user_team": "T01KAU17684",
        "source_team": "T01KAU17684",
        "user_profile": {
            "avatar_hash": "56c10b4857c1",
            "image_72": "https:\/\/avatars.slack-edge.com\/2021-01-23\/1675168091332_56c10b4857c1336660f7_72.png",
            "first_name": "Laura",
            "real_name": "Laura Flores",
            "display_name": "Laura Flores",
            "team": "T01KAU17684",
            "name": "laura-flores",
            "is_restricted": false,
            "is_ultra_restricted": false
        },
        "blocks": [
            {
                "type": "rich_text",
                "block_id": "PYV4",
                "elements": [
                    {
                        "type": "rich_text_section",
                        "elements": [
                            {
                                "type": "text",
                                "text": "Took it last semester!"
                            }
                        ]
                    }
                ]
            }
        ],
        "thread_ts": "1616767705.138600",
        "parent_user_id": "U01L1VA9MP0"
    },
    {
        "client_msg_id": "02EF342C-B81A-475B-BE08-BC1B104269E1",
        "type": "message",
        "text": "Mind checking Dm thanks :)",
        "user": "U01L1VA9MP0",
        "ts": "1616774672.139800",
        "team": "T01KAU17684",
        "user_team": "T01KAU17684",
        "source_team": "T01KAU17684",
        "user_profile": {
            "avatar_hash": "gc723735a037",
            "image_72": "https:\/\/secure.gravatar.com\/avatar\/c723735a037f8e47f6581b8383be908d.jpg?s=72&d=https%3A%2F%2Fa.slack-edge.com%2Fdf10d%2Fimg%2Favatars%2Fava_0002-72.png",
            "first_name": "",
            "real_name": "Krishna vamsi pratti",
            "display_name": "Krishna vamsi pratti",
            "team": "T01KAU17684",
            "name": "krishnavamsi-pratti",
            "is_restricted": false,
            "is_ultra_restricted": false
        },
        "blocks": [
            {
                "type": "rich_text",
                "block_id": "a359b",
                "elements": [
                    {
                        "type": "rich_text_section",
                        "elements": [
                            {
                                "type": "text",
                                "text": "Mind checking Dm thanks :)"
                            }
                        ]
                    }
                ]
            }
        ],
        "thread_ts": "1616767705.138600",
        "parent_user_id": "U01L1VA9MP0"
    }
]