[
    {
        "client_msg_id": "b678a41c-92a6-4dfb-869c-54ccf16a97b9",
        "type": "message",
        "text": "Thank you for the kind words guys. It was a pleasure teaching you guys and helping you out to the best of my abilities. I apologize if there were any shortcomings on my part. I wish you guys the best of luck for the rest of your classes and your future semesters. Especially to the graduating students, I sincerely wish the best for you and hope you excel in the fields and careers you end up in. Hopefully you get to use the things you learned in this class and we were able to have a positive impact in your overall learning. Please feel free to reach out if you guys need my help with this class, anything networking, or just general stuff. All the best :pray::pray::pray:",
        "user": "U01LC2YQ2V6",
        "ts": "1620890128.135900",
        "team": "T01KAU17684",
        "user_team": "T01KAU17684",
        "source_team": "T01KAU17684",
        "user_profile": {
            "avatar_hash": "g5aefd6bd660",
            "image_72": "https:\/\/secure.gravatar.com\/avatar\/5aefd6bd660d1ac185f11f45f20a389a.jpg?s=72&d=https%3A%2F%2Fa.slack-edge.com%2Fdf10d%2Fimg%2Favatars%2Fava_0001-72.png",
            "first_name": "",
            "real_name": "Adnan Ahmed",
            "display_name": "Adnan Ahmed",
            "team": "T01KAU17684",
            "name": "adnan-ahmed",
            "is_restricted": false,
            "is_ultra_restricted": false
        },
        "blocks": [
            {
                "type": "rich_text",
                "block_id": "tcr\/U",
                "elements": [
                    {
                        "type": "rich_text_section",
                        "elements": [
                            {
                                "type": "text",
                                "text": "Thank you for the kind words guys. It was a pleasure teaching you guys and helping you out to the best of my abilities. I apologize if there were any shortcomings on my part. I wish you guys the best of luck for the rest of your classes and your future semesters. Especially to the graduating students, I sincerely wish the best for you and hope you excel in the fields and careers you end up in. Hopefully you get to use the things you learned in this class and we were able to have a positive impact in your overall learning. Please feel free to reach out if you guys need my help with this class, anything networking, or just general stuff. All the best "
                            },
                            {
                                "type": "emoji",
                                "name": "pray"
                            },
                            {
                                "type": "emoji",
                                "name": "pray"
                            },
                            {
                                "type": "emoji",
                                "name": "pray"
                            }
                        ]
                    }
                ]
            }
        ],
        "reactions": [
            {
                "name": "pray",
                "users": [
                    "U01LD8LHJSU"
                ],
                "count": 1
            },
            {
                "name": "clap",
                "users": [
                    "U01JY0C0BQE"
                ],
                "count": 1
            }
        ]
    }
]