[
    {
        "client_msg_id": "095949bf-2088-487a-823d-d8ecc611c1bf",
        "type": "message",
        "text": "Office hour notice: morning folks, if you need to talk to me, please ping me here on slack first. Thank you!",
        "user": "U01JY0C0BQE",
        "ts": "1619625977.089000",
        "team": "T01KAU17684",
        "user_team": "T01KAU17684",
        "source_team": "T01KAU17684",
        "user_profile": {
            "avatar_hash": "7f8fd75b6a60",
            "image_72": "https:\/\/avatars.slack-edge.com\/2021-01-19\/1674790159632_7f8fd75b6a60270f0c59_72.jpg",
            "first_name": "Supreeth",
            "real_name": "Supreeth Shastri",
            "display_name": "Shastri",
            "team": "T01KAU17684",
            "name": "supreeth-shastri",
            "is_restricted": false,
            "is_ultra_restricted": false
        },
        "blocks": [
            {
                "type": "rich_text",
                "block_id": "ICkdU",
                "elements": [
                    {
                        "type": "rich_text_section",
                        "elements": [
                            {
                                "type": "text",
                                "text": "Office hour notice: morning folks, if you need to talk to me, please ping me here on slack first. Thank you!"
                            }
                        ]
                    }
                ]
            }
        ],
        "thread_ts": "1619625977.089000",
        "reply_count": 1,
        "reply_users_count": 1,
        "latest_reply": "1619628250.091100",
        "reply_users": [
            "U01JY0C0BQE"
        ],
        "replies": [
            {
                "user": "U01JY0C0BQE",
                "ts": "1619628250.091100"
            }
        ],
        "is_locked": false,
        "subscribed": true,
        "last_read": "1619628250.091100"
    },
    {
        "client_msg_id": "286399db-3bd6-4817-b329-96c5f8d7ac5e",
        "type": "message",
        "text": "<@U01JY0C0BQE> Good Morning! Could you explain what the output for project 2 should look like? Mine is currently giving a list of delay values, but I was wondering if we need to output a summary of the data similar to the native windows ping command.",
        "user": "U01LD8LHJSU",
        "ts": "1619626112.090600",
        "team": "T01KAU17684",
        "user_team": "T01KAU17684",
        "source_team": "T01KAU17684",
        "user_profile": {
            "avatar_hash": "g5bf6e023d9b",
            "image_72": "https:\/\/secure.gravatar.com\/avatar\/5bf6e023d9b4b5899554b88b4049f470.jpg?s=72&d=https%3A%2F%2Fa.slack-edge.com%2Fdf10d%2Fimg%2Favatars%2Fava_0023-72.png",
            "first_name": "",
            "real_name": "Evan Jacobs",
            "display_name": "Evan Jacobs",
            "team": "T01KAU17684",
            "name": "evan-jacobs",
            "is_restricted": false,
            "is_ultra_restricted": false
        },
        "blocks": [
            {
                "type": "rich_text",
                "block_id": "Am\/07",
                "elements": [
                    {
                        "type": "rich_text_section",
                        "elements": [
                            {
                                "type": "user",
                                "user_id": "U01JY0C0BQE"
                            },
                            {
                                "type": "text",
                                "text": " Good Morning! Could you explain what the output for project 2 should look like? Mine is currently giving a list of delay values, but I was wondering if we need to output a summary of the data similar to the native windows ping command."
                            }
                        ]
                    }
                ]
            }
        ],
        "thread_ts": "1619626112.090600",
        "reply_count": 2,
        "reply_users_count": 2,
        "latest_reply": "1619627132.090900",
        "reply_users": [
            "U01JY0C0BQE",
            "U01LD8LHJSU"
        ],
        "replies": [
            {
                "user": "U01JY0C0BQE",
                "ts": "1619626423.090700"
            },
            {
                "user": "U01LD8LHJSU",
                "ts": "1619627132.090900"
            }
        ],
        "is_locked": false,
        "subscribed": true,
        "last_read": "1619627132.090900"
    },
    {
        "client_msg_id": "d2b9aff7-c73e-4985-bf5b-9e4742be7b95",
        "type": "message",
        "text": "Hello Evan -- yes, per ping delay values are enough. You do not need to do any more arithmetic on top of it.",
        "user": "U01JY0C0BQE",
        "ts": "1619626423.090700",
        "team": "T01KAU17684",
        "user_team": "T01KAU17684",
        "source_team": "T01KAU17684",
        "user_profile": {
            "avatar_hash": "7f8fd75b6a60",
            "image_72": "https:\/\/avatars.slack-edge.com\/2021-01-19\/1674790159632_7f8fd75b6a60270f0c59_72.jpg",
            "first_name": "Supreeth",
            "real_name": "Supreeth Shastri",
            "display_name": "Shastri",
            "team": "T01KAU17684",
            "name": "supreeth-shastri",
            "is_restricted": false,
            "is_ultra_restricted": false
        },
        "blocks": [
            {
                "type": "rich_text",
                "block_id": "9vCq",
                "elements": [
                    {
                        "type": "rich_text_section",
                        "elements": [
                            {
                                "type": "text",
                                "text": "Hello Evan -- yes, per ping delay values are enough. You do not need to do any more arithmetic on top of it."
                            }
                        ]
                    }
                ]
            }
        ],
        "thread_ts": "1619626112.090600",
        "parent_user_id": "U01LD8LHJSU"
    },
    {
        "client_msg_id": "e992647f-8e0c-47b1-84a1-9274e7a6b8d0",
        "type": "message",
        "text": "Great! Thank you very much!",
        "user": "U01LD8LHJSU",
        "ts": "1619627132.090900",
        "team": "T01KAU17684",
        "user_team": "T01KAU17684",
        "source_team": "T01KAU17684",
        "user_profile": {
            "avatar_hash": "g5bf6e023d9b",
            "image_72": "https:\/\/secure.gravatar.com\/avatar\/5bf6e023d9b4b5899554b88b4049f470.jpg?s=72&d=https%3A%2F%2Fa.slack-edge.com%2Fdf10d%2Fimg%2Favatars%2Fava_0023-72.png",
            "first_name": "",
            "real_name": "Evan Jacobs",
            "display_name": "Evan Jacobs",
            "team": "T01KAU17684",
            "name": "evan-jacobs",
            "is_restricted": false,
            "is_ultra_restricted": false
        },
        "blocks": [
            {
                "type": "rich_text",
                "block_id": "R2W",
                "elements": [
                    {
                        "type": "rich_text_section",
                        "elements": [
                            {
                                "type": "text",
                                "text": "Great! Thank you very much!"
                            }
                        ]
                    }
                ]
            }
        ],
        "thread_ts": "1619626112.090600",
        "parent_user_id": "U01LD8LHJSU"
    },
    {
        "client_msg_id": "bab5cb57-61a2-4582-bb42-32a7ff30b295",
        "type": "message",
        "text": "I was in a meeting with another faculty. Now, I'm available on zoom. Ping me for anything.",
        "user": "U01JY0C0BQE",
        "ts": "1619628250.091100",
        "team": "T01KAU17684",
        "user_team": "T01KAU17684",
        "source_team": "T01KAU17684",
        "user_profile": {
            "avatar_hash": "7f8fd75b6a60",
            "image_72": "https:\/\/avatars.slack-edge.com\/2021-01-19\/1674790159632_7f8fd75b6a60270f0c59_72.jpg",
            "first_name": "Supreeth",
            "real_name": "Supreeth Shastri",
            "display_name": "Shastri",
            "team": "T01KAU17684",
            "name": "supreeth-shastri",
            "is_restricted": false,
            "is_ultra_restricted": false
        },
        "blocks": [
            {
                "type": "rich_text",
                "block_id": "AJyCr",
                "elements": [
                    {
                        "type": "rich_text_section",
                        "elements": [
                            {
                                "type": "text",
                                "text": "I was in a meeting with another faculty. Now, I'm available on zoom. Ping me for anything."
                            }
                        ]
                    }
                ]
            }
        ],
        "thread_ts": "1619625977.089000",
        "parent_user_id": "U01JY0C0BQE"
    },
    {
        "client_msg_id": "25385511-2b4e-4ba7-a9ab-77894345b677",
        "type": "message",
        "text": "*PSA:*\n1. All slides and videos have been uploaded; hopefully they'll make your interview preparations, a bit easier.\n2. There will be no more lectures, and I won't be holding office hours next week onwards (if need be, we can schedule 1-on-1 meetings)\n3. We're starting our technical interviews from Thursday 4\/29. Good luck everyone!",
        "user": "U01JY0C0BQE",
        "ts": "1619630263.092000",
        "team": "T01KAU17684",
        "user_team": "T01KAU17684",
        "source_team": "T01KAU17684",
        "user_profile": {
            "avatar_hash": "7f8fd75b6a60",
            "image_72": "https:\/\/avatars.slack-edge.com\/2021-01-19\/1674790159632_7f8fd75b6a60270f0c59_72.jpg",
            "first_name": "Supreeth",
            "real_name": "Supreeth Shastri",
            "display_name": "Shastri",
            "team": "T01KAU17684",
            "name": "supreeth-shastri",
            "is_restricted": false,
            "is_ultra_restricted": false
        },
        "edited": {
            "user": "U01JY0C0BQE",
            "ts": "1619630874.000000"
        },
        "blocks": [
            {
                "type": "rich_text",
                "block_id": "BbL4\/",
                "elements": [
                    {
                        "type": "rich_text_section",
                        "elements": [
                            {
                                "type": "text",
                                "text": "PSA:",
                                "style": {
                                    "bold": true
                                }
                            },
                            {
                                "type": "text",
                                "text": "\n1. All slides and videos have been uploaded; hopefully they'll make your interview preparations, a bit easier.\n2. There will be no more lectures, and I won't be holding office hours next week onwards (if need be, we can schedule 1-on-1 meetings)\n3. We're starting our technical interviews from Thursday 4\/29. Good luck everyone!"
                            }
                        ]
                    }
                ]
            }
        ]
    },
    {
        "client_msg_id": "16cda2e9-b08a-4e9c-b742-b2d387d46db7",
        "type": "message",
        "text": "ICON should have computed your aggregate grade for the spot quizzes. Best 20 grades out of 22 available are picked. Do give it a look. Overall, most folks have done well on this, congratulations :clap:",
        "user": "U01JY0C0BQE",
        "ts": "1619630446.094500",
        "team": "T01KAU17684",
        "user_team": "T01KAU17684",
        "source_team": "T01KAU17684",
        "user_profile": {
            "avatar_hash": "7f8fd75b6a60",
            "image_72": "https:\/\/avatars.slack-edge.com\/2021-01-19\/1674790159632_7f8fd75b6a60270f0c59_72.jpg",
            "first_name": "Supreeth",
            "real_name": "Supreeth Shastri",
            "display_name": "Shastri",
            "team": "T01KAU17684",
            "name": "supreeth-shastri",
            "is_restricted": false,
            "is_ultra_restricted": false
        },
        "blocks": [
            {
                "type": "rich_text",
                "block_id": "PLU",
                "elements": [
                    {
                        "type": "rich_text_section",
                        "elements": [
                            {
                                "type": "text",
                                "text": "ICON should have computed your aggregate grade for the spot quizzes. Best 20 grades out of 22 available are picked. Do give it a look. Overall, most folks have done well on this, congratulations "
                            },
                            {
                                "type": "emoji",
                                "name": "clap"
                            }
                        ]
                    }
                ]
            }
        ],
        "reactions": [
            {
                "name": "grinning",
                "users": [
                    "U01KNVDC9A6"
                ],
                "count": 1
            }
        ]
    },
    {
        "client_msg_id": "bc549b60-f5e1-4e47-b85c-45a75420a731",
        "type": "message",
        "text": "<@U01JY0C0BQE> <@U01LC2YQ2V6> I am currently having to run my ping Python script using “sudo” since I get this socket error otherwise: `socket.error: [Errno 1] Operation not permitted`. Is this an issue? Or is there a way I can get around using sudo?",
        "user": "U01KNVDC9A6",
        "ts": "1619642511.095900",
        "team": "T01KAU17684",
        "user_team": "T01KAU17684",
        "source_team": "T01KAU17684",
        "user_profile": {
            "avatar_hash": "56c10b4857c1",
            "image_72": "https:\/\/avatars.slack-edge.com\/2021-01-23\/1675168091332_56c10b4857c1336660f7_72.png",
            "first_name": "Laura",
            "real_name": "Laura Flores",
            "display_name": "Laura Flores",
            "team": "T01KAU17684",
            "name": "laura-flores",
            "is_restricted": false,
            "is_ultra_restricted": false
        },
        "edited": {
            "user": "U01KNVDC9A6",
            "ts": "1619642553.000000"
        },
        "blocks": [
            {
                "type": "rich_text",
                "block_id": "Zz2e",
                "elements": [
                    {
                        "type": "rich_text_section",
                        "elements": [
                            {
                                "type": "user",
                                "user_id": "U01JY0C0BQE"
                            },
                            {
                                "type": "text",
                                "text": " "
                            },
                            {
                                "type": "user",
                                "user_id": "U01LC2YQ2V6"
                            },
                            {
                                "type": "text",
                                "text": " I am currently having to run my ping Python script using “sudo” since I get this socket error otherwise: "
                            },
                            {
                                "type": "text",
                                "text": "socket.error: [Errno 1] Operation not permitted",
                                "style": {
                                    "code": true
                                }
                            },
                            {
                                "type": "text",
                                "text": ". Is this an issue? Or is there a way I can get around using sudo?"
                            }
                        ]
                    }
                ]
            }
        ],
        "thread_ts": "1619642511.095900",
        "reply_count": 5,
        "reply_users_count": 2,
        "latest_reply": "1619643040.097400",
        "reply_users": [
            "U01LC2YQ2V6",
            "U01KNVDC9A6"
        ],
        "replies": [
            {
                "user": "U01LC2YQ2V6",
                "ts": "1619642707.096100"
            },
            {
                "user": "U01LC2YQ2V6",
                "ts": "1619642778.096400"
            },
            {
                "user": "U01KNVDC9A6",
                "ts": "1619642888.096600"
            },
            {
                "user": "U01LC2YQ2V6",
                "ts": "1619642952.096900"
            },
            {
                "user": "U01KNVDC9A6",
                "ts": "1619643040.097400"
            }
        ],
        "is_locked": false,
        "subscribed": true,
        "last_read": "1619643040.097400"
    },
    {
        "client_msg_id": "714b95f9-423a-4c15-997a-724cec4d608d",
        "type": "message",
        "text": "<https:\/\/squidarth.com\/networking\/systems\/rc\/2018\/05\/28\/using-raw-sockets.html>\n\nthis article may highlight why raw sockets are much more powerful than tcp\/udp sockets and why you would need elevated privileges to use raw sockets in your program for security purposes.",
        "user": "U01LC2YQ2V6",
        "ts": "1619642707.096100",
        "team": "T01KAU17684",
        "user_team": "T01KAU17684",
        "source_team": "T01KAU17684",
        "user_profile": {
            "avatar_hash": "g5aefd6bd660",
            "image_72": "https:\/\/secure.gravatar.com\/avatar\/5aefd6bd660d1ac185f11f45f20a389a.jpg?s=72&d=https%3A%2F%2Fa.slack-edge.com%2Fdf10d%2Fimg%2Favatars%2Fava_0001-72.png",
            "first_name": "",
            "real_name": "Adnan Ahmed",
            "display_name": "Adnan Ahmed",
            "team": "T01KAU17684",
            "name": "adnan-ahmed",
            "is_restricted": false,
            "is_ultra_restricted": false
        },
        "attachments": [
            {
                "title": "Using Linux Raw Sockets",
                "title_link": "https:\/\/squidarth.com\/networking\/systems\/rc\/2018\/05\/28\/using-raw-sockets.html",
                "text": "In an effort to learn how TCP\/IP works, I decided to start playing around witha low-level TCP\/IP library, smoltcp. Some ofthe examples (particularly, the clo...",
                "fallback": "Using Linux Raw Sockets",
                "from_url": "https:\/\/squidarth.com\/networking\/systems\/rc\/2018\/05\/28\/using-raw-sockets.html",
                "service_name": "squidarth.com",
                "id": 1,
                "original_url": "https:\/\/squidarth.com\/networking\/systems\/rc\/2018\/05\/28\/using-raw-sockets.html"
            }
        ],
        "blocks": [
            {
                "type": "rich_text",
                "block_id": "z3Ce",
                "elements": [
                    {
                        "type": "rich_text_section",
                        "elements": [
                            {
                                "type": "link",
                                "url": "https:\/\/squidarth.com\/networking\/systems\/rc\/2018\/05\/28\/using-raw-sockets.html"
                            },
                            {
                                "type": "text",
                                "text": "\n\nthis article may highlight why raw sockets are much more powerful than tcp\/udp sockets and why you would need elevated privileges to use raw sockets in your program for security purposes."
                            }
                        ]
                    }
                ]
            }
        ],
        "thread_ts": "1619642511.095900",
        "parent_user_id": "U01KNVDC9A6",
        "reactions": [
            {
                "name": "pray",
                "users": [
                    "U01KNVDC9A6"
                ],
                "count": 1
            }
        ]
    },
    {
        "client_msg_id": "eff4e528-a27a-4a9e-b101-e4841a7f788b",
        "type": "message",
        "text": "it also highlights a workaround in case you are interested",
        "user": "U01LC2YQ2V6",
        "ts": "1619642778.096400",
        "team": "T01KAU17684",
        "user_team": "T01KAU17684",
        "source_team": "T01KAU17684",
        "user_profile": {
            "avatar_hash": "g5aefd6bd660",
            "image_72": "https:\/\/secure.gravatar.com\/avatar\/5aefd6bd660d1ac185f11f45f20a389a.jpg?s=72&d=https%3A%2F%2Fa.slack-edge.com%2Fdf10d%2Fimg%2Favatars%2Fava_0001-72.png",
            "first_name": "",
            "real_name": "Adnan Ahmed",
            "display_name": "Adnan Ahmed",
            "team": "T01KAU17684",
            "name": "adnan-ahmed",
            "is_restricted": false,
            "is_ultra_restricted": false
        },
        "blocks": [
            {
                "type": "rich_text",
                "block_id": "Ftzw",
                "elements": [
                    {
                        "type": "rich_text_section",
                        "elements": [
                            {
                                "type": "text",
                                "text": "it also highlights a workaround in case you are interested"
                            }
                        ]
                    }
                ]
            }
        ],
        "thread_ts": "1619642511.095900",
        "parent_user_id": "U01KNVDC9A6"
    },
    {
        "client_msg_id": "5c8852ce-cd25-4214-a108-1051a2ea0bad",
        "type": "message",
        "text": "Thank you Adnan! I’ll take a look at this. Would you recommend trying the workaround, or is this normal for my script to require extra privileges? (I just want to make sure that when I turn in the file, you and Prof. Shastri are able to run it).",
        "user": "U01KNVDC9A6",
        "ts": "1619642888.096600",
        "team": "T01KAU17684",
        "user_team": "T01KAU17684",
        "source_team": "T01KAU17684",
        "user_profile": {
            "avatar_hash": "56c10b4857c1",
            "image_72": "https:\/\/avatars.slack-edge.com\/2021-01-23\/1675168091332_56c10b4857c1336660f7_72.png",
            "first_name": "Laura",
            "real_name": "Laura Flores",
            "display_name": "Laura Flores",
            "team": "T01KAU17684",
            "name": "laura-flores",
            "is_restricted": false,
            "is_ultra_restricted": false
        },
        "blocks": [
            {
                "type": "rich_text",
                "block_id": "T4w",
                "elements": [
                    {
                        "type": "rich_text_section",
                        "elements": [
                            {
                                "type": "text",
                                "text": "Thank you Adnan! I’ll take a look at this. Would you recommend trying the workaround, or is this normal for my script to require extra privileges? (I just want to make sure that when I turn in the file, you and Prof. Shastri are able to run it)."
                            }
                        ]
                    }
                ]
            }
        ],
        "thread_ts": "1619642511.095900",
        "parent_user_id": "U01KNVDC9A6"
    },
    {
        "client_msg_id": "ad1ad322-d1ee-4777-b9a0-087e24e2e95b",
        "type": "message",
        "text": "Don't worry about the workaround.",
        "user": "U01LC2YQ2V6",
        "ts": "1619642952.096900",
        "team": "T01KAU17684",
        "user_team": "T01KAU17684",
        "source_team": "T01KAU17684",
        "user_profile": {
            "avatar_hash": "g5aefd6bd660",
            "image_72": "https:\/\/secure.gravatar.com\/avatar\/5aefd6bd660d1ac185f11f45f20a389a.jpg?s=72&d=https%3A%2F%2Fa.slack-edge.com%2Fdf10d%2Fimg%2Favatars%2Fava_0001-72.png",
            "first_name": "",
            "real_name": "Adnan Ahmed",
            "display_name": "Adnan Ahmed",
            "team": "T01KAU17684",
            "name": "adnan-ahmed",
            "is_restricted": false,
            "is_ultra_restricted": false
        },
        "blocks": [
            {
                "type": "rich_text",
                "block_id": "0qV",
                "elements": [
                    {
                        "type": "rich_text_section",
                        "elements": [
                            {
                                "type": "text",
                                "text": "Don't worry about the workaround."
                            }
                        ]
                    }
                ]
            }
        ],
        "thread_ts": "1619642511.095900",
        "parent_user_id": "U01KNVDC9A6",
        "reactions": [
            {
                "name": "+1",
                "users": [
                    "U01KNVDC9A6"
                ],
                "count": 1
            }
        ]
    },
    {
        "client_msg_id": "BC9E5981-05E7-4EBE-845A-8EDDAA770277",
        "type": "message",
        "text": "Okay. Thank you Adnan!",
        "user": "U01KNVDC9A6",
        "ts": "1619643040.097400",
        "team": "T01KAU17684",
        "user_team": "T01KAU17684",
        "source_team": "T01KAU17684",
        "user_profile": {
            "avatar_hash": "56c10b4857c1",
            "image_72": "https:\/\/avatars.slack-edge.com\/2021-01-23\/1675168091332_56c10b4857c1336660f7_72.png",
            "first_name": "Laura",
            "real_name": "Laura Flores",
            "display_name": "Laura Flores",
            "team": "T01KAU17684",
            "name": "laura-flores",
            "is_restricted": false,
            "is_ultra_restricted": false
        },
        "blocks": [
            {
                "type": "rich_text",
                "block_id": "4Ff7E",
                "elements": [
                    {
                        "type": "rich_text_section",
                        "elements": [
                            {
                                "type": "text",
                                "text": "Okay. Thank you Adnan!"
                            }
                        ]
                    }
                ]
            }
        ],
        "thread_ts": "1619642511.095900",
        "parent_user_id": "U01KNVDC9A6",
        "reactions": [
            {
                "name": "+1",
                "users": [
                    "U01LC2YQ2V6"
                ],
                "count": 1
            }
        ]
    },
    {
        "client_msg_id": "88068c35-b4d1-4bca-a04a-935fb0985b68",
        "type": "message",
        "text": "Was anyone else able to run the pings on an international website? If so, where did you ping? I keep getting timeouts but am able to run it on domestic websites just fine",
        "user": "U01KG64R9BQ",
        "ts": "1619664312.098800",
        "team": "T01KAU17684",
        "user_team": "T01KAU17684",
        "source_team": "T01KAU17684",
        "user_profile": {
            "avatar_hash": "g659108f335a",
            "image_72": "https:\/\/secure.gravatar.com\/avatar\/659108f335a56aec418b9612f9fa88fe.jpg?s=72&d=https%3A%2F%2Fa.slack-edge.com%2Fdf10d%2Fimg%2Favatars%2Fava_0015-72.png",
            "first_name": "",
            "real_name": "Daniel Conway",
            "display_name": "Daniel Conway",
            "team": "T01KAU17684",
            "name": "daniel-conway",
            "is_restricted": false,
            "is_ultra_restricted": false
        },
        "blocks": [
            {
                "type": "rich_text",
                "block_id": "LM3",
                "elements": [
                    {
                        "type": "rich_text_section",
                        "elements": [
                            {
                                "type": "text",
                                "text": "Was anyone else able to run the pings on an international website? If so, where did you ping? I keep getting timeouts but am able to run it on domestic websites just fine"
                            }
                        ]
                    }
                ]
            }
        ],
        "thread_ts": "1619664312.098800",
        "reply_count": 2,
        "reply_users_count": 2,
        "latest_reply": "1619675116.099300",
        "reply_users": [
            "U01KNVDC9A6",
            "U01KG64R9BQ"
        ],
        "replies": [
            {
                "user": "U01KNVDC9A6",
                "ts": "1619666154.098900"
            },
            {
                "user": "U01KG64R9BQ",
                "ts": "1619675116.099300"
            }
        ],
        "is_locked": false,
        "subscribed": false
    },
    {
        "client_msg_id": "49e20fea-7a5f-4a0b-81d5-95dd22b20590",
        "type": "message",
        "text": "I can’t say for sure if this is a credible site, but I Googled “list of servers from around the world” and <https:\/\/www.dotcom-monitor.com\/blog\/technical-tools\/network-location-ip-addresses\/|this website> came up. I was able to run my code on IPs from Paris, etc.",
        "user": "U01KNVDC9A6",
        "ts": "1619666154.098900",
        "team": "T01KAU17684",
        "user_team": "T01KAU17684",
        "source_team": "T01KAU17684",
        "user_profile": {
            "avatar_hash": "56c10b4857c1",
            "image_72": "https:\/\/avatars.slack-edge.com\/2021-01-23\/1675168091332_56c10b4857c1336660f7_72.png",
            "first_name": "Laura",
            "real_name": "Laura Flores",
            "display_name": "Laura Flores",
            "team": "T01KAU17684",
            "name": "laura-flores",
            "is_restricted": false,
            "is_ultra_restricted": false
        },
        "attachments": [
            {
                "service_name": "Dotcom-Monitor Web Performance Blog",
                "title": "Network Location IP Addresses | Global Monitoring Network",
                "title_link": "https:\/\/www.dotcom-monitor.com\/blog\/technical-tools\/network-location-ip-addresses\/",
                "text": "Dotcom-Monitor's Worldwide Monitoring Network - a current list of Network Location IP Addresses.",
                "fallback": "Dotcom-Monitor Web Performance Blog: Network Location IP Addresses | Global Monitoring Network",
                "fields": [
                    {
                        "title": "Est. reading time",
                        "value": "1 minute",
                        "short": true
                    }
                ],
                "from_url": "https:\/\/www.dotcom-monitor.com\/blog\/technical-tools\/network-location-ip-addresses\/",
                "service_icon": "https:\/\/www.dotcom-monitor.com\/blog\/wp-content\/uploads\/sites\/3\/2020\/05\/cropped-Dotcom-Monitor-Favicon-180x180.png",
                "id": 1,
                "original_url": "https:\/\/www.dotcom-monitor.com\/blog\/technical-tools\/network-location-ip-addresses\/"
            }
        ],
        "blocks": [
            {
                "type": "rich_text",
                "block_id": "=pd",
                "elements": [
                    {
                        "type": "rich_text_section",
                        "elements": [
                            {
                                "type": "text",
                                "text": "I can’t say for sure if this is a credible site, but I Googled “list of servers from around the world” and "
                            },
                            {
                                "type": "link",
                                "url": "https:\/\/www.dotcom-monitor.com\/blog\/technical-tools\/network-location-ip-addresses\/",
                                "text": "this website"
                            },
                            {
                                "type": "text",
                                "text": " came up. I was able to run my code on IPs from Paris, etc."
                            }
                        ]
                    }
                ]
            }
        ],
        "thread_ts": "1619664312.098800",
        "parent_user_id": "U01KG64R9BQ",
        "reactions": [
            {
                "name": "+1",
                "users": [
                    "U01KG64R9BQ"
                ],
                "count": 1
            }
        ]
    },
    {
        "client_msg_id": "34866596-84e1-42f4-9116-768dd7a962c1",
        "type": "message",
        "text": "Thank you that website helped a lot!",
        "user": "U01KG64R9BQ",
        "ts": "1619675116.099300",
        "team": "T01KAU17684",
        "user_team": "T01KAU17684",
        "source_team": "T01KAU17684",
        "user_profile": {
            "avatar_hash": "g659108f335a",
            "image_72": "https:\/\/secure.gravatar.com\/avatar\/659108f335a56aec418b9612f9fa88fe.jpg?s=72&d=https%3A%2F%2Fa.slack-edge.com%2Fdf10d%2Fimg%2Favatars%2Fava_0015-72.png",
            "first_name": "",
            "real_name": "Daniel Conway",
            "display_name": "Daniel Conway",
            "team": "T01KAU17684",
            "name": "daniel-conway",
            "is_restricted": false,
            "is_ultra_restricted": false
        },
        "blocks": [
            {
                "type": "rich_text",
                "block_id": "OJnPM",
                "elements": [
                    {
                        "type": "rich_text_section",
                        "elements": [
                            {
                                "type": "text",
                                "text": "Thank you that website helped a lot!"
                            }
                        ]
                    }
                ]
            }
        ],
        "thread_ts": "1619664312.098800",
        "parent_user_id": "U01KG64R9BQ",
        "reactions": [
            {
                "name": "+1",
                "users": [
                    "U01KNVDC9A6"
                ],
                "count": 1
            }
        ]
    }
]