[
    {
        "client_msg_id": "049c8dbe-790a-4bd9-a934-a16bd0da84a3",
        "type": "message",
        "text": "Hello guys, I am holding my office hours at the following Zoom link: <https:\/\/uiowa.zoom.us\/j\/97812352053?pwd=OWNOZTFrVXRCeFV4WmptblRtRlhNUT09>\n\nPlease feel free to join if you need any help\/discuss grading etc.",
        "user": "U01LC2YQ2V6",
        "ts": "1614978182.009800",
        "team": "T01KAU17684",
        "user_team": "T01KAU17684",
        "source_team": "T01KAU17684",
        "user_profile": {
            "avatar_hash": "g5aefd6bd660",
            "image_72": "https:\/\/secure.gravatar.com\/avatar\/5aefd6bd660d1ac185f11f45f20a389a.jpg?s=72&d=https%3A%2F%2Fa.slack-edge.com%2Fdf10d%2Fimg%2Favatars%2Fava_0001-72.png",
            "first_name": "",
            "real_name": "Adnan Ahmed",
            "display_name": "Adnan Ahmed",
            "team": "T01KAU17684",
            "name": "adnan-ahmed",
            "is_restricted": false,
            "is_ultra_restricted": false
        },
        "edited": {
            "user": "U01LC2YQ2V6",
            "ts": "1615052757.000000"
        },
        "blocks": [
            {
                "type": "rich_text",
                "block_id": "k9=",
                "elements": [
                    {
                        "type": "rich_text_section",
                        "elements": [
                            {
                                "type": "text",
                                "text": "Hello guys, I am holding my office hours at the following Zoom link: "
                            },
                            {
                                "type": "link",
                                "url": "https:\/\/uiowa.zoom.us\/j\/97812352053?pwd=OWNOZTFrVXRCeFV4WmptblRtRlhNUT09"
                            },
                            {
                                "type": "text",
                                "text": "\n\nPlease feel free to join if you need any help\/discuss grading etc."
                            }
                        ]
                    }
                ]
            }
        ]
    }
]