[
    {
        "client_msg_id": "9d6f8f5d-e4bc-43b0-865e-c5a016fcb55a",
        "type": "message",
        "text": "For written-4 problem 2, should we assume that if a packet is sent at time t and there is at least another packet that has arrived at or before time t, then the router can push a packet out of the queue at time t+1?",
        "user": "U01KM5NRGJ2",
        "ts": "1618541127.044600",
        "team": "T01KAU17684",
        "user_team": "T01KAU17684",
        "source_team": "T01KAU17684",
        "user_profile": {
            "avatar_hash": "26f965f9da0e",
            "image_72": "https:\/\/avatars.slack-edge.com\/2021-01-25\/1673981909618_26f965f9da0ee6984b78_72.jpg",
            "first_name": "",
            "real_name": "Mitch Majure",
            "display_name": "Mitch Majure",
            "team": "T01KAU17684",
            "name": "mitchell-majure",
            "is_restricted": false,
            "is_ultra_restricted": false
        },
        "blocks": [
            {
                "type": "rich_text",
                "block_id": "lF5CF",
                "elements": [
                    {
                        "type": "rich_text_section",
                        "elements": [
                            {
                                "type": "text",
                                "text": "For written-4 problem 2, should we assume that if a packet is sent at time t and there is at least another packet that has arrived at or before time t, then the router can push a packet out of the queue at time t+1?"
                            }
                        ]
                    }
                ]
            }
        ],
        "thread_ts": "1618541127.044600",
        "reply_count": 1,
        "reply_users_count": 1,
        "latest_reply": "1618580801.044700",
        "reply_users": [
            "U01JY0C0BQE"
        ],
        "replies": [
            {
                "user": "U01JY0C0BQE",
                "ts": "1618580801.044700"
            }
        ],
        "is_locked": false,
        "subscribed": true,
        "last_read": "1618580801.044700"
    }
]