[
    {
        "client_msg_id": "31833172-e5f6-4d70-97d8-0dc2a46c5283",
        "type": "message",
        "text": "Hi everyone,",
        "user": "U01LC2YQ2V6",
        "ts": "1612558981.165800",
        "team": "T01KAU17684",
        "user_team": "T01KAU17684",
        "source_team": "T01KAU17684",
        "user_profile": {
            "avatar_hash": "g5aefd6bd660",
            "image_72": "https:\/\/secure.gravatar.com\/avatar\/5aefd6bd660d1ac185f11f45f20a389a.jpg?s=72&d=https%3A%2F%2Fa.slack-edge.com%2Fdf10d%2Fimg%2Favatars%2Fava_0001-72.png",
            "first_name": "",
            "real_name": "Adnan Ahmed",
            "display_name": "Adnan Ahmed",
            "team": "T01KAU17684",
            "name": "adnan-ahmed",
            "is_restricted": false,
            "is_ultra_restricted": false
        },
        "blocks": [
            {
                "type": "rich_text",
                "block_id": "kRa",
                "elements": [
                    {
                        "type": "rich_text_section",
                        "elements": [
                            {
                                "type": "text",
                                "text": "Hi everyone,"
                            }
                        ]
                    }
                ]
            }
        ]
    },
    {
        "client_msg_id": "1e89d5bd-ccfe-445c-be41-32db4583951c",
        "type": "message",
        "text": "I am holding my office hours at <https:\/\/uiowa.zoom.us\/j\/95393290828?pwd=MUUzMVlMbmJzZk85SS9MVFl6RmNsUT09>",
        "user": "U01LC2YQ2V6",
        "ts": "1612558989.166000",
        "team": "T01KAU17684",
        "user_team": "T01KAU17684",
        "source_team": "T01KAU17684",
        "user_profile": {
            "avatar_hash": "g5aefd6bd660",
            "image_72": "https:\/\/secure.gravatar.com\/avatar\/5aefd6bd660d1ac185f11f45f20a389a.jpg?s=72&d=https%3A%2F%2Fa.slack-edge.com%2Fdf10d%2Fimg%2Favatars%2Fava_0001-72.png",
            "first_name": "",
            "real_name": "Adnan Ahmed",
            "display_name": "Adnan Ahmed",
            "team": "T01KAU17684",
            "name": "adnan-ahmed",
            "is_restricted": false,
            "is_ultra_restricted": false
        },
        "blocks": [
            {
                "type": "rich_text",
                "block_id": "HYP2i",
                "elements": [
                    {
                        "type": "rich_text_section",
                        "elements": [
                            {
                                "type": "text",
                                "text": "I am holding my office hours at "
                            },
                            {
                                "type": "link",
                                "url": "https:\/\/uiowa.zoom.us\/j\/95393290828?pwd=MUUzMVlMbmJzZk85SS9MVFl6RmNsUT09"
                            }
                        ]
                    }
                ]
            }
        ]
    }
]