[
    {
        "client_msg_id": "f2d58c7a-1295-4273-905b-cb0c2c4a2953",
        "type": "message",
        "text": "```Hello class -- I'm relieved to report to you that the episode concerning project-2 irregularities is behind us now. Everyone should be able to see their project-2 grades on ICON. If you have any questions\/concerns, please reach out to TA Adnan or me.\n\nBefore I sign off, let me take a moment to acknowledge two important things:\n\n(i) To the vast majority of the students, who have put in honest effort into this project and course, I want to assure you that your hard work is recognized and that your grades are not diluted by the missteps of a few. Please continue to do the right thing and focus on learning.\n\n(ii) I feel this event may have caused stress and anxiety (especially to the seniors who are soon to be graduating). That was never my intention, and I'm sorry for that. If I could have dealt with this issue by talking to one or two students, I would have done that... the lapse in judgement seemed more systemic, so I wanted to give them all a chance to come clean.\n\nThanks for your patience.```\n",
        "user": "U01JY0C0BQE",
        "ts": "1620814954.131600",
        "team": "T01KAU17684",
        "user_team": "T01KAU17684",
        "source_team": "T01KAU17684",
        "user_profile": {
            "avatar_hash": "7f8fd75b6a60",
            "image_72": "https:\/\/avatars.slack-edge.com\/2021-01-19\/1674790159632_7f8fd75b6a60270f0c59_72.jpg",
            "first_name": "Supreeth",
            "real_name": "Supreeth Shastri",
            "display_name": "Shastri",
            "team": "T01KAU17684",
            "name": "supreeth-shastri",
            "is_restricted": false,
            "is_ultra_restricted": false
        },
        "blocks": [
            {
                "type": "rich_text",
                "block_id": "GQFA",
                "elements": [
                    {
                        "type": "rich_text_preformatted",
                        "elements": [
                            {
                                "type": "text",
                                "text": "Hello class -- I'm relieved to report to you that the episode concerning project-2 irregularities is behind us now. Everyone should be able to see their project-2 grades on ICON. If you have any questions\/concerns, please reach out to TA Adnan or me.\n\nBefore I sign off, let me take a moment to acknowledge two important things:\n\n(i) To the vast majority of the students, who have put in honest effort into this project and course, I want to assure you that your hard work is recognized and that your grades are not diluted by the missteps of a few. Please continue to do the right thing and focus on learning.\n\n(ii) I feel this event may have caused stress and anxiety (especially to the seniors who are soon to be graduating). That was never my intention, and I'm sorry for that. If I could have dealt with this issue by talking to one or two students, I would have done that... the lapse in judgement seemed more systemic, so I wanted to give them all a chance to come clean.\n\nThanks for your patience."
                            }
                        ]
                    },
                    {
                        "type": "rich_text_section",
                        "elements": []
                    }
                ]
            }
        ]
    },
    {
        "client_msg_id": "C6BD18D9-A2DD-4131-9220-7378CD8F7E86",
        "type": "message",
        "text": "Is there a curve for this class?",
        "user": "U01L1VA9MP0",
        "ts": "1620871829.131900",
        "team": "T01KAU17684",
        "user_team": "T01KAU17684",
        "source_team": "T01KAU17684",
        "user_profile": {
            "avatar_hash": "gc723735a037",
            "image_72": "https:\/\/secure.gravatar.com\/avatar\/c723735a037f8e47f6581b8383be908d.jpg?s=72&d=https%3A%2F%2Fa.slack-edge.com%2Fdf10d%2Fimg%2Favatars%2Fava_0002-72.png",
            "first_name": "",
            "real_name": "Krishna vamsi pratti",
            "display_name": "Krishna vamsi pratti",
            "team": "T01KAU17684",
            "name": "krishnavamsi-pratti",
            "is_restricted": false,
            "is_ultra_restricted": false
        },
        "blocks": [
            {
                "type": "rich_text",
                "block_id": "00nDe",
                "elements": [
                    {
                        "type": "rich_text_section",
                        "elements": [
                            {
                                "type": "text",
                                "text": "Is there a curve for this class?"
                            }
                        ]
                    }
                ]
            }
        ]
    },
    {
        "client_msg_id": "402958E8-9385-4DB7-B56F-C1F996E5A3E3",
        "type": "message",
        "text": "The syllabus does say so, could we get the grade scale for the class professor ?",
        "user": "U01L1VA9MP0",
        "ts": "1620871862.132700",
        "team": "T01KAU17684",
        "user_team": "T01KAU17684",
        "source_team": "T01KAU17684",
        "user_profile": {
            "avatar_hash": "gc723735a037",
            "image_72": "https:\/\/secure.gravatar.com\/avatar\/c723735a037f8e47f6581b8383be908d.jpg?s=72&d=https%3A%2F%2Fa.slack-edge.com%2Fdf10d%2Fimg%2Favatars%2Fava_0002-72.png",
            "first_name": "",
            "real_name": "Krishna vamsi pratti",
            "display_name": "Krishna vamsi pratti",
            "team": "T01KAU17684",
            "name": "krishnavamsi-pratti",
            "is_restricted": false,
            "is_ultra_restricted": false
        },
        "blocks": [
            {
                "type": "rich_text",
                "block_id": "YBT",
                "elements": [
                    {
                        "type": "rich_text_section",
                        "elements": [
                            {
                                "type": "text",
                                "text": "The syllabus does say so, could we get the grade scale for the class professor ?"
                            }
                        ]
                    }
                ]
            }
        ]
    },
    {
        "client_msg_id": "855d532c-0f3e-4e37-939f-f23830417110",
        "type": "message",
        "text": "I just sent a note on this. Please be patient as I sift through the scores.",
        "user": "U01JY0C0BQE",
        "ts": "1620873021.133200",
        "team": "T01KAU17684",
        "user_team": "T01KAU17684",
        "source_team": "T01KAU17684",
        "user_profile": {
            "avatar_hash": "7f8fd75b6a60",
            "image_72": "https:\/\/avatars.slack-edge.com\/2021-01-19\/1674790159632_7f8fd75b6a60270f0c59_72.jpg",
            "first_name": "Supreeth",
            "real_name": "Supreeth Shastri",
            "display_name": "Shastri",
            "team": "T01KAU17684",
            "name": "supreeth-shastri",
            "is_restricted": false,
            "is_ultra_restricted": false
        },
        "blocks": [
            {
                "type": "rich_text",
                "block_id": "bEzXm",
                "elements": [
                    {
                        "type": "rich_text_section",
                        "elements": [
                            {
                                "type": "text",
                                "text": "I just sent a note on this. Please be patient as I sift through the scores."
                            }
                        ]
                    }
                ]
            }
        ]
    },
    {
        "client_msg_id": "178B429E-9764-4633-AD28-31771AFCC4BA",
        "type": "message",
        "text": "Thanks ",
        "user": "U01L1VA9MP0",
        "ts": "1620873036.133400",
        "team": "T01KAU17684",
        "user_team": "T01KAU17684",
        "source_team": "T01KAU17684",
        "user_profile": {
            "avatar_hash": "gc723735a037",
            "image_72": "https:\/\/secure.gravatar.com\/avatar\/c723735a037f8e47f6581b8383be908d.jpg?s=72&d=https%3A%2F%2Fa.slack-edge.com%2Fdf10d%2Fimg%2Favatars%2Fava_0002-72.png",
            "first_name": "",
            "real_name": "Krishna vamsi pratti",
            "display_name": "Krishna vamsi pratti",
            "team": "T01KAU17684",
            "name": "krishnavamsi-pratti",
            "is_restricted": false,
            "is_ultra_restricted": false
        },
        "blocks": [
            {
                "type": "rich_text",
                "block_id": "XeJL",
                "elements": [
                    {
                        "type": "rich_text_section",
                        "elements": [
                            {
                                "type": "text",
                                "text": "Thanks "
                            }
                        ]
                    }
                ]
            }
        ]
    },
    {
        "client_msg_id": "548B9E14-6691-4CAF-AC77-D865047C83B6",
        "type": "message",
        "text": "Read it!",
        "user": "U01L1VA9MP0",
        "ts": "1620873044.133700",
        "team": "T01KAU17684",
        "user_team": "T01KAU17684",
        "source_team": "T01KAU17684",
        "user_profile": {
            "avatar_hash": "gc723735a037",
            "image_72": "https:\/\/secure.gravatar.com\/avatar\/c723735a037f8e47f6581b8383be908d.jpg?s=72&d=https%3A%2F%2Fa.slack-edge.com%2Fdf10d%2Fimg%2Favatars%2Fava_0002-72.png",
            "first_name": "",
            "real_name": "Krishna vamsi pratti",
            "display_name": "Krishna vamsi pratti",
            "team": "T01KAU17684",
            "name": "krishnavamsi-pratti",
            "is_restricted": false,
            "is_ultra_restricted": false
        },
        "blocks": [
            {
                "type": "rich_text",
                "block_id": "Fb70r",
                "elements": [
                    {
                        "type": "rich_text_section",
                        "elements": [
                            {
                                "type": "text",
                                "text": "Read it!"
                            }
                        ]
                    }
                ]
            }
        ]
    },
    {
        "client_msg_id": "a4d24411-774f-401e-b772-89079dda6b7f",
        "type": "message",
        "text": "Oh yes, there will be a curve and I will announce the cut off points.",
        "user": "U01JY0C0BQE",
        "ts": "1620873059.134100",
        "team": "T01KAU17684",
        "user_team": "T01KAU17684",
        "source_team": "T01KAU17684",
        "user_profile": {
            "avatar_hash": "7f8fd75b6a60",
            "image_72": "https:\/\/avatars.slack-edge.com\/2021-01-19\/1674790159632_7f8fd75b6a60270f0c59_72.jpg",
            "first_name": "Supreeth",
            "real_name": "Supreeth Shastri",
            "display_name": "Shastri",
            "team": "T01KAU17684",
            "name": "supreeth-shastri",
            "is_restricted": false,
            "is_ultra_restricted": false
        },
        "blocks": [
            {
                "type": "rich_text",
                "block_id": "XWlvP",
                "elements": [
                    {
                        "type": "rich_text_section",
                        "elements": [
                            {
                                "type": "text",
                                "text": "Oh yes, there will be a curve and I will announce the cut off points."
                            }
                        ]
                    }
                ]
            }
        ]
    },
    {
        "client_msg_id": "25675602-F12E-4E33-B218-FFE4FA556C9F",
        "type": "message",
        "text": "Thanks for a great class, <@U01JY0C0BQE> and <@U01LC2YQ2V6> ! :smiley::smiley:",
        "user": "U01KNVDC9A6",
        "ts": "1620876244.135000",
        "team": "T01KAU17684",
        "user_team": "T01KAU17684",
        "source_team": "T01KAU17684",
        "user_profile": {
            "avatar_hash": "56c10b4857c1",
            "image_72": "https:\/\/avatars.slack-edge.com\/2021-01-23\/1675168091332_56c10b4857c1336660f7_72.png",
            "first_name": "Laura",
            "real_name": "Laura Flores",
            "display_name": "Laura Flores",
            "team": "T01KAU17684",
            "name": "laura-flores",
            "is_restricted": false,
            "is_ultra_restricted": false
        },
        "blocks": [
            {
                "type": "rich_text",
                "block_id": "apS",
                "elements": [
                    {
                        "type": "rich_text_section",
                        "elements": [
                            {
                                "type": "text",
                                "text": "Thanks for a great class, "
                            },
                            {
                                "type": "user",
                                "user_id": "U01JY0C0BQE"
                            },
                            {
                                "type": "text",
                                "text": " and "
                            },
                            {
                                "type": "user",
                                "user_id": "U01LC2YQ2V6"
                            },
                            {
                                "type": "text",
                                "text": " ! "
                            },
                            {
                                "type": "emoji",
                                "name": "smiley"
                            },
                            {
                                "type": "emoji",
                                "name": "smiley"
                            }
                        ]
                    }
                ]
            }
        ],
        "reactions": [
            {
                "name": "smile",
                "users": [
                    "U01LC2YQ2V6"
                ],
                "count": 1
            },
            {
                "name": "slightly_smiling_face",
                "users": [
                    "U01JY0C0BQE"
                ],
                "count": 1
            }
        ]
    },
    {
        "client_msg_id": "C78F745C-E946-4606-8DAF-0B12531CBEC3",
        "type": "message",
        "text": "<@U01LC2YQ2V6> GOATED",
        "user": "U01L1VA9MP0",
        "ts": "1620876547.135400",
        "team": "T01KAU17684",
        "user_team": "T01KAU17684",
        "source_team": "T01KAU17684",
        "user_profile": {
            "avatar_hash": "gc723735a037",
            "image_72": "https:\/\/secure.gravatar.com\/avatar\/c723735a037f8e47f6581b8383be908d.jpg?s=72&d=https%3A%2F%2Fa.slack-edge.com%2Fdf10d%2Fimg%2Favatars%2Fava_0002-72.png",
            "first_name": "",
            "real_name": "Krishna vamsi pratti",
            "display_name": "Krishna vamsi pratti",
            "team": "T01KAU17684",
            "name": "krishnavamsi-pratti",
            "is_restricted": false,
            "is_ultra_restricted": false
        },
        "blocks": [
            {
                "type": "rich_text",
                "block_id": "cb6",
                "elements": [
                    {
                        "type": "rich_text_section",
                        "elements": [
                            {
                                "type": "user",
                                "user_id": "U01LC2YQ2V6"
                            },
                            {
                                "type": "text",
                                "text": " GOATED"
                            }
                        ]
                    }
                ]
            }
        ],
        "reactions": [
            {
                "name": "joy",
                "users": [
                    "U01KNVDC9A6",
                    "U01KG6YG79C",
                    "U01L1VA9MP0"
                ],
                "count": 3
            },
            {
                "name": "smile",
                "users": [
                    "U01LC2YQ2V6"
                ],
                "count": 1
            },
            {
                "name": "100",
                "users": [
                    "U01JY0C0BQE"
                ],
                "count": 1
            }
        ]
    }
]