[
    {
        "client_msg_id": "4f9fd6ce-a2ea-4e5c-9971-efa66cb028a7",
        "type": "message",
        "text": "How about we try a simple file instead? <http:\/\/shastri.info\/teaching\/cs3640\/assignments\/sample.html>",
        "user": "U01JY0C0BQE",
        "ts": "1615475517.014600",
        "team": "T01KAU17684",
        "user_team": "T01KAU17684",
        "source_team": "T01KAU17684",
        "user_profile": {
            "avatar_hash": "7f8fd75b6a60",
            "image_72": "https:\/\/avatars.slack-edge.com\/2021-01-19\/1674790159632_7f8fd75b6a60270f0c59_72.jpg",
            "first_name": "Supreeth",
            "real_name": "Supreeth Shastri",
            "display_name": "Shastri",
            "team": "T01KAU17684",
            "name": "supreeth-shastri",
            "is_restricted": false,
            "is_ultra_restricted": false
        },
        "blocks": [
            {
                "type": "rich_text",
                "block_id": "fhHNs",
                "elements": [
                    {
                        "type": "rich_text_section",
                        "elements": [
                            {
                                "type": "text",
                                "text": "How about we try a simple file instead? "
                            },
                            {
                                "type": "link",
                                "url": "http:\/\/shastri.info\/teaching\/cs3640\/assignments\/sample.html"
                            }
                        ]
                    }
                ]
            }
        ]
    },
    {
        "client_msg_id": "B5F13455-692B-4767-8F14-E2B816FC8BA5",
        "type": "message",
        "text": "Is it favicon.ico?",
        "user": "U01KGHG0WFQ",
        "ts": "1615475590.015200",
        "team": "T01KAU17684",
        "user_team": "T01KAU17684",
        "source_team": "T01KAU17684",
        "user_profile": {
            "avatar_hash": "g4659cfcbbbf",
            "image_72": "https:\/\/secure.gravatar.com\/avatar\/4659cfcbbbff767c99b672aca9818727.jpg?s=72&d=https%3A%2F%2Fa.slack-edge.com%2Fdf10d%2Fimg%2Favatars%2Fava_0024-72.png",
            "first_name": "",
            "real_name": "Blake Espeland",
            "display_name": "Blake Espeland",
            "team": "T01KAU17684",
            "name": "blake-espeland",
            "is_restricted": false,
            "is_ultra_restricted": false
        },
        "blocks": [
            {
                "type": "rich_text",
                "block_id": "lyd",
                "elements": [
                    {
                        "type": "rich_text_section",
                        "elements": [
                            {
                                "type": "text",
                                "text": "Is it favicon.ico?"
                            }
                        ]
                    }
                ]
            }
        ],
        "thread_ts": "1615442637.014000",
        "parent_user_id": "U01KM5NRGJ2"
    },
    {
        "client_msg_id": "d705794b-0e73-4a7c-af55-ee62cef3da5c",
        "type": "message",
        "text": "<@U01LC2YQ2V6> is double checking this... pls hold on.",
        "user": "U01JY0C0BQE",
        "ts": "1615475636.015400",
        "team": "T01KAU17684",
        "user_team": "T01KAU17684",
        "source_team": "T01KAU17684",
        "user_profile": {
            "avatar_hash": "7f8fd75b6a60",
            "image_72": "https:\/\/avatars.slack-edge.com\/2021-01-19\/1674790159632_7f8fd75b6a60270f0c59_72.jpg",
            "first_name": "Supreeth",
            "real_name": "Supreeth Shastri",
            "display_name": "Shastri",
            "team": "T01KAU17684",
            "name": "supreeth-shastri",
            "is_restricted": false,
            "is_ultra_restricted": false
        },
        "blocks": [
            {
                "type": "rich_text",
                "block_id": "DldJ2",
                "elements": [
                    {
                        "type": "rich_text_section",
                        "elements": [
                            {
                                "type": "user",
                                "user_id": "U01LC2YQ2V6"
                            },
                            {
                                "type": "text",
                                "text": " is double checking this... pls hold on."
                            }
                        ]
                    }
                ]
            }
        ],
        "thread_ts": "1615440426.013800",
        "parent_user_id": "U01K8MDR4R5"
    },
    {
        "client_msg_id": "164ae4fb-bcab-4dac-8fc6-f635a88c34f4",
        "type": "message",
        "text": "Yes. I'll update you guys in a bit",
        "user": "U01LC2YQ2V6",
        "ts": "1615475673.015600",
        "team": "T01KAU17684",
        "user_team": "T01KAU17684",
        "source_team": "T01KAU17684",
        "user_profile": {
            "avatar_hash": "g5aefd6bd660",
            "image_72": "https:\/\/secure.gravatar.com\/avatar\/5aefd6bd660d1ac185f11f45f20a389a.jpg?s=72&d=https%3A%2F%2Fa.slack-edge.com%2Fdf10d%2Fimg%2Favatars%2Fava_0001-72.png",
            "first_name": "",
            "real_name": "Adnan Ahmed",
            "display_name": "Adnan Ahmed",
            "team": "T01KAU17684",
            "name": "adnan-ahmed",
            "is_restricted": false,
            "is_ultra_restricted": false
        },
        "blocks": [
            {
                "type": "rich_text",
                "block_id": "iUSJ0",
                "elements": [
                    {
                        "type": "rich_text_section",
                        "elements": [
                            {
                                "type": "text",
                                "text": "Yes. I'll update you guys in a bit"
                            }
                        ]
                    }
                ]
            }
        ],
        "thread_ts": "1615440426.013800",
        "parent_user_id": "U01K8MDR4R5"
    },
    {
        "client_msg_id": "8738e422-e614-489e-9d8f-db5177c6c825",
        "type": "message",
        "text": "it should be favicon.ico I am guessing. In that case, you can probably try to download\/generate this file from <https:\/\/favicon.io\/>, and put it in your base directory and see if it works",
        "user": "U01LC2YQ2V6",
        "ts": "1615476257.015800",
        "team": "T01KAU17684",
        "user_team": "T01KAU17684",
        "source_team": "T01KAU17684",
        "user_profile": {
            "avatar_hash": "g5aefd6bd660",
            "image_72": "https:\/\/secure.gravatar.com\/avatar\/5aefd6bd660d1ac185f11f45f20a389a.jpg?s=72&d=https%3A%2F%2Fa.slack-edge.com%2Fdf10d%2Fimg%2Favatars%2Fava_0001-72.png",
            "first_name": "",
            "real_name": "Adnan Ahmed",
            "display_name": "Adnan Ahmed",
            "team": "T01KAU17684",
            "name": "adnan-ahmed",
            "is_restricted": false,
            "is_ultra_restricted": false
        },
        "attachments": [
            {
                "title": "Favicon.io - The Ultimate Favicon Generator (Free)",
                "title_link": "https:\/\/favicon.io\/",
                "text": "With <http:\/\/Favicon.io|Favicon.io> you can quickly generate a favicon for your website for free!",
                "fallback": "Favicon.io - The Ultimate Favicon Generator (Free)",
                "image_url": "https:\/\/favicon.io\/og-image.png",
                "from_url": "https:\/\/favicon.io\/",
                "image_width": 478,
                "image_height": 250,
                "image_bytes": 152152,
                "service_name": "favicon.io",
                "id": 1,
                "original_url": "https:\/\/favicon.io\/"
            }
        ],
        "blocks": [
            {
                "type": "rich_text",
                "block_id": "OQoFL",
                "elements": [
                    {
                        "type": "rich_text_section",
                        "elements": [
                            {
                                "type": "text",
                                "text": "it should be favicon.ico I am guessing. In that case, you can probably try to download\/generate this file from "
                            },
                            {
                                "type": "link",
                                "url": "https:\/\/favicon.io\/"
                            },
                            {
                                "type": "text",
                                "text": ", and put it in your base directory and see if it works"
                            }
                        ]
                    }
                ]
            }
        ],
        "thread_ts": "1615442637.014000",
        "parent_user_id": "U01KM5NRGJ2",
        "reactions": [
            {
                "name": "+1",
                "users": [
                    "U01KGHG0WFQ"
                ],
                "count": 1
            }
        ]
    },
    {
        "client_msg_id": "1bd70bb3-e9e2-4573-989c-b8895fc5ed4e",
        "type": "message",
        "text": "<https:\/\/en.wikipedia.org\/wiki\/Favicon>",
        "user": "U01LC2YQ2V6",
        "ts": "1615476321.016100",
        "team": "T01KAU17684",
        "user_team": "T01KAU17684",
        "source_team": "T01KAU17684",
        "user_profile": {
            "avatar_hash": "g5aefd6bd660",
            "image_72": "https:\/\/secure.gravatar.com\/avatar\/5aefd6bd660d1ac185f11f45f20a389a.jpg?s=72&d=https%3A%2F%2Fa.slack-edge.com%2Fdf10d%2Fimg%2Favatars%2Fava_0001-72.png",
            "first_name": "",
            "real_name": "Adnan Ahmed",
            "display_name": "Adnan Ahmed",
            "team": "T01KAU17684",
            "name": "adnan-ahmed",
            "is_restricted": false,
            "is_ultra_restricted": false
        },
        "attachments": [
            {
                "image_url": "https:\/\/upload.wikimedia.org\/wikipedia\/commons\/1\/1d\/Wikipedia_favicon_in_Firefox_on_KDE.png",
                "image_width": 522,
                "image_height": 314,
                "image_bytes": 57141,
                "title": "Favicon",
                "title_link": "https:\/\/en.wikipedia.org\/wiki\/Favicon",
                "from_url": "https:\/\/en.wikipedia.org\/wiki\/Favicon",
                "author_name": "Wikipedia",
                "author_link": "https:\/\/en.wikipedia.org\/",
                "text": "A favicon (; short for favorite icon), also known as a shortcut icon, website icon, tab icon, URL icon, or bookmark icon, is a file containing one or more small icons, associated with a particular website or web page. A web designer can create such an icon and upload it to a website (or web page) by several means, and graphical web browsers will then make use of it. Browsers that provide favicon support typically display a page's favicon in the browser's address bar (sometimes in the history as well) and next to the page's name in a list of bookmarks. Browsers that support a tabbed document interface typically show a page's favicon next to the page's title on the tab, and site-specific browsers use the favicon as a desktop icon.",
                "fallback": "wikipedia: Favicon",
                "service_icon": "https:\/\/a.slack-edge.com\/80588\/img\/unfurl_icons\/wikipedia.png",
                "id": 1,
                "original_url": "https:\/\/en.wikipedia.org\/wiki\/Favicon"
            }
        ],
        "blocks": [
            {
                "type": "rich_text",
                "block_id": "To=",
                "elements": [
                    {
                        "type": "rich_text_section",
                        "elements": [
                            {
                                "type": "link",
                                "url": "https:\/\/en.wikipedia.org\/wiki\/Favicon"
                            }
                        ]
                    }
                ]
            }
        ],
        "thread_ts": "1615442637.014000",
        "parent_user_id": "U01KM5NRGJ2"
    },
    {
        "client_msg_id": "14162b7f-c3da-4e79-be3c-f1ef6303cda0",
        "type": "message",
        "text": "for those interesting in learning what it is supposed to do",
        "user": "U01LC2YQ2V6",
        "ts": "1615476334.016400",
        "team": "T01KAU17684",
        "user_team": "T01KAU17684",
        "source_team": "T01KAU17684",
        "user_profile": {
            "avatar_hash": "g5aefd6bd660",
            "image_72": "https:\/\/secure.gravatar.com\/avatar\/5aefd6bd660d1ac185f11f45f20a389a.jpg?s=72&d=https%3A%2F%2Fa.slack-edge.com%2Fdf10d%2Fimg%2Favatars%2Fava_0001-72.png",
            "first_name": "",
            "real_name": "Adnan Ahmed",
            "display_name": "Adnan Ahmed",
            "team": "T01KAU17684",
            "name": "adnan-ahmed",
            "is_restricted": false,
            "is_ultra_restricted": false
        },
        "blocks": [
            {
                "type": "rich_text",
                "block_id": "GaO",
                "elements": [
                    {
                        "type": "rich_text_section",
                        "elements": [
                            {
                                "type": "text",
                                "text": "for those interesting in learning what it is supposed to do"
                            }
                        ]
                    }
                ]
            }
        ],
        "thread_ts": "1615442637.014000",
        "parent_user_id": "U01KM5NRGJ2"
    }
]