[
    {
        "client_msg_id": "20602450-e3a8-40bf-9cf5-d0bd62f103f8",
        "type": "message",
        "text": "Can anyone tell me where to find the technical interview signup? I saw the ICON notification earlier today, but I cannot seem to find the signup link or module on either ICON nor the website. If someone could direct me to where the signup is or provide a link I would greatly appreciate it.",
        "user": "U01K958UD2B",
        "ts": "1618081035.027300",
        "team": "T01KAU17684",
        "user_team": "T01KAU17684",
        "source_team": "T01KAU17684",
        "user_profile": {
            "avatar_hash": "ged846066c3a",
            "image_72": "https:\/\/secure.gravatar.com\/avatar\/ed846066c3aa31e80794774dbe0720e1.jpg?s=72&d=https%3A%2F%2Fa.slack-edge.com%2Fdf10d%2Fimg%2Favatars%2Fava_0018-72.png",
            "first_name": "",
            "real_name": "Tyler Cruz",
            "display_name": "Tyler Cruz",
            "team": "T01KAU17684",
            "name": "tyler-cruz",
            "is_restricted": false,
            "is_ultra_restricted": false
        },
        "blocks": [
            {
                "type": "rich_text",
                "block_id": "kEE",
                "elements": [
                    {
                        "type": "rich_text_section",
                        "elements": [
                            {
                                "type": "text",
                                "text": "Can anyone tell me where to find the technical interview signup? I saw the ICON notification earlier today, but I cannot seem to find the signup link or module on either ICON nor the website. If someone could direct me to where the signup is or provide a link I would greatly appreciate it."
                            }
                        ]
                    }
                ]
            }
        ]
    },
    {
        "client_msg_id": "3E7BBA4D-F203-4350-8776-623EE71A8A74",
        "type": "message",
        "text": "Check ur uiowa email ",
        "user": "U01L1VA9MP0",
        "ts": "1618081058.027800",
        "team": "T01KAU17684",
        "user_team": "T01KAU17684",
        "source_team": "T01KAU17684",
        "user_profile": {
            "avatar_hash": "gc723735a037",
            "image_72": "https:\/\/secure.gravatar.com\/avatar\/c723735a037f8e47f6581b8383be908d.jpg?s=72&d=https%3A%2F%2Fa.slack-edge.com%2Fdf10d%2Fimg%2Favatars%2Fava_0002-72.png",
            "first_name": "",
            "real_name": "Krishna vamsi pratti",
            "display_name": "Krishna vamsi pratti",
            "team": "T01KAU17684",
            "name": "krishnavamsi-pratti",
            "is_restricted": false,
            "is_ultra_restricted": false
        },
        "blocks": [
            {
                "type": "rich_text",
                "block_id": "\/cb",
                "elements": [
                    {
                        "type": "rich_text_section",
                        "elements": [
                            {
                                "type": "text",
                                "text": "Check ur uiowa email "
                            }
                        ]
                    }
                ]
            }
        ]
    },
    {
        "client_msg_id": "C8A40B7E-FAF0-431B-A4E6-03048C7CBA50",
        "type": "message",
        "text": "The email has a the link provided for sign up ",
        "user": "U01L1VA9MP0",
        "ts": "1618081084.028400",
        "team": "T01KAU17684",
        "user_team": "T01KAU17684",
        "source_team": "T01KAU17684",
        "user_profile": {
            "avatar_hash": "gc723735a037",
            "image_72": "https:\/\/secure.gravatar.com\/avatar\/c723735a037f8e47f6581b8383be908d.jpg?s=72&d=https%3A%2F%2Fa.slack-edge.com%2Fdf10d%2Fimg%2Favatars%2Fava_0002-72.png",
            "first_name": "",
            "real_name": "Krishna vamsi pratti",
            "display_name": "Krishna vamsi pratti",
            "team": "T01KAU17684",
            "name": "krishnavamsi-pratti",
            "is_restricted": false,
            "is_ultra_restricted": false
        },
        "blocks": [
            {
                "type": "rich_text",
                "block_id": "\/y86",
                "elements": [
                    {
                        "type": "rich_text_section",
                        "elements": [
                            {
                                "type": "text",
                                "text": "The email has a the link provided for sign up "
                            }
                        ]
                    }
                ]
            }
        ]
    },
    {
        "client_msg_id": "83bebf36-6af8-4511-a6d9-946b99f3fe4e",
        "type": "message",
        "text": "I looked there and did not find it.",
        "user": "U01K958UD2B",
        "ts": "1618081436.030100",
        "team": "T01KAU17684",
        "user_team": "T01KAU17684",
        "source_team": "T01KAU17684",
        "user_profile": {
            "avatar_hash": "ged846066c3a",
            "image_72": "https:\/\/secure.gravatar.com\/avatar\/ed846066c3aa31e80794774dbe0720e1.jpg?s=72&d=https%3A%2F%2Fa.slack-edge.com%2Fdf10d%2Fimg%2Favatars%2Fava_0018-72.png",
            "first_name": "",
            "real_name": "Tyler Cruz",
            "display_name": "Tyler Cruz",
            "team": "T01KAU17684",
            "name": "tyler-cruz",
            "is_restricted": false,
            "is_ultra_restricted": false
        },
        "blocks": [
            {
                "type": "rich_text",
                "block_id": "fMWUo",
                "elements": [
                    {
                        "type": "rich_text_section",
                        "elements": [
                            {
                                "type": "text",
                                "text": "I looked there and did not find it."
                            }
                        ]
                    }
                ]
            }
        ]
    },
    {
        "client_msg_id": "65B0BF79-D9BF-459E-8256-B76174CE4250",
        "type": "message",
        "text": "<@U01K958UD2B> this is on a laptop:\n1. Click on “sign up for a time slot” in the announcement email. This brings you to the ICON calendar. \n2. Click on “Find Appointment” on the right\n3. Select Intro to Networks as the course\n4. Choose an appointment.\n",
        "user": "U01KNVDC9A6",
        "ts": "1618081475.031000",
        "team": "T01KAU17684",
        "user_team": "T01KAU17684",
        "source_team": "T01KAU17684",
        "user_profile": {
            "avatar_hash": "56c10b4857c1",
            "image_72": "https:\/\/avatars.slack-edge.com\/2021-01-23\/1675168091332_56c10b4857c1336660f7_72.png",
            "first_name": "Laura",
            "real_name": "Laura Flores",
            "display_name": "Laura Flores",
            "team": "T01KAU17684",
            "name": "laura-flores",
            "is_restricted": false,
            "is_ultra_restricted": false
        },
        "edited": {
            "user": "U01KNVDC9A6",
            "ts": "1618081502.000000"
        },
        "blocks": [
            {
                "type": "rich_text",
                "block_id": "JcaP",
                "elements": [
                    {
                        "type": "rich_text_section",
                        "elements": [
                            {
                                "type": "user",
                                "user_id": "U01K958UD2B"
                            },
                            {
                                "type": "text",
                                "text": " this is on a laptop:\n"
                            }
                        ]
                    },
                    {
                        "type": "rich_text_list",
                        "elements": [
                            {
                                "type": "rich_text_section",
                                "elements": [
                                    {
                                        "type": "text",
                                        "text": "Click on “sign up for a time slot” in the announcement email. This brings you to the ICON calendar. "
                                    }
                                ]
                            },
                            {
                                "type": "rich_text_section",
                                "elements": [
                                    {
                                        "type": "text",
                                        "text": "Click on “Find Appointment” on the right"
                                    }
                                ]
                            },
                            {
                                "type": "rich_text_section",
                                "elements": [
                                    {
                                        "type": "text",
                                        "text": "Select Intro to Networks as the course"
                                    }
                                ]
                            },
                            {
                                "type": "rich_text_section",
                                "elements": [
                                    {
                                        "type": "text",
                                        "text": "Choose an appointment"
                                    },
                                    {
                                        "type": "text",
                                        "text": "."
                                    }
                                ]
                            }
                        ],
                        "style": "ordered",
                        "indent": 0,
                        "offset": 0
                    },
                    {
                        "type": "rich_text_section",
                        "elements": [
                            {
                                "type": "text",
                                "text": "\n"
                            }
                        ]
                    }
                ]
            }
        ],
        "thread_ts": "1618081475.031000",
        "reply_count": 2,
        "reply_users_count": 2,
        "latest_reply": "1618081615.032600",
        "reply_users": [
            "U01K958UD2B",
            "U01KNVDC9A6"
        ],
        "replies": [
            {
                "user": "U01K958UD2B",
                "ts": "1618081531.031200"
            },
            {
                "user": "U01KNVDC9A6",
                "ts": "1618081615.032600"
            }
        ],
        "is_locked": false,
        "subscribed": false
    },
    {
        "client_msg_id": "6dfc5175-5cd6-4e2a-8453-4280462d0ec7",
        "type": "message",
        "text": "I cannot seem to find the email. Checked inbox, deleted, and junk.",
        "user": "U01K958UD2B",
        "ts": "1618081531.031200",
        "team": "T01KAU17684",
        "user_team": "T01KAU17684",
        "source_team": "T01KAU17684",
        "user_profile": {
            "avatar_hash": "ged846066c3a",
            "image_72": "https:\/\/secure.gravatar.com\/avatar\/ed846066c3aa31e80794774dbe0720e1.jpg?s=72&d=https%3A%2F%2Fa.slack-edge.com%2Fdf10d%2Fimg%2Favatars%2Fava_0018-72.png",
            "first_name": "",
            "real_name": "Tyler Cruz",
            "display_name": "Tyler Cruz",
            "team": "T01KAU17684",
            "name": "tyler-cruz",
            "is_restricted": false,
            "is_ultra_restricted": false
        },
        "blocks": [
            {
                "type": "rich_text",
                "block_id": "A+goi",
                "elements": [
                    {
                        "type": "rich_text_section",
                        "elements": [
                            {
                                "type": "text",
                                "text": "I cannot seem to find the email. Checked inbox, deleted, and junk."
                            }
                        ]
                    }
                ]
            }
        ],
        "thread_ts": "1618081475.031000",
        "parent_user_id": "U01KNVDC9A6"
    },
    {
        "client_msg_id": "7f879e1a-3844-4381-bfb2-63bf58fb2545",
        "type": "message",
        "text": "I also cannot find the email",
        "user": "U01KV6MS6N8",
        "ts": "1618081568.031500",
        "team": "T01KAU17684",
        "user_team": "T01KAU17684",
        "source_team": "T01KAU17684",
        "user_profile": {
            "avatar_hash": "g7ee22b23e1d",
            "image_72": "https:\/\/secure.gravatar.com\/avatar\/7ee22b23e1d98d90a6c69aec03c491d7.jpg?s=72&d=https%3A%2F%2Fa.slack-edge.com%2Fdf10d%2Fimg%2Favatars%2Fava_0026-72.png",
            "first_name": "",
            "real_name": "Mitchell Hermon",
            "display_name": "Mitchell Hermon",
            "team": "T01KAU17684",
            "name": "mitchell-hermon",
            "is_restricted": false,
            "is_ultra_restricted": false
        },
        "blocks": [
            {
                "type": "rich_text",
                "block_id": "5NwXk",
                "elements": [
                    {
                        "type": "rich_text_section",
                        "elements": [
                            {
                                "type": "text",
                                "text": "I also cannot find the email"
                            }
                        ]
                    }
                ]
            }
        ]
    },
    {
        "client_msg_id": "7ECB7BA0-E267-44FB-AFAF-2CAEFDBC371D",
        "type": "message",
        "text": "Not necessary to click on the link actually. If you go to ICON —&gt; Calendar, it should bring you to the same place. ",
        "user": "U01KNVDC9A6",
        "ts": "1618081615.032600",
        "team": "T01KAU17684",
        "user_team": "T01KAU17684",
        "source_team": "T01KAU17684",
        "user_profile": {
            "avatar_hash": "56c10b4857c1",
            "image_72": "https:\/\/avatars.slack-edge.com\/2021-01-23\/1675168091332_56c10b4857c1336660f7_72.png",
            "first_name": "Laura",
            "real_name": "Laura Flores",
            "display_name": "Laura Flores",
            "team": "T01KAU17684",
            "name": "laura-flores",
            "is_restricted": false,
            "is_ultra_restricted": false
        },
        "blocks": [
            {
                "type": "rich_text",
                "block_id": "vSI",
                "elements": [
                    {
                        "type": "rich_text_section",
                        "elements": [
                            {
                                "type": "text",
                                "text": "Not necessary to click on the link actually. If you go to ICON —> Calendar, it should bring you to the same place. "
                            }
                        ]
                    }
                ]
            }
        ],
        "thread_ts": "1618081475.031000",
        "parent_user_id": "U01KNVDC9A6"
    },
    {
        "client_msg_id": "657B12A4-4A8C-4C54-8F32-5EEA3FCA5FE2",
        "type": "message",
        "text": "<@U01KV6MS6N8> you can go to ICON —&gt; Calendar and it’ll bring you to the same place. ",
        "user": "U01KNVDC9A6",
        "ts": "1618081665.033400",
        "team": "T01KAU17684",
        "user_team": "T01KAU17684",
        "source_team": "T01KAU17684",
        "user_profile": {
            "avatar_hash": "56c10b4857c1",
            "image_72": "https:\/\/avatars.slack-edge.com\/2021-01-23\/1675168091332_56c10b4857c1336660f7_72.png",
            "first_name": "Laura",
            "real_name": "Laura Flores",
            "display_name": "Laura Flores",
            "team": "T01KAU17684",
            "name": "laura-flores",
            "is_restricted": false,
            "is_ultra_restricted": false
        },
        "blocks": [
            {
                "type": "rich_text",
                "block_id": "RKG",
                "elements": [
                    {
                        "type": "rich_text_section",
                        "elements": [
                            {
                                "type": "user",
                                "user_id": "U01KV6MS6N8"
                            },
                            {
                                "type": "text",
                                "text": " you can go to ICON —> Calendar and it’ll bring you to the same place. "
                            }
                        ]
                    }
                ]
            }
        ],
        "reactions": [
            {
                "name": "+1",
                "users": [
                    "U01KV6MS6N8"
                ],
                "count": 1
            }
        ]
    },
    {
        "client_msg_id": "e6b10d44-1953-4b39-8ee4-b3a88ab567b0",
        "type": "message",
        "text": "Got it, thanks <@U01KNVDC9A6>",
        "user": "U01K958UD2B",
        "ts": "1618081796.034000",
        "team": "T01KAU17684",
        "user_team": "T01KAU17684",
        "source_team": "T01KAU17684",
        "user_profile": {
            "avatar_hash": "ged846066c3a",
            "image_72": "https:\/\/secure.gravatar.com\/avatar\/ed846066c3aa31e80794774dbe0720e1.jpg?s=72&d=https%3A%2F%2Fa.slack-edge.com%2Fdf10d%2Fimg%2Favatars%2Fava_0018-72.png",
            "first_name": "",
            "real_name": "Tyler Cruz",
            "display_name": "Tyler Cruz",
            "team": "T01KAU17684",
            "name": "tyler-cruz",
            "is_restricted": false,
            "is_ultra_restricted": false
        },
        "blocks": [
            {
                "type": "rich_text",
                "block_id": "e+w",
                "elements": [
                    {
                        "type": "rich_text_section",
                        "elements": [
                            {
                                "type": "text",
                                "text": "Got it, thanks "
                            },
                            {
                                "type": "user",
                                "user_id": "U01KNVDC9A6"
                            }
                        ]
                    }
                ]
            }
        ],
        "reactions": [
            {
                "name": "raised_hands",
                "users": [
                    "U01KNVDC9A6"
                ],
                "count": 1
            }
        ]
    },
    {
        "client_msg_id": "89a3fd6e-0708-4c18-a84c-d1174e9b1104",
        "type": "message",
        "text": "Good afternoon, everybody!",
        "user": "U01JY0C0BQE",
        "ts": "1618084363.034400",
        "team": "T01KAU17684",
        "user_team": "T01KAU17684",
        "source_team": "T01KAU17684",
        "user_profile": {
            "avatar_hash": "7f8fd75b6a60",
            "image_72": "https:\/\/avatars.slack-edge.com\/2021-01-19\/1674790159632_7f8fd75b6a60270f0c59_72.jpg",
            "first_name": "Supreeth",
            "real_name": "Supreeth Shastri",
            "display_name": "Shastri",
            "team": "T01KAU17684",
            "name": "supreeth-shastri",
            "is_restricted": false,
            "is_ultra_restricted": false
        },
        "blocks": [
            {
                "type": "rich_text",
                "block_id": "a7klb",
                "elements": [
                    {
                        "type": "rich_text_section",
                        "elements": [
                            {
                                "type": "text",
                                "text": "Good afternoon, everybody!"
                            }
                        ]
                    }
                ]
            }
        ]
    },
    {
        "client_msg_id": "FB0E02BB-D210-4C8A-83A7-A667B7D3F5EE",
        "type": "message",
        "text": "Afternoon professor ",
        "user": "U01L1VA9MP0",
        "ts": "1618084376.034800",
        "team": "T01KAU17684",
        "user_team": "T01KAU17684",
        "source_team": "T01KAU17684",
        "user_profile": {
            "avatar_hash": "gc723735a037",
            "image_72": "https:\/\/secure.gravatar.com\/avatar\/c723735a037f8e47f6581b8383be908d.jpg?s=72&d=https%3A%2F%2Fa.slack-edge.com%2Fdf10d%2Fimg%2Favatars%2Fava_0002-72.png",
            "first_name": "",
            "real_name": "Krishna vamsi pratti",
            "display_name": "Krishna vamsi pratti",
            "team": "T01KAU17684",
            "name": "krishnavamsi-pratti",
            "is_restricted": false,
            "is_ultra_restricted": false
        },
        "blocks": [
            {
                "type": "rich_text",
                "block_id": "FDr",
                "elements": [
                    {
                        "type": "rich_text_section",
                        "elements": [
                            {
                                "type": "text",
                                "text": "Afternoon professor "
                            }
                        ]
                    }
                ]
            }
        ]
    },
    {
        "client_msg_id": "daa4ada5-d2a0-4aad-8ce6-4f1d2da29256",
        "type": "message",
        "text": "(1) ICON might send out notifications in batches... so please be patient.\n(2) Please DO NOT sign up for the interviews now. Wait until we talk about it in Tuesday's class.\n(3) For now, think about your interview preparation time, your other course commitments, and what slots might work for you.",
        "user": "U01JY0C0BQE",
        "ts": "1618084426.035700",
        "team": "T01KAU17684",
        "user_team": "T01KAU17684",
        "source_team": "T01KAU17684",
        "user_profile": {
            "avatar_hash": "7f8fd75b6a60",
            "image_72": "https:\/\/avatars.slack-edge.com\/2021-01-19\/1674790159632_7f8fd75b6a60270f0c59_72.jpg",
            "first_name": "Supreeth",
            "real_name": "Supreeth Shastri",
            "display_name": "Shastri",
            "team": "T01KAU17684",
            "name": "supreeth-shastri",
            "is_restricted": false,
            "is_ultra_restricted": false
        },
        "edited": {
            "user": "U01JY0C0BQE",
            "ts": "1618084514.000000"
        },
        "blocks": [
            {
                "type": "rich_text",
                "block_id": "haV",
                "elements": [
                    {
                        "type": "rich_text_section",
                        "elements": [
                            {
                                "type": "text",
                                "text": "(1) ICON might send out notifications in batches... so please be patient.\n(2) Please DO NOT sign up for the interviews now. Wait until we talk about it in Tuesday's class.\n(3) For now, think about your interview preparation time, your other course commitments, and what slots might work for you."
                            }
                        ]
                    }
                ]
            }
        ]
    },
    {
        "client_msg_id": "F42B5BEB-FABF-4E72-80A7-9F01FADA7733",
        "type": "message",
        "text": "Oops I just did ",
        "user": "U01L1VA9MP0",
        "ts": "1618084478.036000",
        "team": "T01KAU17684",
        "user_team": "T01KAU17684",
        "source_team": "T01KAU17684",
        "user_profile": {
            "avatar_hash": "gc723735a037",
            "image_72": "https:\/\/secure.gravatar.com\/avatar\/c723735a037f8e47f6581b8383be908d.jpg?s=72&d=https%3A%2F%2Fa.slack-edge.com%2Fdf10d%2Fimg%2Favatars%2Fava_0002-72.png",
            "first_name": "",
            "real_name": "Krishna vamsi pratti",
            "display_name": "Krishna vamsi pratti",
            "team": "T01KAU17684",
            "name": "krishnavamsi-pratti",
            "is_restricted": false,
            "is_ultra_restricted": false
        },
        "blocks": [
            {
                "type": "rich_text",
                "block_id": "NAQFn",
                "elements": [
                    {
                        "type": "rich_text_section",
                        "elements": [
                            {
                                "type": "text",
                                "text": "Oops I just did "
                            }
                        ]
                    }
                ]
            }
        ]
    },
    {
        "client_msg_id": "F55F29AD-A9DE-4FDA-84E0-C2F2CCA144C7",
        "type": "message",
        "text": "Professor I reserved for a spot earlier and I didn’t get any indication that I have a reservation , it still shows one spot available at the same a lot ",
        "user": "U01L1VA9MP0",
        "ts": "1618084522.037200",
        "team": "T01KAU17684",
        "user_team": "T01KAU17684",
        "source_team": "T01KAU17684",
        "user_profile": {
            "avatar_hash": "gc723735a037",
            "image_72": "https:\/\/secure.gravatar.com\/avatar\/c723735a037f8e47f6581b8383be908d.jpg?s=72&d=https%3A%2F%2Fa.slack-edge.com%2Fdf10d%2Fimg%2Favatars%2Fava_0002-72.png",
            "first_name": "",
            "real_name": "Krishna vamsi pratti",
            "display_name": "Krishna vamsi pratti",
            "team": "T01KAU17684",
            "name": "krishnavamsi-pratti",
            "is_restricted": false,
            "is_ultra_restricted": false
        },
        "blocks": [
            {
                "type": "rich_text",
                "block_id": "bc7jQ",
                "elements": [
                    {
                        "type": "rich_text_section",
                        "elements": [
                            {
                                "type": "text",
                                "text": "Professor I reserved for a spot earlier and I didn’t get any indication that I have a reservation , it still shows one spot available at the same a lot "
                            }
                        ]
                    }
                ]
            }
        ]
    },
    {
        "client_msg_id": "80988BC4-DA4E-4A69-BB21-6A63AEC721ED",
        "type": "message",
        "text": "Slot ",
        "user": "U01L1VA9MP0",
        "ts": "1618084524.037300",
        "team": "T01KAU17684",
        "user_team": "T01KAU17684",
        "source_team": "T01KAU17684",
        "user_profile": {
            "avatar_hash": "gc723735a037",
            "image_72": "https:\/\/secure.gravatar.com\/avatar\/c723735a037f8e47f6581b8383be908d.jpg?s=72&d=https%3A%2F%2Fa.slack-edge.com%2Fdf10d%2Fimg%2Favatars%2Fava_0002-72.png",
            "first_name": "",
            "real_name": "Krishna vamsi pratti",
            "display_name": "Krishna vamsi pratti",
            "team": "T01KAU17684",
            "name": "krishnavamsi-pratti",
            "is_restricted": false,
            "is_ultra_restricted": false
        },
        "blocks": [
            {
                "type": "rich_text",
                "block_id": "rAw",
                "elements": [
                    {
                        "type": "rich_text_section",
                        "elements": [
                            {
                                "type": "text",
                                "text": "Slot "
                            }
                        ]
                    }
                ]
            }
        ]
    },
    {
        "client_msg_id": "037be4ba-4686-450f-a219-c257857b7f14",
        "type": "message",
        "text": "If you already signed up, it is ok. Not the end of the world. You just have to stick to it (after finding out more information about it in the lecture).",
        "user": "U01JY0C0BQE",
        "ts": "1618084618.038300",
        "team": "T01KAU17684",
        "user_team": "T01KAU17684",
        "source_team": "T01KAU17684",
        "user_profile": {
            "avatar_hash": "7f8fd75b6a60",
            "image_72": "https:\/\/avatars.slack-edge.com\/2021-01-19\/1674790159632_7f8fd75b6a60270f0c59_72.jpg",
            "first_name": "Supreeth",
            "real_name": "Supreeth Shastri",
            "display_name": "Shastri",
            "team": "T01KAU17684",
            "name": "supreeth-shastri",
            "is_restricted": false,
            "is_ultra_restricted": false
        },
        "blocks": [
            {
                "type": "rich_text",
                "block_id": "4gXe",
                "elements": [
                    {
                        "type": "rich_text_section",
                        "elements": [
                            {
                                "type": "text",
                                "text": "If you already signed up, it is ok. Not the end of the world. You just have to stick to it (after finding out more information about it in the lecture)."
                            }
                        ]
                    }
                ]
            }
        ]
    }
]