[
    {
        "client_msg_id": "941b7271-129e-4f7e-a02f-8e037f5a9d02",
        "type": "message",
        "text": "Morning folks! I'm advancing my office hours by an hour today. It will be from 10am - 11am at the usual zoom room. Sorry for the late notice.",
        "user": "U01JY0C0BQE",
        "ts": "1613567048.192900",
        "team": "T01KAU17684",
        "user_team": "T01KAU17684",
        "source_team": "T01KAU17684",
        "user_profile": {
            "avatar_hash": "7f8fd75b6a60",
            "image_72": "https:\/\/avatars.slack-edge.com\/2021-01-19\/1674790159632_7f8fd75b6a60270f0c59_72.jpg",
            "first_name": "Supreeth",
            "real_name": "Supreeth Shastri",
            "display_name": "Shastri",
            "team": "T01KAU17684",
            "name": "supreeth-shastri",
            "is_restricted": false,
            "is_ultra_restricted": false
        },
        "blocks": [
            {
                "type": "rich_text",
                "block_id": "w7w",
                "elements": [
                    {
                        "type": "rich_text_section",
                        "elements": [
                            {
                                "type": "text",
                                "text": "Morning folks! I'm advancing my office hours by an hour today. It will be from 10am - 11am at the usual zoom room. Sorry for the late notice."
                            }
                        ]
                    }
                ]
            }
        ]
    },
    {
        "client_msg_id": "1034968b-b565-443d-bab9-fd2a9caed54a",
        "type": "message",
        "text": "If anyone needs me after my office hours, I will be on slack",
        "user": "U01JY0C0BQE",
        "ts": "1613578263.193400",
        "team": "T01KAU17684",
        "user_team": "T01KAU17684",
        "source_team": "T01KAU17684",
        "user_profile": {
            "avatar_hash": "7f8fd75b6a60",
            "image_72": "https:\/\/avatars.slack-edge.com\/2021-01-19\/1674790159632_7f8fd75b6a60270f0c59_72.jpg",
            "first_name": "Supreeth",
            "real_name": "Supreeth Shastri",
            "display_name": "Shastri",
            "team": "T01KAU17684",
            "name": "supreeth-shastri",
            "is_restricted": false,
            "is_ultra_restricted": false
        },
        "blocks": [
            {
                "type": "rich_text",
                "block_id": "lcE\/",
                "elements": [
                    {
                        "type": "rich_text_section",
                        "elements": [
                            {
                                "type": "text",
                                "text": "If anyone needs me after my office hours, I will be on slack"
                            }
                        ]
                    }
                ]
            }
        ]
    }
]