[
    {
        "client_msg_id": "6f104668-cf80-484b-9997-f956e416f69e",
        "type": "message",
        "text": "PSA: folks, it is ok to post programming project questions on slack. It is likely that many others would have hit that situation. Helps everyone. Give it a try",
        "user": "U01JY0C0BQE",
        "ts": "1615410712.002200",
        "team": "T01KAU17684",
        "user_team": "T01KAU17684",
        "source_team": "T01KAU17684",
        "user_profile": {
            "avatar_hash": "7f8fd75b6a60",
            "image_72": "https:\/\/avatars.slack-edge.com\/2021-01-19\/1674790159632_7f8fd75b6a60270f0c59_72.jpg",
            "first_name": "Supreeth",
            "real_name": "Supreeth Shastri",
            "display_name": "Shastri",
            "team": "T01KAU17684",
            "name": "supreeth-shastri",
            "is_restricted": false,
            "is_ultra_restricted": false
        },
        "blocks": [
            {
                "type": "rich_text",
                "block_id": "R3m",
                "elements": [
                    {
                        "type": "rich_text_section",
                        "elements": [
                            {
                                "type": "text",
                                "text": "PSA: folks, it is ok to post programming project questions on slack. It is likely that many others would have hit that situation. Helps everyone. Give it a try"
                            }
                        ]
                    }
                ]
            }
        ],
        "reactions": [
            {
                "name": "raised_hands",
                "users": [
                    "U01KNVDC9A6"
                ],
                "count": 1
            }
        ]
    },
    {
        "client_msg_id": "50ebeff4-0c6b-4d1e-8538-48338b4275f2",
        "type": "message",
        "text": "I'm not sure if this is an appropriate question to post here, but I'll do it anyway.\nI'm having difficulty with these three lines in web-proxy.py:\n\nfileobj = c.makefile('r', None)\nfileobj.write(f\"GET http:\/\/{filename} HTTP\/1.0\\r\\n\")\nbuff = fileobj.readlines()\n\nI changed them a bit for Python 3, but they have the same meaning as the original\nI keep getting a \"not writable\" error.\nWhen I change the permissions in c.makefile() to 'w', I get \"not readable\".\nWhen I add buffering=1 in c.makefile() with writing permissions, I get [WinError 10057].\nWhen I have buffering=1 in c.makefile() with reading permissions, I get \"not writable\" again.\nThis seems like a contradiction, and I'm not sure how to get out of it.",
        "user": "U01KGHG0WFQ",
        "ts": "1615412486.003500",
        "team": "T01KAU17684",
        "user_team": "T01KAU17684",
        "source_team": "T01KAU17684",
        "user_profile": {
            "avatar_hash": "g4659cfcbbbf",
            "image_72": "https:\/\/secure.gravatar.com\/avatar\/4659cfcbbbff767c99b672aca9818727.jpg?s=72&d=https%3A%2F%2Fa.slack-edge.com%2Fdf10d%2Fimg%2Favatars%2Fava_0024-72.png",
            "first_name": "",
            "real_name": "Blake Espeland",
            "display_name": "Blake Espeland",
            "team": "T01KAU17684",
            "name": "blake-espeland",
            "is_restricted": false,
            "is_ultra_restricted": false
        },
        "edited": {
            "user": "U01KGHG0WFQ",
            "ts": "1615412923.000000"
        },
        "blocks": [
            {
                "type": "rich_text",
                "block_id": "48\/4",
                "elements": [
                    {
                        "type": "rich_text_section",
                        "elements": [
                            {
                                "type": "text",
                                "text": "I'm not sure if this is an appropriate question to post here, but I'll do it anyway.\nI'm having difficulty with these three lines in web-proxy.py:\n\nfileobj = c.makefile('r', None)\nfileobj.write(f\"GET http:\/\/{filename} HTTP\/1.0\\r\\n\")\nbuff = fileobj.readlines()\n\nI changed them a bit for Python 3, but they have the same meaning as the original\nI keep getting a \"not writable\" error.\nWhen I change the permissions in c.makefile() to 'w', I get \"not readable\".\nWhen I add buffering=1 in c.makefile() with writing permissions, I get [WinError 10057].\nWhen I have buffering=1 in c.makefile() with reading permissions, I get \"not writable\" again.\nThis seems like a contradiction, and I'm not sure how to get out of it."
                            }
                        ]
                    }
                ]
            }
        ],
        "thread_ts": "1615412486.003500",
        "reply_count": 1,
        "reply_users_count": 1,
        "latest_reply": "1615436626.010600",
        "reply_users": [
            "U01KNVDC9A6"
        ],
        "replies": [
            {
                "user": "U01KNVDC9A6",
                "ts": "1615436626.010600"
            }
        ],
        "is_locked": false,
        "subscribed": false
    },
    {
        "client_msg_id": "74aa7555-413d-4647-96c7-cefbab3bf853",
        "type": "message",
        "text": "This block of code is formatted a bit strange. Does the fill in part go under  tmpFile.write(line), or is it meant to be pushed out like that?\n\ntmpFile = open(“.\/” + filename,“wb”)\n\t\t\t\tfor line in buff:\n\t\t\t\t\ttmpFile.write(line);\n                    #FillInStart\t    \n                    #FillInEnd",
        "user": "U01KNVDC9A6",
        "ts": "1615419293.004500",
        "team": "T01KAU17684",
        "user_team": "T01KAU17684",
        "source_team": "T01KAU17684",
        "user_profile": {
            "avatar_hash": "56c10b4857c1",
            "image_72": "https:\/\/avatars.slack-edge.com\/2021-01-23\/1675168091332_56c10b4857c1336660f7_72.png",
            "first_name": "Laura",
            "real_name": "Laura Flores",
            "display_name": "Laura Flores",
            "team": "T01KAU17684",
            "name": "laura-flores",
            "is_restricted": false,
            "is_ultra_restricted": false
        },
        "edited": {
            "user": "U01KNVDC9A6",
            "ts": "1615419351.000000"
        },
        "blocks": [
            {
                "type": "rich_text",
                "block_id": "fNutT",
                "elements": [
                    {
                        "type": "rich_text_section",
                        "elements": [
                            {
                                "type": "text",
                                "text": "This block of code is formatted a bit strange. Does the fill in part go under  tmpFile.write(line), or is it meant to be pushed out like that?\n\ntmpFile = open(“.\/” + filename,“wb”)\n\t\t\t\tfor line in buff:\n\t\t\t\t\ttmpFile.write(line);\n                    #FillInStart\t    \n                    #FillInEnd"
                            }
                        ]
                    }
                ]
            }
        ],
        "thread_ts": "1615419293.004500",
        "reply_count": 5,
        "reply_users_count": 2,
        "latest_reply": "1615420355.006900",
        "reply_users": [
            "U01JY0C0BQE",
            "U01KNVDC9A6"
        ],
        "replies": [
            {
                "user": "U01JY0C0BQE",
                "ts": "1615420197.006100"
            },
            {
                "user": "U01JY0C0BQE",
                "ts": "1615420254.006300"
            },
            {
                "user": "U01KNVDC9A6",
                "ts": "1615420294.006500"
            },
            {
                "user": "U01JY0C0BQE",
                "ts": "1615420312.006700"
            },
            {
                "user": "U01JY0C0BQE",
                "ts": "1615420355.006900"
            }
        ],
        "is_locked": false,
        "subscribed": true,
        "last_read": "1615420355.006900"
    },
    {
        "client_msg_id": "b97e27d4-fc34-4072-80d7-b47ba0726ef2",
        "type": "message",
        "text": "I’m actually getting that several of the lines are formatted weird (indentations when there shouldn’t be, etc.) It might just be how the file loaded in to my IDE, or it might be how the file actually is. Hard to tell.",
        "user": "U01KNVDC9A6",
        "ts": "1615419980.006000",
        "team": "T01KAU17684",
        "user_team": "T01KAU17684",
        "source_team": "T01KAU17684",
        "user_profile": {
            "avatar_hash": "56c10b4857c1",
            "image_72": "https:\/\/avatars.slack-edge.com\/2021-01-23\/1675168091332_56c10b4857c1336660f7_72.png",
            "first_name": "Laura",
            "real_name": "Laura Flores",
            "display_name": "Laura Flores",
            "team": "T01KAU17684",
            "name": "laura-flores",
            "is_restricted": false,
            "is_ultra_restricted": false
        },
        "blocks": [
            {
                "type": "rich_text",
                "block_id": "K7E",
                "elements": [
                    {
                        "type": "rich_text_section",
                        "elements": [
                            {
                                "type": "text",
                                "text": "I’m actually getting that several of the lines are formatted weird (indentations when there shouldn’t be, etc.) It might just be how the file loaded in to my IDE, or it might be how the file actually is. Hard to tell."
                            }
                        ]
                    }
                ]
            }
        ],
        "thread_ts": "1615419980.006000",
        "reply_count": 2,
        "reply_users_count": 2,
        "latest_reply": "1615436437.010400",
        "reply_users": [
            "U01KGHG0WFQ",
            "U01KNVDC9A6"
        ],
        "replies": [
            {
                "user": "U01KGHG0WFQ",
                "ts": "1615421746.010100"
            },
            {
                "user": "U01KNVDC9A6",
                "ts": "1615436437.010400"
            }
        ],
        "is_locked": false,
        "subscribed": false
    },
    {
        "client_msg_id": "b63303bc-4acf-4b42-b6d7-9784bdd4ca9d",
        "type": "message",
        "text": "`tmpFile = *open*(\".\/\" + filename,\"wb\")`\n`for line in buff:`\n    `tmpFile.write(line);`\n    `#FillInStart`\n    `#FillInEnd`",
        "user": "U01JY0C0BQE",
        "ts": "1615420197.006100",
        "team": "T01KAU17684",
        "user_team": "T01KAU17684",
        "source_team": "T01KAU17684",
        "user_profile": {
            "avatar_hash": "7f8fd75b6a60",
            "image_72": "https:\/\/avatars.slack-edge.com\/2021-01-19\/1674790159632_7f8fd75b6a60270f0c59_72.jpg",
            "first_name": "Supreeth",
            "real_name": "Supreeth Shastri",
            "display_name": "Shastri",
            "team": "T01KAU17684",
            "name": "supreeth-shastri",
            "is_restricted": false,
            "is_ultra_restricted": false
        },
        "blocks": [
            {
                "type": "rich_text",
                "block_id": "kwUh4",
                "elements": [
                    {
                        "type": "rich_text_section",
                        "elements": [
                            {
                                "type": "text",
                                "text": "tmpFile = ",
                                "style": {
                                    "code": true
                                }
                            },
                            {
                                "type": "text",
                                "text": "open",
                                "style": {
                                    "bold": true,
                                    "code": true
                                }
                            },
                            {
                                "type": "text",
                                "text": "(\".\/\" + filename,\"wb\")",
                                "style": {
                                    "code": true
                                }
                            },
                            {
                                "type": "text",
                                "text": "\n"
                            },
                            {
                                "type": "text",
                                "text": "for line in buff:",
                                "style": {
                                    "code": true
                                }
                            },
                            {
                                "type": "text",
                                "text": "\n"
                            },
                            {
                                "type": "text",
                                "text": "    tmpFile.write(line);",
                                "style": {
                                    "code": true
                                }
                            },
                            {
                                "type": "text",
                                "text": "\n"
                            },
                            {
                                "type": "text",
                                "text": "    #FillInStart",
                                "style": {
                                    "code": true
                                }
                            },
                            {
                                "type": "text",
                                "text": "\n"
                            },
                            {
                                "type": "text",
                                "text": "    #FillInEnd",
                                "style": {
                                    "code": true
                                }
                            }
                        ]
                    }
                ]
            }
        ],
        "thread_ts": "1615419293.004500",
        "parent_user_id": "U01KNVDC9A6"
    },
    {
        "client_msg_id": "ae6050c5-a713-43d6-a8ea-0b7c91462642",
        "type": "message",
        "text": "it should open the file, and run a loop on all the lines. the rest of the statement is contained within that loop. So, just one level of indentation.",
        "user": "U01JY0C0BQE",
        "ts": "1615420254.006300",
        "team": "T01KAU17684",
        "user_team": "T01KAU17684",
        "source_team": "T01KAU17684",
        "user_profile": {
            "avatar_hash": "7f8fd75b6a60",
            "image_72": "https:\/\/avatars.slack-edge.com\/2021-01-19\/1674790159632_7f8fd75b6a60270f0c59_72.jpg",
            "first_name": "Supreeth",
            "real_name": "Supreeth Shastri",
            "display_name": "Shastri",
            "team": "T01KAU17684",
            "name": "supreeth-shastri",
            "is_restricted": false,
            "is_ultra_restricted": false
        },
        "blocks": [
            {
                "type": "rich_text",
                "block_id": "BOQW",
                "elements": [
                    {
                        "type": "rich_text_section",
                        "elements": [
                            {
                                "type": "text",
                                "text": "it should open the file, and run a loop on all the lines. the rest of the statement is contained within that loop. So, just one level of indentation."
                            }
                        ]
                    }
                ]
            }
        ],
        "thread_ts": "1615419293.004500",
        "parent_user_id": "U01KNVDC9A6"
    },
    {
        "client_msg_id": "a315e4d4-f94d-4ec0-8919-913e9c29efa1",
        "type": "message",
        "text": "Ok I see, thanks!",
        "user": "U01KNVDC9A6",
        "ts": "1615420294.006500",
        "team": "T01KAU17684",
        "user_team": "T01KAU17684",
        "source_team": "T01KAU17684",
        "user_profile": {
            "avatar_hash": "56c10b4857c1",
            "image_72": "https:\/\/avatars.slack-edge.com\/2021-01-23\/1675168091332_56c10b4857c1336660f7_72.png",
            "first_name": "Laura",
            "real_name": "Laura Flores",
            "display_name": "Laura Flores",
            "team": "T01KAU17684",
            "name": "laura-flores",
            "is_restricted": false,
            "is_ultra_restricted": false
        },
        "blocks": [
            {
                "type": "rich_text",
                "block_id": "NtHUD",
                "elements": [
                    {
                        "type": "rich_text_section",
                        "elements": [
                            {
                                "type": "text",
                                "text": "Ok I see, thanks!"
                            }
                        ]
                    }
                ]
            }
        ],
        "thread_ts": "1615419293.004500",
        "parent_user_id": "U01KNVDC9A6"
    },
    {
        "client_msg_id": "accb223e-bc25-4be5-9208-f86891bddb66",
        "type": "message",
        "text": "Set your tabspace to 4, that's my setting.",
        "user": "U01JY0C0BQE",
        "ts": "1615420312.006700",
        "team": "T01KAU17684",
        "user_team": "T01KAU17684",
        "source_team": "T01KAU17684",
        "user_profile": {
            "avatar_hash": "7f8fd75b6a60",
            "image_72": "https:\/\/avatars.slack-edge.com\/2021-01-19\/1674790159632_7f8fd75b6a60270f0c59_72.jpg",
            "first_name": "Supreeth",
            "real_name": "Supreeth Shastri",
            "display_name": "Shastri",
            "team": "T01KAU17684",
            "name": "supreeth-shastri",
            "is_restricted": false,
            "is_ultra_restricted": false
        },
        "blocks": [
            {
                "type": "rich_text",
                "block_id": "DqGPA",
                "elements": [
                    {
                        "type": "rich_text_section",
                        "elements": [
                            {
                                "type": "text",
                                "text": "Set your tabspace to 4, that's my setting."
                            }
                        ]
                    }
                ]
            }
        ],
        "thread_ts": "1615419293.004500",
        "parent_user_id": "U01KNVDC9A6"
    },
    {
        "client_msg_id": "73ca0f46-bd55-4816-8f20-7486818f01ef",
        "type": "message",
        "text": "I will re-upload the files converting all tabs to spaces",
        "user": "U01JY0C0BQE",
        "ts": "1615420355.006900",
        "team": "T01KAU17684",
        "user_team": "T01KAU17684",
        "source_team": "T01KAU17684",
        "user_profile": {
            "avatar_hash": "7f8fd75b6a60",
            "image_72": "https:\/\/avatars.slack-edge.com\/2021-01-19\/1674790159632_7f8fd75b6a60270f0c59_72.jpg",
            "first_name": "Supreeth",
            "real_name": "Supreeth Shastri",
            "display_name": "Shastri",
            "team": "T01KAU17684",
            "name": "supreeth-shastri",
            "is_restricted": false,
            "is_ultra_restricted": false
        },
        "blocks": [
            {
                "type": "rich_text",
                "block_id": "MoH",
                "elements": [
                    {
                        "type": "rich_text_section",
                        "elements": [
                            {
                                "type": "text",
                                "text": "I will re-upload the files converting all tabs to spaces"
                            }
                        ]
                    }
                ]
            }
        ],
        "thread_ts": "1615419293.004500",
        "parent_user_id": "U01KNVDC9A6",
        "reactions": [
            {
                "name": "+1",
                "users": [
                    "U01KNVDC9A6"
                ],
                "count": 1
            }
        ]
    },
    {
        "client_msg_id": "748247B3-5E01-4E0F-998B-52513B847D18",
        "type": "message",
        "text": "I got that too. I just un-tabbed and re-tabbed some of the blocks that were underlined. I think It has something to do with how your operating system parses the text, where some of the characters get misinterpreted.",
        "user": "U01KGHG0WFQ",
        "ts": "1615421746.010100",
        "team": "T01KAU17684",
        "user_team": "T01KAU17684",
        "source_team": "T01KAU17684",
        "user_profile": {
            "avatar_hash": "g4659cfcbbbf",
            "image_72": "https:\/\/secure.gravatar.com\/avatar\/4659cfcbbbff767c99b672aca9818727.jpg?s=72&d=https%3A%2F%2Fa.slack-edge.com%2Fdf10d%2Fimg%2Favatars%2Fava_0024-72.png",
            "first_name": "",
            "real_name": "Blake Espeland",
            "display_name": "Blake Espeland",
            "team": "T01KAU17684",
            "name": "blake-espeland",
            "is_restricted": false,
            "is_ultra_restricted": false
        },
        "blocks": [
            {
                "type": "rich_text",
                "block_id": "b5H",
                "elements": [
                    {
                        "type": "rich_text_section",
                        "elements": [
                            {
                                "type": "text",
                                "text": "I got that too. I just un-tabbed and re-tabbed some of the blocks that were underlined. I think It has something to do with how your operating system parses the text, where some of the characters get misinterpreted."
                            }
                        ]
                    }
                ]
            }
        ],
        "thread_ts": "1615419980.006000",
        "parent_user_id": "U01KNVDC9A6",
        "reactions": [
            {
                "name": "+1",
                "users": [
                    "U01KNVDC9A6"
                ],
                "count": 1
            }
        ]
    },
    {
        "client_msg_id": "f90ea497-4975-4704-a254-f30a630ab356",
        "type": "message",
        "text": "Thanks Blake!",
        "user": "U01KNVDC9A6",
        "ts": "1615436437.010400",
        "team": "T01KAU17684",
        "user_team": "T01KAU17684",
        "source_team": "T01KAU17684",
        "user_profile": {
            "avatar_hash": "56c10b4857c1",
            "image_72": "https:\/\/avatars.slack-edge.com\/2021-01-23\/1675168091332_56c10b4857c1336660f7_72.png",
            "first_name": "Laura",
            "real_name": "Laura Flores",
            "display_name": "Laura Flores",
            "team": "T01KAU17684",
            "name": "laura-flores",
            "is_restricted": false,
            "is_ultra_restricted": false
        },
        "blocks": [
            {
                "type": "rich_text",
                "block_id": "o4M62",
                "elements": [
                    {
                        "type": "rich_text_section",
                        "elements": [
                            {
                                "type": "text",
                                "text": "Thanks Blake!"
                            }
                        ]
                    }
                ]
            }
        ],
        "thread_ts": "1615419980.006000",
        "parent_user_id": "U01KNVDC9A6"
    },
    {
        "client_msg_id": "c26e2fbd-730b-4275-808f-1740c758669d",
        "type": "message",
        "text": "What’s the exact error message you’re getting? I haven’t run into that issue, but maybe I can find something about it.",
        "user": "U01KNVDC9A6",
        "ts": "1615436626.010600",
        "team": "T01KAU17684",
        "user_team": "T01KAU17684",
        "source_team": "T01KAU17684",
        "user_profile": {
            "avatar_hash": "56c10b4857c1",
            "image_72": "https:\/\/avatars.slack-edge.com\/2021-01-23\/1675168091332_56c10b4857c1336660f7_72.png",
            "first_name": "Laura",
            "real_name": "Laura Flores",
            "display_name": "Laura Flores",
            "team": "T01KAU17684",
            "name": "laura-flores",
            "is_restricted": false,
            "is_ultra_restricted": false
        },
        "blocks": [
            {
                "type": "rich_text",
                "block_id": "OVJ\/",
                "elements": [
                    {
                        "type": "rich_text_section",
                        "elements": [
                            {
                                "type": "text",
                                "text": "What’s the exact error message you’re getting? I haven’t run into that issue, but maybe I can find something about it."
                            }
                        ]
                    }
                ]
            }
        ],
        "thread_ts": "1615412486.003500",
        "parent_user_id": "U01KGHG0WFQ"
    },
    {
        "client_msg_id": "9d5fb23c-4ae2-4ce8-a1d8-6626113af266",
        "type": "message",
        "text": "To echo what a lot of people have said, I also seem to be having a lot of problems with the web-proxy.py. Here is some of the stuff I ran into\nI'm not sure that using partition[1:] for in open() is useful, I actually think it might be causing it to improperly read stuff\nI had to change c.makefile call to c.makefile('rw') and let it buffer\nIt seems like now there are problems when creating a file like <http:\/\/gnu.org\/|gnu.org\/> because it thinks it's actually a directory and can't add to it or something\n\nI guess I'm just not sure if I'm doing something wrong and I'm starting to fundamentally change the file, or if that's even something we should be worrying about",
        "user": "U01K8MDR4R5",
        "ts": "1615440426.013800",
        "team": "T01KAU17684",
        "user_team": "T01KAU17684",
        "source_team": "T01KAU17684",
        "user_profile": {
            "avatar_hash": "c2a110fc1445",
            "image_72": "https:\/\/avatars.slack-edge.com\/2021-01-24\/1669711476611_c2a110fc1445e7bd3765_72.jpg",
            "first_name": "",
            "real_name": "Ben Stone",
            "display_name": "Ben Stone",
            "team": "T01KAU17684",
            "name": "benstone",
            "is_restricted": false,
            "is_ultra_restricted": false
        },
        "blocks": [
            {
                "type": "rich_text",
                "block_id": "SXeV9",
                "elements": [
                    {
                        "type": "rich_text_section",
                        "elements": [
                            {
                                "type": "text",
                                "text": "To echo what a lot of people have said, I also seem to be having a lot of problems with the web-proxy.py. Here is some of the stuff I ran into\nI'm not sure that using partition[1:] for in open() is useful, I actually think it might be causing it to improperly read stuff\nI had to change c.makefile call to c.makefile('rw') and let it buffer\nIt seems like now there are problems when creating a file like "
                            },
                            {
                                "type": "link",
                                "url": "http:\/\/gnu.org\/",
                                "text": "gnu.org\/"
                            },
                            {
                                "type": "text",
                                "text": " because it thinks it's actually a directory and can't add to it or something\n\nI guess I'm just not sure if I'm doing something wrong and I'm starting to fundamentally change the file, or if that's even something we should be worrying about"
                            }
                        ]
                    }
                ]
            }
        ],
        "thread_ts": "1615440426.013800",
        "reply_count": 2,
        "reply_users_count": 2,
        "latest_reply": "1615475673.015600",
        "reply_users": [
            "U01JY0C0BQE",
            "U01LC2YQ2V6"
        ],
        "replies": [
            {
                "user": "U01JY0C0BQE",
                "ts": "1615475636.015400"
            },
            {
                "user": "U01LC2YQ2V6",
                "ts": "1615475673.015600"
            }
        ],
        "is_locked": false,
        "subscribed": true,
        "last_read": "1615475673.015600"
    },
    {
        "client_msg_id": "c169f067-f1ad-46bd-9772-70828fae0833",
        "type": "message",
        "text": "I've been having the same issues <@U01K8MDR4R5>",
        "user": "U01KM5NRGJ2",
        "ts": "1615441447.013900",
        "team": "T01KAU17684",
        "user_team": "T01KAU17684",
        "source_team": "T01KAU17684",
        "user_profile": {
            "avatar_hash": "26f965f9da0e",
            "image_72": "https:\/\/avatars.slack-edge.com\/2021-01-25\/1673981909618_26f965f9da0ee6984b78_72.jpg",
            "first_name": "",
            "real_name": "Mitch Majure",
            "display_name": "Mitch Majure",
            "team": "T01KAU17684",
            "name": "mitchell-majure",
            "is_restricted": false,
            "is_ultra_restricted": false
        },
        "blocks": [
            {
                "type": "rich_text",
                "block_id": "m2w5f",
                "elements": [
                    {
                        "type": "rich_text_section",
                        "elements": [
                            {
                                "type": "text",
                                "text": "I've been having the same issues "
                            },
                            {
                                "type": "user",
                                "user_id": "U01K8MDR4R5"
                            }
                        ]
                    }
                ]
            }
        ]
    },
    {
        "client_msg_id": "443c6465-2615-4f33-a7a1-f82bde55aa52",
        "type": "message",
        "text": "I've been using <http:\/\/www.cornell.edu\/> as my testing site and the web-proxy will save a blank document with the name <http:\/\/www.cornell.edu|www.cornell.edu>, but then my computer sends some kind of request for an icon from <http:\/\/cornell.edu|cornell.edu> and the proxy server code does not handle that well.",
        "user": "U01KM5NRGJ2",
        "ts": "1615442637.014000",
        "team": "T01KAU17684",
        "user_team": "T01KAU17684",
        "source_team": "T01KAU17684",
        "user_profile": {
            "avatar_hash": "26f965f9da0e",
            "image_72": "https:\/\/avatars.slack-edge.com\/2021-01-25\/1673981909618_26f965f9da0ee6984b78_72.jpg",
            "first_name": "",
            "real_name": "Mitch Majure",
            "display_name": "Mitch Majure",
            "team": "T01KAU17684",
            "name": "mitchell-majure",
            "is_restricted": false,
            "is_ultra_restricted": false
        },
        "edited": {
            "user": "U01KM5NRGJ2",
            "ts": "1615473542.000000"
        },
        "blocks": [
            {
                "type": "rich_text",
                "block_id": "G83",
                "elements": [
                    {
                        "type": "rich_text_section",
                        "elements": [
                            {
                                "type": "text",
                                "text": "I've been using "
                            },
                            {
                                "type": "link",
                                "url": "http:\/\/www.cornell.edu\/"
                            },
                            {
                                "type": "text",
                                "text": " as my testing site and the web-proxy will save a blank document with the name "
                            },
                            {
                                "type": "link",
                                "url": "http:\/\/www.cornell.edu",
                                "text": "www.cornell.edu"
                            },
                            {
                                "type": "text",
                                "text": ", but then my computer sends some kind of request for an icon from "
                            },
                            {
                                "type": "link",
                                "url": "http:\/\/cornell.edu",
                                "text": "cornell.edu"
                            },
                            {
                                "type": "text",
                                "text": " and the proxy server code does not handle that well."
                            }
                        ]
                    }
                ]
            }
        ],
        "thread_ts": "1615442637.014000",
        "reply_count": 4,
        "reply_users_count": 2,
        "latest_reply": "1615476334.016400",
        "reply_users": [
            "U01KGHG0WFQ",
            "U01LC2YQ2V6"
        ],
        "replies": [
            {
                "user": "U01KGHG0WFQ",
                "ts": "1615475590.015200"
            },
            {
                "user": "U01LC2YQ2V6",
                "ts": "1615476257.015800"
            },
            {
                "user": "U01LC2YQ2V6",
                "ts": "1615476321.016100"
            },
            {
                "user": "U01LC2YQ2V6",
                "ts": "1615476334.016400"
            }
        ],
        "is_locked": false,
        "subscribed": false
    }
]