[
    {
        "client_msg_id": "CAD1DA2D-99E3-472B-B47B-B07D5824C4AA",
        "type": "message",
        "text": "Correct me if I’m wrong, but, a question on the quiz mentioned HTTP RTT, and I think it meant HTTP response time based on the answer.",
        "user": "U01KGHG0WFQ",
        "ts": "1613083983.170500",
        "team": "T01KAU17684",
        "user_team": "T01KAU17684",
        "source_team": "T01KAU17684",
        "user_profile": {
            "avatar_hash": "g4659cfcbbbf",
            "image_72": "https:\/\/secure.gravatar.com\/avatar\/4659cfcbbbff767c99b672aca9818727.jpg?s=72&d=https%3A%2F%2Fa.slack-edge.com%2Fdf10d%2Fimg%2Favatars%2Fava_0024-72.png",
            "first_name": "",
            "real_name": "Blake Espeland",
            "display_name": "Blake Espeland",
            "team": "T01KAU17684",
            "name": "blake-espeland",
            "is_restricted": false,
            "is_ultra_restricted": false
        },
        "blocks": [
            {
                "type": "rich_text",
                "block_id": "UIs",
                "elements": [
                    {
                        "type": "rich_text_section",
                        "elements": [
                            {
                                "type": "text",
                                "text": "Correct me if I’m wrong, but, a question on the quiz mentioned HTTP RTT, and I think it meant HTTP response time based on the answer."
                            }
                        ]
                    }
                ]
            }
        ]
    },
    {
        "client_msg_id": "02a3ce4f-effe-4f57-a750-49e90a165d73",
        "type": "message",
        "text": "^ The answer makes it seem like it is referring to total response time, not RTT",
        "user": "U01K8MDR4R5",
        "ts": "1613084171.171300",
        "team": "T01KAU17684",
        "user_team": "T01KAU17684",
        "source_team": "T01KAU17684",
        "user_profile": {
            "avatar_hash": "c2a110fc1445",
            "image_72": "https:\/\/avatars.slack-edge.com\/2021-01-24\/1669711476611_c2a110fc1445e7bd3765_72.jpg",
            "first_name": "",
            "real_name": "Ben Stone",
            "display_name": "Ben Stone",
            "team": "T01KAU17684",
            "name": "benstone",
            "is_restricted": false,
            "is_ultra_restricted": false
        },
        "blocks": [
            {
                "type": "rich_text",
                "block_id": "zipev",
                "elements": [
                    {
                        "type": "rich_text_section",
                        "elements": [
                            {
                                "type": "text",
                                "text": "^ The answer makes it seem like it is referring to total response time, not RTT"
                            }
                        ]
                    }
                ]
            }
        ],
        "reactions": [
            {
                "name": "point_up_2",
                "users": [
                    "U01KG6YG79C"
                ],
                "count": 1
            }
        ]
    },
    {
        "client_msg_id": "b5026637-b82f-4ea4-b0da-d79fe45f8339",
        "type": "message",
        "text": "Yes, hopefully it wasn't too confusing. In hindsight, I could've used HTTP total response time.",
        "user": "U01JY0C0BQE",
        "ts": "1613084487.172900",
        "team": "T01KAU17684",
        "user_team": "T01KAU17684",
        "source_team": "T01KAU17684",
        "user_profile": {
            "avatar_hash": "7f8fd75b6a60",
            "image_72": "https:\/\/avatars.slack-edge.com\/2021-01-19\/1674790159632_7f8fd75b6a60270f0c59_72.jpg",
            "first_name": "Supreeth",
            "real_name": "Supreeth Shastri",
            "display_name": "Shastri",
            "team": "T01KAU17684",
            "name": "supreeth-shastri",
            "is_restricted": false,
            "is_ultra_restricted": false
        },
        "blocks": [
            {
                "type": "rich_text",
                "block_id": "DxNu",
                "elements": [
                    {
                        "type": "rich_text_section",
                        "elements": [
                            {
                                "type": "text",
                                "text": "Yes, hopefully it wasn't too confusing. In hindsight, I could've used HTTP total response time."
                            }
                        ]
                    }
                ]
            }
        ]
    },
    {
        "client_msg_id": "34411c99-a258-416c-a2c2-9c046c7b6cbb",
        "type": "message",
        "text": "Could someone explain why cookies aren't a proprietary mechanism? Thanks.",
        "user": "U01LD8LHJSU",
        "ts": "1613086419.174100",
        "team": "T01KAU17684",
        "user_team": "T01KAU17684",
        "source_team": "T01KAU17684",
        "user_profile": {
            "avatar_hash": "g5bf6e023d9b",
            "image_72": "https:\/\/secure.gravatar.com\/avatar\/5bf6e023d9b4b5899554b88b4049f470.jpg?s=72&d=https%3A%2F%2Fa.slack-edge.com%2Fdf10d%2Fimg%2Favatars%2Fava_0023-72.png",
            "first_name": "",
            "real_name": "Evan Jacobs",
            "display_name": "Evan Jacobs",
            "team": "T01KAU17684",
            "name": "evan-jacobs",
            "is_restricted": false,
            "is_ultra_restricted": false
        },
        "blocks": [
            {
                "type": "rich_text",
                "block_id": "2L=",
                "elements": [
                    {
                        "type": "rich_text_section",
                        "elements": [
                            {
                                "type": "text",
                                "text": "Could someone explain why cookies aren't a proprietary mechanism? Thanks."
                            }
                        ]
                    }
                ]
            }
        ]
    },
    {
        "client_msg_id": "122C1D17-DF83-4CDB-8500-D41FD4887E4F",
        "type": "message",
        "text": "Private companies may use them, the technology itself isn’t owned by any individual company.",
        "user": "U01KGHG0WFQ",
        "ts": "1613086483.175100",
        "team": "T01KAU17684",
        "user_team": "T01KAU17684",
        "source_team": "T01KAU17684",
        "user_profile": {
            "avatar_hash": "g4659cfcbbbf",
            "image_72": "https:\/\/secure.gravatar.com\/avatar\/4659cfcbbbff767c99b672aca9818727.jpg?s=72&d=https%3A%2F%2Fa.slack-edge.com%2Fdf10d%2Fimg%2Favatars%2Fava_0024-72.png",
            "first_name": "",
            "real_name": "Blake Espeland",
            "display_name": "Blake Espeland",
            "team": "T01KAU17684",
            "name": "blake-espeland",
            "is_restricted": false,
            "is_ultra_restricted": false
        },
        "blocks": [
            {
                "type": "rich_text",
                "block_id": "9DaH",
                "elements": [
                    {
                        "type": "rich_text_section",
                        "elements": [
                            {
                                "type": "text",
                                "text": "Private companies may use them, the technology itself isn’t owned by any individual company."
                            }
                        ]
                    }
                ]
            }
        ],
        "reactions": [
            {
                "name": "+1",
                "users": [
                    "U01LD8LHJSU",
                    "U01LC2YQ2V6"
                ],
                "count": 2
            }
        ]
    },
    {
        "client_msg_id": "58485d94-52aa-4f8a-9fef-469b6da57aeb",
        "type": "message",
        "text": "Yes, Blake is right. HTTP cookies are an Internet standard (defined in RFC 6265). Any company is free to build their own technology on top it. That doesn't make the underlying cookie mechanism proprietary.",
        "user": "U01JY0C0BQE",
        "ts": "1613099787.178300",
        "team": "T01KAU17684",
        "user_team": "T01KAU17684",
        "source_team": "T01KAU17684",
        "user_profile": {
            "avatar_hash": "7f8fd75b6a60",
            "image_72": "https:\/\/avatars.slack-edge.com\/2021-01-19\/1674790159632_7f8fd75b6a60270f0c59_72.jpg",
            "first_name": "Supreeth",
            "real_name": "Supreeth Shastri",
            "display_name": "Shastri",
            "team": "T01KAU17684",
            "name": "supreeth-shastri",
            "is_restricted": false,
            "is_ultra_restricted": false
        },
        "blocks": [
            {
                "type": "rich_text",
                "block_id": "Bqd",
                "elements": [
                    {
                        "type": "rich_text_section",
                        "elements": [
                            {
                                "type": "text",
                                "text": "Yes, Blake is right. HTTP cookies are an Internet standard (defined in RFC 6265). Any company is free to build their own technology on top it. That doesn't make the underlying cookie mechanism proprietary."
                            }
                        ]
                    }
                ]
            }
        ]
    },
    {
        "client_msg_id": "4bf2d4ce-e2cc-49d6-87ee-def7e8b753ee",
        "type": "message",
        "text": "Ok folks, there seems to be enough confusion about Q3. For one, I did not mention whether it is HTTP\/1.0 or HTP\/1.1. Also, the wording could have been better (calling total response time of HTTP as HTTP RTT is confusing). So, I've awarded points to everyone who chose &gt; option or == option. I apologize.",
        "user": "U01JY0C0BQE",
        "ts": "1613101044.180600",
        "team": "T01KAU17684",
        "user_team": "T01KAU17684",
        "source_team": "T01KAU17684",
        "user_profile": {
            "avatar_hash": "7f8fd75b6a60",
            "image_72": "https:\/\/avatars.slack-edge.com\/2021-01-19\/1674790159632_7f8fd75b6a60270f0c59_72.jpg",
            "first_name": "Supreeth",
            "real_name": "Supreeth Shastri",
            "display_name": "Shastri",
            "team": "T01KAU17684",
            "name": "supreeth-shastri",
            "is_restricted": false,
            "is_ultra_restricted": false
        },
        "blocks": [
            {
                "type": "rich_text",
                "block_id": "C+=9",
                "elements": [
                    {
                        "type": "rich_text_section",
                        "elements": [
                            {
                                "type": "text",
                                "text": "Ok folks, there seems to be enough confusion about Q3. For one, I did not mention whether it is HTTP\/1.0 or HTP\/1.1. Also, the wording could have been better (calling total response time of HTTP as HTTP RTT is confusing). So, I've awarded points to everyone who chose > option or == option. I apologize."
                            }
                        ]
                    }
                ]
            }
        ]
    }
]