[
    {
        "client_msg_id": "0b6a9a2a-1d4c-4281-aef5-bd1d284e1daf",
        "type": "message",
        "text": "In yesterday's quiz Q5, some of you have answered \"I will design a proprietary protocol\". If you can explain how that will match\/improve UDP's end-to-end speed, I'm more than happy to award full points. DM me.",
        "user": "U01JY0C0BQE",
        "ts": "1612977732.167900",
        "team": "T01KAU17684",
        "user_team": "T01KAU17684",
        "source_team": "T01KAU17684",
        "user_profile": {
            "avatar_hash": "7f8fd75b6a60",
            "image_72": "https:\/\/avatars.slack-edge.com\/2021-01-19\/1674790159632_7f8fd75b6a60270f0c59_72.jpg",
            "first_name": "Supreeth",
            "real_name": "Supreeth Shastri",
            "display_name": "Shastri",
            "team": "T01KAU17684",
            "name": "supreeth-shastri",
            "is_restricted": false,
            "is_ultra_restricted": false
        },
        "blocks": [
            {
                "type": "rich_text",
                "block_id": "lrp6D",
                "elements": [
                    {
                        "type": "rich_text_section",
                        "elements": [
                            {
                                "type": "text",
                                "text": "In yesterday's quiz Q5, some of you have answered \"I will design a proprietary protocol\". If you can explain how that will match\/improve UDP's end-to-end speed, I'm more than happy to award full points. DM me."
                            }
                        ]
                    }
                ]
            }
        ]
    }
]