[
    {
        "client_msg_id": "A64864FF-E5B5-436A-9925-26953B451597",
        "type": "message",
        "text": "Dear class — gentle reminder that we do not have the lecture today. Talk to y’all on Thursday 4\/22.",
        "user": "U01JY0C0BQE",
        "ts": "1618927800.051700",
        "team": "T01KAU17684",
        "user_team": "T01KAU17684",
        "source_team": "T01KAU17684",
        "user_profile": {
            "avatar_hash": "7f8fd75b6a60",
            "image_72": "https:\/\/avatars.slack-edge.com\/2021-01-19\/1674790159632_7f8fd75b6a60270f0c59_72.jpg",
            "first_name": "Supreeth",
            "real_name": "Supreeth Shastri",
            "display_name": "Shastri",
            "team": "T01KAU17684",
            "name": "supreeth-shastri",
            "is_restricted": false,
            "is_ultra_restricted": false
        },
        "blocks": [
            {
                "type": "rich_text",
                "block_id": "PGR",
                "elements": [
                    {
                        "type": "rich_text_section",
                        "elements": [
                            {
                                "type": "text",
                                "text": "Dear class — gentle reminder that we do not have the lecture today. Talk to y’all on Thursday 4\/22."
                            }
                        ]
                    }
                ]
            }
        ],
        "reactions": [
            {
                "name": "+1",
                "users": [
                    "U01KG6YG79C",
                    "U01LNLXR23A",
                    "U01KNVDC9A6",
                    "U01KZ14T9AQ"
                ],
                "count": 4
            }
        ]
    },
    {
        "client_msg_id": "9c424ebc-9e18-45b8-ba5f-763fc1d456e5",
        "type": "message",
        "text": "Writing assignment #4 when using Dijkstra’s algorithm there is nothing the pseudo-code for handling a case of two possible minimum values when computing the cost values. In this case can we just pick either? Or should we show the possibilities of two forwarding tables due to the tie?",
        "user": "U01LNLXR23A",
        "ts": "1618940775.054300",
        "team": "T01KAU17684",
        "user_team": "T01KAU17684",
        "source_team": "T01KAU17684",
        "user_profile": {
            "avatar_hash": "g82593b96e98",
            "image_72": "https:\/\/secure.gravatar.com\/avatar\/82593b96e98b57f7383b56e80b315c41.jpg?s=72&d=https%3A%2F%2Fa.slack-edge.com%2Fdf10d%2Fimg%2Favatars%2Fava_0019-72.png",
            "first_name": "",
            "real_name": "Parijat Tripathi",
            "display_name": "Parijat Tripathi",
            "team": "T01KAU17684",
            "name": "parijat-tripathi",
            "is_restricted": false,
            "is_ultra_restricted": false
        },
        "blocks": [
            {
                "type": "rich_text",
                "block_id": "eGL5",
                "elements": [
                    {
                        "type": "rich_text_section",
                        "elements": [
                            {
                                "type": "text",
                                "text": "Writing assignment #4 when using Dijkstra’s algorithm there is nothing the pseudo-code for handling a case of two possible minimum values when computing the cost values. In this case can we just pick either? Or should we show the possibilities of two forwarding tables due to the tie?"
                            }
                        ]
                    }
                ]
            }
        ],
        "thread_ts": "1618940775.054300",
        "reply_count": 1,
        "reply_users_count": 1,
        "latest_reply": "1618952886.055700",
        "reply_users": [
            "U01JY0C0BQE"
        ],
        "replies": [
            {
                "user": "U01JY0C0BQE",
                "ts": "1618952886.055700"
            }
        ],
        "is_locked": false,
        "subscribed": true,
        "last_read": "1618952886.055700"
    },
    {
        "client_msg_id": "2988fa37-9e97-4181-90d6-e109766cb4a4",
        "type": "message",
        "text": "I think you can pick either one. The algorithm should find the shortest path either way. For sanity check you can do another run with the other edge and see if the shortest path comes out to have the same cost.",
        "user": "U01LC2YQ2V6",
        "ts": "1618942639.055500",
        "team": "T01KAU17684",
        "user_team": "T01KAU17684",
        "source_team": "T01KAU17684",
        "user_profile": {
            "avatar_hash": "g5aefd6bd660",
            "image_72": "https:\/\/secure.gravatar.com\/avatar\/5aefd6bd660d1ac185f11f45f20a389a.jpg?s=72&d=https%3A%2F%2Fa.slack-edge.com%2Fdf10d%2Fimg%2Favatars%2Fava_0001-72.png",
            "first_name": "",
            "real_name": "Adnan Ahmed",
            "display_name": "Adnan Ahmed",
            "team": "T01KAU17684",
            "name": "adnan-ahmed",
            "is_restricted": false,
            "is_ultra_restricted": false
        },
        "blocks": [
            {
                "type": "rich_text",
                "block_id": "uiD",
                "elements": [
                    {
                        "type": "rich_text_section",
                        "elements": [
                            {
                                "type": "text",
                                "text": "I think you can pick either one. The algorithm should find the shortest path either way. For sanity check you can do another run with the other edge and see if the shortest path comes out to have the same cost."
                            }
                        ]
                    }
                ]
            }
        ],
        "reactions": [
            {
                "name": "+1",
                "users": [
                    "U01JY0C0BQE"
                ],
                "count": 1
            }
        ]
    },
    {
        "client_msg_id": "82464d6c-db5c-40cb-a543-e6a6d9af16bd",
        "type": "message",
        "text": "If you need a refresher, check out lecture-19 slide-10. We did this in the class.",
        "user": "U01JY0C0BQE",
        "ts": "1618952886.055700",
        "team": "T01KAU17684",
        "user_team": "T01KAU17684",
        "source_team": "T01KAU17684",
        "user_profile": {
            "avatar_hash": "7f8fd75b6a60",
            "image_72": "https:\/\/avatars.slack-edge.com\/2021-01-19\/1674790159632_7f8fd75b6a60270f0c59_72.jpg",
            "first_name": "Supreeth",
            "real_name": "Supreeth Shastri",
            "display_name": "Shastri",
            "team": "T01KAU17684",
            "name": "supreeth-shastri",
            "is_restricted": false,
            "is_ultra_restricted": false
        },
        "blocks": [
            {
                "type": "rich_text",
                "block_id": "bbYu",
                "elements": [
                    {
                        "type": "rich_text_section",
                        "elements": [
                            {
                                "type": "text",
                                "text": "If you need a refresher, check out lecture-19 slide-10. We did this in the class."
                            }
                        ]
                    }
                ]
            }
        ],
        "thread_ts": "1618940775.054300",
        "parent_user_id": "U01LNLXR23A"
    },
    {
        "client_msg_id": "a56e9863-98ae-4658-af6f-9151dfdff274",
        "type": "message",
        "text": "Would it be at all possible to get an example question for each category of interview question? It is a little bit hard to guess what the kind of depth is we will be going in to",
        "user": "U01K8MDR4R5",
        "ts": "1618953777.056700",
        "team": "T01KAU17684",
        "user_team": "T01KAU17684",
        "source_team": "T01KAU17684",
        "user_profile": {
            "avatar_hash": "c2a110fc1445",
            "image_72": "https:\/\/avatars.slack-edge.com\/2021-01-24\/1669711476611_c2a110fc1445e7bd3765_72.jpg",
            "first_name": "",
            "real_name": "Ben Stone",
            "display_name": "Ben Stone",
            "team": "T01KAU17684",
            "name": "benstone",
            "is_restricted": false,
            "is_ultra_restricted": false
        },
        "blocks": [
            {
                "type": "rich_text",
                "block_id": "UGC5",
                "elements": [
                    {
                        "type": "rich_text_section",
                        "elements": [
                            {
                                "type": "text",
                                "text": "Would it be at all possible to get an example question for each category of interview question? It is a little bit hard to guess what the kind of depth is we will be going in to"
                            }
                        ]
                    }
                ]
            }
        ],
        "thread_ts": "1618953777.056700",
        "reply_count": 2,
        "reply_users_count": 1,
        "latest_reply": "1619013429.058300",
        "reply_users": [
            "U01JY0C0BQE"
        ],
        "replies": [
            {
                "user": "U01JY0C0BQE",
                "ts": "1618955799.056800"
            },
            {
                "user": "U01JY0C0BQE",
                "ts": "1619013429.058300"
            }
        ],
        "is_locked": false,
        "subscribed": true,
        "last_read": "1619013429.058300"
    },
    {
        "client_msg_id": "9aeb5ce5-9ec0-4eeb-b63f-d85ec3d15931",
        "type": "message",
        "text": "Let's talk about this a bit more in our last class (Tue 4\/27)",
        "user": "U01JY0C0BQE",
        "ts": "1618955799.056800",
        "team": "T01KAU17684",
        "user_team": "T01KAU17684",
        "source_team": "T01KAU17684",
        "user_profile": {
            "avatar_hash": "7f8fd75b6a60",
            "image_72": "https:\/\/avatars.slack-edge.com\/2021-01-19\/1674790159632_7f8fd75b6a60270f0c59_72.jpg",
            "first_name": "Supreeth",
            "real_name": "Supreeth Shastri",
            "display_name": "Shastri",
            "team": "T01KAU17684",
            "name": "supreeth-shastri",
            "is_restricted": false,
            "is_ultra_restricted": false
        },
        "blocks": [
            {
                "type": "rich_text",
                "block_id": "WcZKo",
                "elements": [
                    {
                        "type": "rich_text_section",
                        "elements": [
                            {
                                "type": "text",
                                "text": "Let's talk about this a bit more in our last class (Tue 4\/27)"
                            }
                        ]
                    }
                ]
            }
        ],
        "thread_ts": "1618953777.056700",
        "parent_user_id": "U01K8MDR4R5"
    }
]