[
    {
        "client_msg_id": "18fa611b-c307-4ac5-bce6-9bb14641c4fa",
        "type": "message",
        "text": "I have been having issues with web-proxy.py as well. Could someone specify the format of \"hostn\", the name of the server the proxy is trying to reach? For some reason, I keep getting \"illegal request\", and connecting to the host and port 80 seems to be the problem.",
        "user": "U01LD8LHJSU",
        "ts": "1615755449.020200",
        "team": "T01KAU17684",
        "user_team": "T01KAU17684",
        "source_team": "T01KAU17684",
        "user_profile": {
            "avatar_hash": "g5bf6e023d9b",
            "image_72": "https:\/\/secure.gravatar.com\/avatar\/5bf6e023d9b4b5899554b88b4049f470.jpg?s=72&d=https%3A%2F%2Fa.slack-edge.com%2Fdf10d%2Fimg%2Favatars%2Fava_0023-72.png",
            "first_name": "",
            "real_name": "Evan Jacobs",
            "display_name": "Evan Jacobs",
            "team": "T01KAU17684",
            "name": "evan-jacobs",
            "is_restricted": false,
            "is_ultra_restricted": false
        },
        "blocks": [
            {
                "type": "rich_text",
                "block_id": "GdfZj",
                "elements": [
                    {
                        "type": "rich_text_section",
                        "elements": [
                            {
                                "type": "text",
                                "text": "I have been having issues with web-proxy.py as well. Could someone specify the format of \"hostn\", the name of the server the proxy is trying to reach? For some reason, I keep getting \"illegal request\", and connecting to the host and port 80 seems to be the problem."
                            }
                        ]
                    }
                ]
            }
        ]
    },
    {
        "client_msg_id": "d4e9aad0-42ae-43f9-96a0-f4f4298e2d28",
        "type": "message",
        "text": "hey guys",
        "user": "U01L1VA9MP0",
        "ts": "1615756459.020400",
        "team": "T01KAU17684",
        "user_team": "T01KAU17684",
        "source_team": "T01KAU17684",
        "user_profile": {
            "avatar_hash": "gc723735a037",
            "image_72": "https:\/\/secure.gravatar.com\/avatar\/c723735a037f8e47f6581b8383be908d.jpg?s=72&d=https%3A%2F%2Fa.slack-edge.com%2Fdf10d%2Fimg%2Favatars%2Fava_0002-72.png",
            "first_name": "",
            "real_name": "Krishna vamsi pratti",
            "display_name": "Krishna vamsi pratti",
            "team": "T01KAU17684",
            "name": "krishnavamsi-pratti",
            "is_restricted": false,
            "is_ultra_restricted": false
        },
        "blocks": [
            {
                "type": "rich_text",
                "block_id": "56B1g",
                "elements": [
                    {
                        "type": "rich_text_section",
                        "elements": [
                            {
                                "type": "text",
                                "text": "hey guys"
                            }
                        ]
                    }
                ]
            }
        ]
    },
    {
        "client_msg_id": "3302e450-a368-4e23-ad36-802a4e2a44a6",
        "type": "message",
        "text": "can we use any port number for part a?",
        "user": "U01L1VA9MP0",
        "ts": "1615756479.020900",
        "team": "T01KAU17684",
        "user_team": "T01KAU17684",
        "source_team": "T01KAU17684",
        "user_profile": {
            "avatar_hash": "gc723735a037",
            "image_72": "https:\/\/secure.gravatar.com\/avatar\/c723735a037f8e47f6581b8383be908d.jpg?s=72&d=https%3A%2F%2Fa.slack-edge.com%2Fdf10d%2Fimg%2Favatars%2Fava_0002-72.png",
            "first_name": "",
            "real_name": "Krishna vamsi pratti",
            "display_name": "Krishna vamsi pratti",
            "team": "T01KAU17684",
            "name": "krishnavamsi-pratti",
            "is_restricted": false,
            "is_ultra_restricted": false
        },
        "blocks": [
            {
                "type": "rich_text",
                "block_id": "HkeC",
                "elements": [
                    {
                        "type": "rich_text_section",
                        "elements": [
                            {
                                "type": "text",
                                "text": "can we use any port number for part a?"
                            }
                        ]
                    }
                ]
            }
        ],
        "thread_ts": "1615756479.020900",
        "reply_count": 7,
        "reply_users_count": 3,
        "latest_reply": "1615758252.028300",
        "reply_users": [
            "U01LD8LHJSU",
            "U01L1VA9MP0",
            "U01LC2YQ2V6"
        ],
        "replies": [
            {
                "user": "U01LD8LHJSU",
                "ts": "1615757260.021000"
            },
            {
                "user": "U01L1VA9MP0",
                "ts": "1615757491.021300"
            },
            {
                "user": "U01LC2YQ2V6",
                "ts": "1615757956.021500"
            },
            {
                "user": "U01LD8LHJSU",
                "ts": "1615757991.022800"
            },
            {
                "user": "U01L1VA9MP0",
                "ts": "1615758039.024200"
            },
            {
                "user": "U01LD8LHJSU",
                "ts": "1615758149.026300"
            },
            {
                "user": "U01LC2YQ2V6",
                "ts": "1615758252.028300"
            }
        ],
        "is_locked": false,
        "subscribed": false
    },
    {
        "client_msg_id": "44cfc219-1639-487e-83dd-5c88fb4f19c4",
        "type": "message",
        "text": "I just picked a random port number (8000) and that worked for me",
        "user": "U01LD8LHJSU",
        "ts": "1615757260.021000",
        "team": "T01KAU17684",
        "user_team": "T01KAU17684",
        "source_team": "T01KAU17684",
        "user_profile": {
            "avatar_hash": "g5bf6e023d9b",
            "image_72": "https:\/\/secure.gravatar.com\/avatar\/5bf6e023d9b4b5899554b88b4049f470.jpg?s=72&d=https%3A%2F%2Fa.slack-edge.com%2Fdf10d%2Fimg%2Favatars%2Fava_0023-72.png",
            "first_name": "",
            "real_name": "Evan Jacobs",
            "display_name": "Evan Jacobs",
            "team": "T01KAU17684",
            "name": "evan-jacobs",
            "is_restricted": false,
            "is_ultra_restricted": false
        },
        "edited": {
            "user": "U01LD8LHJSU",
            "ts": "1615757271.000000"
        },
        "blocks": [
            {
                "type": "rich_text",
                "block_id": "UqVZs",
                "elements": [
                    {
                        "type": "rich_text_section",
                        "elements": [
                            {
                                "type": "text",
                                "text": "I just picked a random port number (8000) and that worked for me"
                            }
                        ]
                    }
                ]
            }
        ],
        "thread_ts": "1615756479.020900",
        "parent_user_id": "U01L1VA9MP0"
    },
    {
        "client_msg_id": "f8a44fe4-afc8-44a7-9e1a-a3be62e5d258",
        "type": "message",
        "text": "what did u do for Sending the HTTP response header line to the connection socket",
        "user": "U01L1VA9MP0",
        "ts": "1615757491.021300",
        "team": "T01KAU17684",
        "user_team": "T01KAU17684",
        "source_team": "T01KAU17684",
        "user_profile": {
            "avatar_hash": "gc723735a037",
            "image_72": "https:\/\/secure.gravatar.com\/avatar\/c723735a037f8e47f6581b8383be908d.jpg?s=72&d=https%3A%2F%2Fa.slack-edge.com%2Fdf10d%2Fimg%2Favatars%2Fava_0002-72.png",
            "first_name": "",
            "real_name": "Krishna vamsi pratti",
            "display_name": "Krishna vamsi pratti",
            "team": "T01KAU17684",
            "name": "krishnavamsi-pratti",
            "is_restricted": false,
            "is_ultra_restricted": false
        },
        "blocks": [
            {
                "type": "rich_text",
                "block_id": "x6XI+",
                "elements": [
                    {
                        "type": "rich_text_section",
                        "elements": [
                            {
                                "type": "text",
                                "text": "what did u do for Sending the HTTP response header line to the connection socket"
                            }
                        ]
                    }
                ]
            }
        ],
        "thread_ts": "1615756479.020900",
        "parent_user_id": "U01L1VA9MP0"
    },
    {
        "client_msg_id": "9b272d5b-2405-4afe-8c94-f5eac8c9a043",
        "type": "message",
        "text": "yes you can use any port number",
        "user": "U01LC2YQ2V6",
        "ts": "1615757956.021500",
        "team": "T01KAU17684",
        "user_team": "T01KAU17684",
        "source_team": "T01KAU17684",
        "user_profile": {
            "avatar_hash": "g5aefd6bd660",
            "image_72": "https:\/\/secure.gravatar.com\/avatar\/5aefd6bd660d1ac185f11f45f20a389a.jpg?s=72&d=https%3A%2F%2Fa.slack-edge.com%2Fdf10d%2Fimg%2Favatars%2Fava_0001-72.png",
            "first_name": "",
            "real_name": "Adnan Ahmed",
            "display_name": "Adnan Ahmed",
            "team": "T01KAU17684",
            "name": "adnan-ahmed",
            "is_restricted": false,
            "is_ultra_restricted": false
        },
        "blocks": [
            {
                "type": "rich_text",
                "block_id": "8kRp",
                "elements": [
                    {
                        "type": "rich_text_section",
                        "elements": [
                            {
                                "type": "text",
                                "text": "yes you can use any port number"
                            }
                        ]
                    }
                ]
            }
        ],
        "thread_ts": "1615756479.020900",
        "parent_user_id": "U01L1VA9MP0"
    },
    {
        "client_msg_id": "6ee6641f-ad2f-4983-b0db-00b78e45e4a3",
        "type": "message",
        "text": "Hi guys,",
        "user": "U01LC2YQ2V6",
        "ts": "1615757963.021800",
        "team": "T01KAU17684",
        "user_team": "T01KAU17684",
        "source_team": "T01KAU17684",
        "user_profile": {
            "avatar_hash": "g5aefd6bd660",
            "image_72": "https:\/\/secure.gravatar.com\/avatar\/5aefd6bd660d1ac185f11f45f20a389a.jpg?s=72&d=https%3A%2F%2Fa.slack-edge.com%2Fdf10d%2Fimg%2Favatars%2Fava_0001-72.png",
            "first_name": "",
            "real_name": "Adnan Ahmed",
            "display_name": "Adnan Ahmed",
            "team": "T01KAU17684",
            "name": "adnan-ahmed",
            "is_restricted": false,
            "is_ultra_restricted": false
        },
        "blocks": [
            {
                "type": "rich_text",
                "block_id": "SEr",
                "elements": [
                    {
                        "type": "rich_text_section",
                        "elements": [
                            {
                                "type": "text",
                                "text": "Hi guys,"
                            }
                        ]
                    }
                ]
            }
        ]
    },
    {
        "client_msg_id": "1d966039-1a64-47e6-bb23-8891e018e673",
        "type": "message",
        "text": "hi Adnan",
        "user": "U01L1VA9MP0",
        "ts": "1615757982.022300",
        "team": "T01KAU17684",
        "user_team": "T01KAU17684",
        "source_team": "T01KAU17684",
        "user_profile": {
            "avatar_hash": "gc723735a037",
            "image_72": "https:\/\/secure.gravatar.com\/avatar\/c723735a037f8e47f6581b8383be908d.jpg?s=72&d=https%3A%2F%2Fa.slack-edge.com%2Fdf10d%2Fimg%2Favatars%2Fava_0002-72.png",
            "first_name": "",
            "real_name": "Krishna vamsi pratti",
            "display_name": "Krishna vamsi pratti",
            "team": "T01KAU17684",
            "name": "krishnavamsi-pratti",
            "is_restricted": false,
            "is_ultra_restricted": false
        },
        "blocks": [
            {
                "type": "rich_text",
                "block_id": "XCxBB",
                "elements": [
                    {
                        "type": "rich_text_section",
                        "elements": [
                            {
                                "type": "text",
                                "text": "hi Adnan"
                            }
                        ]
                    }
                ]
            }
        ]
    },
    {
        "client_msg_id": "7402988e-251e-4dcc-a041-f2568db61bd8",
        "type": "message",
        "text": "there is an example of that in web-proxy.py",
        "user": "U01LD8LHJSU",
        "ts": "1615757991.022800",
        "team": "T01KAU17684",
        "user_team": "T01KAU17684",
        "source_team": "T01KAU17684",
        "user_profile": {
            "avatar_hash": "g5bf6e023d9b",
            "image_72": "https:\/\/secure.gravatar.com\/avatar\/5bf6e023d9b4b5899554b88b4049f470.jpg?s=72&d=https%3A%2F%2Fa.slack-edge.com%2Fdf10d%2Fimg%2Favatars%2Fava_0023-72.png",
            "first_name": "",
            "real_name": "Evan Jacobs",
            "display_name": "Evan Jacobs",
            "team": "T01KAU17684",
            "name": "evan-jacobs",
            "is_restricted": false,
            "is_ultra_restricted": false
        },
        "blocks": [
            {
                "type": "rich_text",
                "block_id": "670",
                "elements": [
                    {
                        "type": "rich_text_section",
                        "elements": [
                            {
                                "type": "text",
                                "text": "there is an example of that in web-proxy.py"
                            }
                        ]
                    }
                ]
            }
        ],
        "thread_ts": "1615756479.020900",
        "parent_user_id": "U01L1VA9MP0"
    },
    {
        "client_msg_id": "9d8071d5-a4b3-4bb1-bce4-b36366584c56",
        "type": "message",
        "text": "what did u do for sending the http response?",
        "user": "U01L1VA9MP0",
        "ts": "1615757996.023100",
        "team": "T01KAU17684",
        "user_team": "T01KAU17684",
        "source_team": "T01KAU17684",
        "user_profile": {
            "avatar_hash": "gc723735a037",
            "image_72": "https:\/\/secure.gravatar.com\/avatar\/c723735a037f8e47f6581b8383be908d.jpg?s=72&d=https%3A%2F%2Fa.slack-edge.com%2Fdf10d%2Fimg%2Favatars%2Fava_0002-72.png",
            "first_name": "",
            "real_name": "Krishna vamsi pratti",
            "display_name": "Krishna vamsi pratti",
            "team": "T01KAU17684",
            "name": "krishnavamsi-pratti",
            "is_restricted": false,
            "is_ultra_restricted": false
        },
        "blocks": [
            {
                "type": "rich_text",
                "block_id": "lAlg",
                "elements": [
                    {
                        "type": "rich_text_section",
                        "elements": [
                            {
                                "type": "text",
                                "text": "what did u do for sending the http response?"
                            }
                        ]
                    }
                ]
            }
        ]
    },
    {
        "client_msg_id": "43f2443c-728f-4f7f-82d1-dd2381f837f1",
        "type": "message",
        "text": "for web server",
        "user": "U01L1VA9MP0",
        "ts": "1615757999.023300",
        "team": "T01KAU17684",
        "user_team": "T01KAU17684",
        "source_team": "T01KAU17684",
        "user_profile": {
            "avatar_hash": "gc723735a037",
            "image_72": "https:\/\/secure.gravatar.com\/avatar\/c723735a037f8e47f6581b8383be908d.jpg?s=72&d=https%3A%2F%2Fa.slack-edge.com%2Fdf10d%2Fimg%2Favatars%2Fava_0002-72.png",
            "first_name": "",
            "real_name": "Krishna vamsi pratti",
            "display_name": "Krishna vamsi pratti",
            "team": "T01KAU17684",
            "name": "krishnavamsi-pratti",
            "is_restricted": false,
            "is_ultra_restricted": false
        },
        "blocks": [
            {
                "type": "rich_text",
                "block_id": "0=B",
                "elements": [
                    {
                        "type": "rich_text_section",
                        "elements": [
                            {
                                "type": "text",
                                "text": "for web server"
                            }
                        ]
                    }
                ]
            }
        ]
    },
    {
        "client_msg_id": "77437de2-78f3-476c-929b-f8ed9ff5d29b",
        "type": "message",
        "text": "tcpCliSock.send(\"HTTP\/1.0 200 OK\\r\\n\")\n        tcpCliSock.send(\"Content-Type:text\/html\\r\\n\")\nthis? ^^",
        "user": "U01L1VA9MP0",
        "ts": "1615758039.024200",
        "team": "T01KAU17684",
        "user_team": "T01KAU17684",
        "source_team": "T01KAU17684",
        "user_profile": {
            "avatar_hash": "gc723735a037",
            "image_72": "https:\/\/secure.gravatar.com\/avatar\/c723735a037f8e47f6581b8383be908d.jpg?s=72&d=https%3A%2F%2Fa.slack-edge.com%2Fdf10d%2Fimg%2Favatars%2Fava_0002-72.png",
            "first_name": "",
            "real_name": "Krishna vamsi pratti",
            "display_name": "Krishna vamsi pratti",
            "team": "T01KAU17684",
            "name": "krishnavamsi-pratti",
            "is_restricted": false,
            "is_ultra_restricted": false
        },
        "blocks": [
            {
                "type": "rich_text",
                "block_id": "5irQ",
                "elements": [
                    {
                        "type": "rich_text_section",
                        "elements": [
                            {
                                "type": "text",
                                "text": "tcpCliSock.send(\"HTTP\/1.0 200 OK\\r\\n\")\n        tcpCliSock.send(\"Content-Type:text\/html\\r\\n\")\nthis? ^^"
                            }
                        ]
                    }
                ]
            }
        ],
        "thread_ts": "1615756479.020900",
        "parent_user_id": "U01L1VA9MP0"
    },
    {
        "client_msg_id": "84ed3dcc-d904-4f5b-a4d8-41d82f29088f",
        "type": "message",
        "text": "I have written another web-proxy.py to help you guys figure out problems and solutions better. The issue with the current one is that you have try\/except which do not help localize the problem. I have written an alternate version which you can use to implement web proxy. I am currently testing it against corner cases and will remove the \"blocks\" you guys are required to fill after",
        "user": "U01LC2YQ2V6",
        "ts": "1615758054.024700",
        "team": "T01KAU17684",
        "user_team": "T01KAU17684",
        "source_team": "T01KAU17684",
        "user_profile": {
            "avatar_hash": "g5aefd6bd660",
            "image_72": "https:\/\/secure.gravatar.com\/avatar\/5aefd6bd660d1ac185f11f45f20a389a.jpg?s=72&d=https%3A%2F%2Fa.slack-edge.com%2Fdf10d%2Fimg%2Favatars%2Fava_0001-72.png",
            "first_name": "",
            "real_name": "Adnan Ahmed",
            "display_name": "Adnan Ahmed",
            "team": "T01KAU17684",
            "name": "adnan-ahmed",
            "is_restricted": false,
            "is_ultra_restricted": false
        },
        "blocks": [
            {
                "type": "rich_text",
                "block_id": "\/WI",
                "elements": [
                    {
                        "type": "rich_text_section",
                        "elements": [
                            {
                                "type": "text",
                                "text": "I have written another web-proxy.py to help you guys figure out problems and solutions better. The issue with the current one is that you have try\/except which do not help localize the problem. I have written an alternate version which you can use to implement web proxy. I am currently testing it against corner cases and will remove the \"blocks\" you guys are required to fill after"
                            }
                        ]
                    }
                ]
            }
        ],
        "reactions": [
            {
                "name": "+1",
                "users": [
                    "U01LD8LHJSU",
                    "U01KGUALZ7G"
                ],
                "count": 2
            }
        ]
    },
    {
        "client_msg_id": "9d1c7247-a2e5-4dce-b243-1a7cb493e120",
        "type": "message",
        "text": "I will post it soon",
        "user": "U01LC2YQ2V6",
        "ts": "1615758059.024900",
        "team": "T01KAU17684",
        "user_team": "T01KAU17684",
        "source_team": "T01KAU17684",
        "user_profile": {
            "avatar_hash": "g5aefd6bd660",
            "image_72": "https:\/\/secure.gravatar.com\/avatar\/5aefd6bd660d1ac185f11f45f20a389a.jpg?s=72&d=https%3A%2F%2Fa.slack-edge.com%2Fdf10d%2Fimg%2Favatars%2Fava_0001-72.png",
            "first_name": "",
            "real_name": "Adnan Ahmed",
            "display_name": "Adnan Ahmed",
            "team": "T01KAU17684",
            "name": "adnan-ahmed",
            "is_restricted": false,
            "is_ultra_restricted": false
        },
        "blocks": [
            {
                "type": "rich_text",
                "block_id": "moC",
                "elements": [
                    {
                        "type": "rich_text_section",
                        "elements": [
                            {
                                "type": "text",
                                "text": "I will post it soon"
                            }
                        ]
                    }
                ]
            }
        ]
    },
    {
        "client_msg_id": "85ec61c8-ae65-4898-b75d-99a56f89a0ee",
        "type": "message",
        "text": "Yeah I believe just the first part and if you are using python 3, you may need to to use .encode() if you get an error (if you are using python 2 then this shouldn't come up)",
        "user": "U01LD8LHJSU",
        "ts": "1615758149.026300",
        "team": "T01KAU17684",
        "user_team": "T01KAU17684",
        "source_team": "T01KAU17684",
        "user_profile": {
            "avatar_hash": "g5bf6e023d9b",
            "image_72": "https:\/\/secure.gravatar.com\/avatar\/5bf6e023d9b4b5899554b88b4049f470.jpg?s=72&d=https%3A%2F%2Fa.slack-edge.com%2Fdf10d%2Fimg%2Favatars%2Fava_0023-72.png",
            "first_name": "",
            "real_name": "Evan Jacobs",
            "display_name": "Evan Jacobs",
            "team": "T01KAU17684",
            "name": "evan-jacobs",
            "is_restricted": false,
            "is_ultra_restricted": false
        },
        "edited": {
            "user": "U01LD8LHJSU",
            "ts": "1615758217.000000"
        },
        "blocks": [
            {
                "type": "rich_text",
                "block_id": "PKbr",
                "elements": [
                    {
                        "type": "rich_text_section",
                        "elements": [
                            {
                                "type": "text",
                                "text": "Yeah I believe just the first part and if you are using python 3, you may need to to use .encode() if you get an error (if you are using python 2 then this shouldn't come up)"
                            }
                        ]
                    }
                ]
            }
        ],
        "thread_ts": "1615756479.020900",
        "parent_user_id": "U01L1VA9MP0"
    },
    {
        "client_msg_id": "1f9ec16e-cd1e-4ea0-9d99-b0a680a1b5ac",
        "type": "message",
        "text": "The HTTP response in general (for both web server and web proxy), is supposed to look like the following\n&lt;header 1 (typically HTTP\/1.0 200 OK)&gt;\\r\\n&lt;header 2&gt;\\r\\n...&lt;header n&gt;\\r\\n\\r\\n&lt;body&gt;",
        "user": "U01LC2YQ2V6",
        "ts": "1615758157.026600",
        "team": "T01KAU17684",
        "user_team": "T01KAU17684",
        "source_team": "T01KAU17684",
        "user_profile": {
            "avatar_hash": "g5aefd6bd660",
            "image_72": "https:\/\/secure.gravatar.com\/avatar\/5aefd6bd660d1ac185f11f45f20a389a.jpg?s=72&d=https%3A%2F%2Fa.slack-edge.com%2Fdf10d%2Fimg%2Favatars%2Fava_0001-72.png",
            "first_name": "",
            "real_name": "Adnan Ahmed",
            "display_name": "Adnan Ahmed",
            "team": "T01KAU17684",
            "name": "adnan-ahmed",
            "is_restricted": false,
            "is_ultra_restricted": false
        },
        "blocks": [
            {
                "type": "rich_text",
                "block_id": "gwWeZ",
                "elements": [
                    {
                        "type": "rich_text_section",
                        "elements": [
                            {
                                "type": "text",
                                "text": "The HTTP response in general (for both web server and web proxy), is supposed to look like the following\n<header 1 (typically HTTP\/1.0 200 OK)>\\r\\n<header 2>\\r\\n...<header n>\\r\\n\\r\\n<body>"
                            }
                        ]
                    }
                ]
            }
        ]
    },
    {
        "client_msg_id": "8cae7bbf-f2bb-4f7f-94db-0a19ab99c23e",
        "type": "message",
        "text": "note that \\r\\n\\r\\n signifies that the headers are done and the body now follows",
        "user": "U01LC2YQ2V6",
        "ts": "1615758173.027000",
        "team": "T01KAU17684",
        "user_team": "T01KAU17684",
        "source_team": "T01KAU17684",
        "user_profile": {
            "avatar_hash": "g5aefd6bd660",
            "image_72": "https:\/\/secure.gravatar.com\/avatar\/5aefd6bd660d1ac185f11f45f20a389a.jpg?s=72&d=https%3A%2F%2Fa.slack-edge.com%2Fdf10d%2Fimg%2Favatars%2Fava_0001-72.png",
            "first_name": "",
            "real_name": "Adnan Ahmed",
            "display_name": "Adnan Ahmed",
            "team": "T01KAU17684",
            "name": "adnan-ahmed",
            "is_restricted": false,
            "is_ultra_restricted": false
        },
        "blocks": [
            {
                "type": "rich_text",
                "block_id": "+ki",
                "elements": [
                    {
                        "type": "rich_text_section",
                        "elements": [
                            {
                                "type": "text",
                                "text": "note that \\r\\n\\r\\n signifies that the headers are done and the body now follows"
                            }
                        ]
                    }
                ]
            }
        ]
    },
    {
        "client_msg_id": "ecac742a-b992-4e68-89a2-6745a59f27ca",
        "type": "message",
        "text": "even for requests, you are suppposed to write \\r\\n twice to signify that the headers are over at this point",
        "user": "U01LC2YQ2V6",
        "ts": "1615758213.028100",
        "team": "T01KAU17684",
        "user_team": "T01KAU17684",
        "source_team": "T01KAU17684",
        "user_profile": {
            "avatar_hash": "g5aefd6bd660",
            "image_72": "https:\/\/secure.gravatar.com\/avatar\/5aefd6bd660d1ac185f11f45f20a389a.jpg?s=72&d=https%3A%2F%2Fa.slack-edge.com%2Fdf10d%2Fimg%2Favatars%2Fava_0001-72.png",
            "first_name": "",
            "real_name": "Adnan Ahmed",
            "display_name": "Adnan Ahmed",
            "team": "T01KAU17684",
            "name": "adnan-ahmed",
            "is_restricted": false,
            "is_ultra_restricted": false
        },
        "blocks": [
            {
                "type": "rich_text",
                "block_id": "iDghr",
                "elements": [
                    {
                        "type": "rich_text_section",
                        "elements": [
                            {
                                "type": "text",
                                "text": "even for requests, you are suppposed to write \\r\\n twice to signify that the headers are over at this point"
                            }
                        ]
                    }
                ]
            }
        ]
    },
    {
        "client_msg_id": "eff4d471-c970-4485-8a1a-b2b2c63fe0cf",
        "type": "message",
        "text": "yes. Evan is write. Both parts should worth though. The important part is sending \\r\\n\\r\\n at the end of headers",
        "user": "U01LC2YQ2V6",
        "ts": "1615758252.028300",
        "team": "T01KAU17684",
        "user_team": "T01KAU17684",
        "source_team": "T01KAU17684",
        "user_profile": {
            "avatar_hash": "g5aefd6bd660",
            "image_72": "https:\/\/secure.gravatar.com\/avatar\/5aefd6bd660d1ac185f11f45f20a389a.jpg?s=72&d=https%3A%2F%2Fa.slack-edge.com%2Fdf10d%2Fimg%2Favatars%2Fava_0001-72.png",
            "first_name": "",
            "real_name": "Adnan Ahmed",
            "display_name": "Adnan Ahmed",
            "team": "T01KAU17684",
            "name": "adnan-ahmed",
            "is_restricted": false,
            "is_ultra_restricted": false
        },
        "blocks": [
            {
                "type": "rich_text",
                "block_id": "At8H",
                "elements": [
                    {
                        "type": "rich_text_section",
                        "elements": [
                            {
                                "type": "text",
                                "text": "yes. Evan is write. Both parts should worth though. The important part is sending \\r\\n\\r\\n at the end of headers"
                            }
                        ]
                    }
                ]
            }
        ],
        "thread_ts": "1615756479.020900",
        "parent_user_id": "U01L1VA9MP0"
    },
    {
        "client_msg_id": "343a816c-6a37-44e2-a08a-04e9448fb92d",
        "type": "message",
        "text": "roger",
        "user": "U01L1VA9MP0",
        "ts": "1615758285.029000",
        "team": "T01KAU17684",
        "user_team": "T01KAU17684",
        "source_team": "T01KAU17684",
        "user_profile": {
            "avatar_hash": "gc723735a037",
            "image_72": "https:\/\/secure.gravatar.com\/avatar\/c723735a037f8e47f6581b8383be908d.jpg?s=72&d=https%3A%2F%2Fa.slack-edge.com%2Fdf10d%2Fimg%2Favatars%2Fava_0002-72.png",
            "first_name": "",
            "real_name": "Krishna vamsi pratti",
            "display_name": "Krishna vamsi pratti",
            "team": "T01KAU17684",
            "name": "krishnavamsi-pratti",
            "is_restricted": false,
            "is_ultra_restricted": false
        },
        "blocks": [
            {
                "type": "rich_text",
                "block_id": "=N8",
                "elements": [
                    {
                        "type": "rich_text_section",
                        "elements": [
                            {
                                "type": "text",
                                "text": "roger"
                            }
                        ]
                    }
                ]
            }
        ]
    },
    {
        "client_msg_id": "4c37cb7d-6228-4ae5-9fc6-900d73e3d778",
        "type": "message",
        "text": "Also please feel free to email me or DM me and I can try to set up Zoom meeting with you guys in case we need",
        "user": "U01LC2YQ2V6",
        "ts": "1615758291.029200",
        "team": "T01KAU17684",
        "user_team": "T01KAU17684",
        "source_team": "T01KAU17684",
        "user_profile": {
            "avatar_hash": "g5aefd6bd660",
            "image_72": "https:\/\/secure.gravatar.com\/avatar\/5aefd6bd660d1ac185f11f45f20a389a.jpg?s=72&d=https%3A%2F%2Fa.slack-edge.com%2Fdf10d%2Fimg%2Favatars%2Fava_0001-72.png",
            "first_name": "",
            "real_name": "Adnan Ahmed",
            "display_name": "Adnan Ahmed",
            "team": "T01KAU17684",
            "name": "adnan-ahmed",
            "is_restricted": false,
            "is_ultra_restricted": false
        },
        "blocks": [
            {
                "type": "rich_text",
                "block_id": "g+jBr",
                "elements": [
                    {
                        "type": "rich_text_section",
                        "elements": [
                            {
                                "type": "text",
                                "text": "Also please feel free to email me or DM me and I can try to set up Zoom meeting with you guys in case we need"
                            }
                        ]
                    }
                ]
            }
        ]
    },
    {
        "client_msg_id": "02b47b86-e729-4f85-8da7-1da5f25d3780",
        "type": "message",
        "text": "In addition, if multiple people have to Zoom meeting me, lets try to figure out a block so that multiple people can be addressed",
        "user": "U01LC2YQ2V6",
        "ts": "1615758316.029800",
        "team": "T01KAU17684",
        "user_team": "T01KAU17684",
        "source_team": "T01KAU17684",
        "user_profile": {
            "avatar_hash": "g5aefd6bd660",
            "image_72": "https:\/\/secure.gravatar.com\/avatar\/5aefd6bd660d1ac185f11f45f20a389a.jpg?s=72&d=https%3A%2F%2Fa.slack-edge.com%2Fdf10d%2Fimg%2Favatars%2Fava_0001-72.png",
            "first_name": "",
            "real_name": "Adnan Ahmed",
            "display_name": "Adnan Ahmed",
            "team": "T01KAU17684",
            "name": "adnan-ahmed",
            "is_restricted": false,
            "is_ultra_restricted": false
        },
        "blocks": [
            {
                "type": "rich_text",
                "block_id": "Ayf",
                "elements": [
                    {
                        "type": "rich_text_section",
                        "elements": [
                            {
                                "type": "text",
                                "text": "In addition, if multiple people have to Zoom meeting me, lets try to figure out a block so that multiple people can be addressed"
                            }
                        ]
                    }
                ]
            }
        ]
    },
    {
        "client_msg_id": "1c3f7c6d-835d-4c31-9040-99c0cb4393af",
        "type": "message",
        "text": "maybe try a poll?",
        "user": "U01LC2YQ2V6",
        "ts": "1615758321.030100",
        "team": "T01KAU17684",
        "user_team": "T01KAU17684",
        "source_team": "T01KAU17684",
        "user_profile": {
            "avatar_hash": "g5aefd6bd660",
            "image_72": "https:\/\/secure.gravatar.com\/avatar\/5aefd6bd660d1ac185f11f45f20a389a.jpg?s=72&d=https%3A%2F%2Fa.slack-edge.com%2Fdf10d%2Fimg%2Favatars%2Fava_0001-72.png",
            "first_name": "",
            "real_name": "Adnan Ahmed",
            "display_name": "Adnan Ahmed",
            "team": "T01KAU17684",
            "name": "adnan-ahmed",
            "is_restricted": false,
            "is_ultra_restricted": false
        },
        "blocks": [
            {
                "type": "rich_text",
                "block_id": "Zg9",
                "elements": [
                    {
                        "type": "rich_text_section",
                        "elements": [
                            {
                                "type": "text",
                                "text": "maybe try a poll?"
                            }
                        ]
                    }
                ]
            }
        ]
    },
    {
        "client_msg_id": "513bd0ee-3146-4eb5-96aa-6c2dd93981ef",
        "type": "message",
        "text": "can i chat with you on zoom rn?",
        "user": "U01L1VA9MP0",
        "ts": "1615758346.030400",
        "team": "T01KAU17684",
        "user_team": "T01KAU17684",
        "source_team": "T01KAU17684",
        "user_profile": {
            "avatar_hash": "gc723735a037",
            "image_72": "https:\/\/secure.gravatar.com\/avatar\/c723735a037f8e47f6581b8383be908d.jpg?s=72&d=https%3A%2F%2Fa.slack-edge.com%2Fdf10d%2Fimg%2Favatars%2Fava_0002-72.png",
            "first_name": "",
            "real_name": "Krishna vamsi pratti",
            "display_name": "Krishna vamsi pratti",
            "team": "T01KAU17684",
            "name": "krishnavamsi-pratti",
            "is_restricted": false,
            "is_ultra_restricted": false
        },
        "blocks": [
            {
                "type": "rich_text",
                "block_id": "A9ku",
                "elements": [
                    {
                        "type": "rich_text_section",
                        "elements": [
                            {
                                "type": "text",
                                "text": "can i chat with you on zoom rn?"
                            }
                        ]
                    }
                ]
            }
        ]
    },
    {
        "client_msg_id": "a838cc67-52ce-4e21-9188-3b6dc95e1d5a",
        "type": "message",
        "text": "dm the link?",
        "user": "U01L1VA9MP0",
        "ts": "1615758349.030600",
        "team": "T01KAU17684",
        "user_team": "T01KAU17684",
        "source_team": "T01KAU17684",
        "user_profile": {
            "avatar_hash": "gc723735a037",
            "image_72": "https:\/\/secure.gravatar.com\/avatar\/c723735a037f8e47f6581b8383be908d.jpg?s=72&d=https%3A%2F%2Fa.slack-edge.com%2Fdf10d%2Fimg%2Favatars%2Fava_0002-72.png",
            "first_name": "",
            "real_name": "Krishna vamsi pratti",
            "display_name": "Krishna vamsi pratti",
            "team": "T01KAU17684",
            "name": "krishnavamsi-pratti",
            "is_restricted": false,
            "is_ultra_restricted": false
        },
        "blocks": [
            {
                "type": "rich_text",
                "block_id": "Ew=",
                "elements": [
                    {
                        "type": "rich_text_section",
                        "elements": [
                            {
                                "type": "text",
                                "text": "dm the link?"
                            }
                        ]
                    }
                ]
            }
        ]
    },
    {
        "client_msg_id": "d5970a83-e2c9-4ff0-a357-3310b683ff73",
        "type": "message",
        "text": "give me about half an hour",
        "user": "U01LC2YQ2V6",
        "ts": "1615758442.030800",
        "team": "T01KAU17684",
        "user_team": "T01KAU17684",
        "source_team": "T01KAU17684",
        "user_profile": {
            "avatar_hash": "g5aefd6bd660",
            "image_72": "https:\/\/secure.gravatar.com\/avatar\/5aefd6bd660d1ac185f11f45f20a389a.jpg?s=72&d=https%3A%2F%2Fa.slack-edge.com%2Fdf10d%2Fimg%2Favatars%2Fava_0001-72.png",
            "first_name": "",
            "real_name": "Adnan Ahmed",
            "display_name": "Adnan Ahmed",
            "team": "T01KAU17684",
            "name": "adnan-ahmed",
            "is_restricted": false,
            "is_ultra_restricted": false
        },
        "blocks": [
            {
                "type": "rich_text",
                "block_id": "rcFkG",
                "elements": [
                    {
                        "type": "rich_text_section",
                        "elements": [
                            {
                                "type": "text",
                                "text": "give me about half an hour"
                            }
                        ]
                    }
                ]
            }
        ]
    },
    {
        "client_msg_id": "579e6c3f-6219-413c-a140-43396c9e552c",
        "type": "message",
        "text": "okay",
        "user": "U01L1VA9MP0",
        "ts": "1615758448.031000",
        "team": "T01KAU17684",
        "user_team": "T01KAU17684",
        "source_team": "T01KAU17684",
        "user_profile": {
            "avatar_hash": "gc723735a037",
            "image_72": "https:\/\/secure.gravatar.com\/avatar\/c723735a037f8e47f6581b8383be908d.jpg?s=72&d=https%3A%2F%2Fa.slack-edge.com%2Fdf10d%2Fimg%2Favatars%2Fava_0002-72.png",
            "first_name": "",
            "real_name": "Krishna vamsi pratti",
            "display_name": "Krishna vamsi pratti",
            "team": "T01KAU17684",
            "name": "krishnavamsi-pratti",
            "is_restricted": false,
            "is_ultra_restricted": false
        },
        "blocks": [
            {
                "type": "rich_text",
                "block_id": "VLWV+",
                "elements": [
                    {
                        "type": "rich_text_section",
                        "elements": [
                            {
                                "type": "text",
                                "text": "okay"
                            }
                        ]
                    }
                ]
            }
        ]
    },
    {
        "client_msg_id": "e6e1e480-25ea-4a97-a736-6f01d7b2b4f6",
        "type": "message",
        "text": "hey if anyone have any questions, hop on to <https:\/\/uiowa.zoom.us\/my\/adnan>",
        "user": "U01LC2YQ2V6",
        "ts": "1615760266.031800",
        "team": "T01KAU17684",
        "user_team": "T01KAU17684",
        "source_team": "T01KAU17684",
        "user_profile": {
            "avatar_hash": "g5aefd6bd660",
            "image_72": "https:\/\/secure.gravatar.com\/avatar\/5aefd6bd660d1ac185f11f45f20a389a.jpg?s=72&d=https%3A%2F%2Fa.slack-edge.com%2Fdf10d%2Fimg%2Favatars%2Fava_0001-72.png",
            "first_name": "",
            "real_name": "Adnan Ahmed",
            "display_name": "Adnan Ahmed",
            "team": "T01KAU17684",
            "name": "adnan-ahmed",
            "is_restricted": false,
            "is_ultra_restricted": false
        },
        "blocks": [
            {
                "type": "rich_text",
                "block_id": "9VVGp",
                "elements": [
                    {
                        "type": "rich_text_section",
                        "elements": [
                            {
                                "type": "text",
                                "text": "hey if anyone have any questions, hop on to "
                            },
                            {
                                "type": "link",
                                "url": "https:\/\/uiowa.zoom.us\/my\/adnan"
                            }
                        ]
                    }
                ]
            }
        ]
    },
    {
        "client_msg_id": "c14b519c-ab78-4bce-9942-84d2c374350f",
        "type": "message",
        "text": "HUGE SHOUTOUT TO ADNAN  for giving us his time during a Sunday! Thanks a lot I've completed this project about 70-80% because of you.",
        "user": "U01L1VA9MP0",
        "ts": "1615762894.032800",
        "team": "T01KAU17684",
        "user_team": "T01KAU17684",
        "source_team": "T01KAU17684",
        "user_profile": {
            "avatar_hash": "gc723735a037",
            "image_72": "https:\/\/secure.gravatar.com\/avatar\/c723735a037f8e47f6581b8383be908d.jpg?s=72&d=https%3A%2F%2Fa.slack-edge.com%2Fdf10d%2Fimg%2Favatars%2Fava_0002-72.png",
            "first_name": "",
            "real_name": "Krishna vamsi pratti",
            "display_name": "Krishna vamsi pratti",
            "team": "T01KAU17684",
            "name": "krishnavamsi-pratti",
            "is_restricted": false,
            "is_ultra_restricted": false
        },
        "blocks": [
            {
                "type": "rich_text",
                "block_id": "f1K",
                "elements": [
                    {
                        "type": "rich_text_section",
                        "elements": [
                            {
                                "type": "text",
                                "text": "HUGE SHOUTOUT TO ADNAN  for giving us his time during a Sunday! Thanks a lot I've completed this project about 70-80% because of you."
                            }
                        ]
                    }
                ]
            }
        ],
        "reactions": [
            {
                "name": "+1",
                "users": [
                    "U01KGHG0WFQ",
                    "U01LC2YQ2V6",
                    "U01LD8LHJSU",
                    "U01KGUALZ7G",
                    "U01LSB4RSEP"
                ],
                "count": 5
            },
            {
                "name": "pray",
                "users": [
                    "U01LC2YQ2V6"
                ],
                "count": 1
            }
        ]
    },
    {
        "client_msg_id": "773db8aa-18dc-47de-afaa-e5a4cf13aac6",
        "type": "message",
        "text": ":pray::raised_hands:",
        "user": "U01L1VA9MP0",
        "ts": "1615762918.033100",
        "team": "T01KAU17684",
        "user_team": "T01KAU17684",
        "source_team": "T01KAU17684",
        "user_profile": {
            "avatar_hash": "gc723735a037",
            "image_72": "https:\/\/secure.gravatar.com\/avatar\/c723735a037f8e47f6581b8383be908d.jpg?s=72&d=https%3A%2F%2Fa.slack-edge.com%2Fdf10d%2Fimg%2Favatars%2Fava_0002-72.png",
            "first_name": "",
            "real_name": "Krishna vamsi pratti",
            "display_name": "Krishna vamsi pratti",
            "team": "T01KAU17684",
            "name": "krishnavamsi-pratti",
            "is_restricted": false,
            "is_ultra_restricted": false
        },
        "blocks": [
            {
                "type": "rich_text",
                "block_id": "f9aRh",
                "elements": [
                    {
                        "type": "rich_text_section",
                        "elements": [
                            {
                                "type": "emoji",
                                "name": "pray"
                            },
                            {
                                "type": "emoji",
                                "name": "raised_hands"
                            }
                        ]
                    }
                ]
            }
        ]
    },
    {
        "client_msg_id": "bc9f974d-a378-4b27-b1cd-3302fc810985",
        "type": "message",
        "text": "hahaha You're welcome! Happy to help :smile:",
        "user": "U01LC2YQ2V6",
        "ts": "1615763115.034100",
        "team": "T01KAU17684",
        "user_team": "T01KAU17684",
        "source_team": "T01KAU17684",
        "user_profile": {
            "avatar_hash": "g5aefd6bd660",
            "image_72": "https:\/\/secure.gravatar.com\/avatar\/5aefd6bd660d1ac185f11f45f20a389a.jpg?s=72&d=https%3A%2F%2Fa.slack-edge.com%2Fdf10d%2Fimg%2Favatars%2Fava_0001-72.png",
            "first_name": "",
            "real_name": "Adnan Ahmed",
            "display_name": "Adnan Ahmed",
            "team": "T01KAU17684",
            "name": "adnan-ahmed",
            "is_restricted": false,
            "is_ultra_restricted": false
        },
        "blocks": [
            {
                "type": "rich_text",
                "block_id": "EuCZ",
                "elements": [
                    {
                        "type": "rich_text_section",
                        "elements": [
                            {
                                "type": "text",
                                "text": "hahaha You're welcome! Happy to help "
                            },
                            {
                                "type": "emoji",
                                "name": "smile"
                            }
                        ]
                    }
                ]
            }
        ]
    },
    {
        "client_msg_id": "1dd5b39f-1b1d-4463-8137-900b64606d6c",
        "type": "message",
        "text": "hi guys,",
        "user": "U01LC2YQ2V6",
        "ts": "1615769501.034900",
        "team": "T01KAU17684",
        "user_team": "T01KAU17684",
        "source_team": "T01KAU17684",
        "user_profile": {
            "avatar_hash": "g5aefd6bd660",
            "image_72": "https:\/\/secure.gravatar.com\/avatar\/5aefd6bd660d1ac185f11f45f20a389a.jpg?s=72&d=https%3A%2F%2Fa.slack-edge.com%2Fdf10d%2Fimg%2Favatars%2Fava_0001-72.png",
            "first_name": "",
            "real_name": "Adnan Ahmed",
            "display_name": "Adnan Ahmed",
            "team": "T01KAU17684",
            "name": "adnan-ahmed",
            "is_restricted": false,
            "is_ultra_restricted": false
        },
        "blocks": [
            {
                "type": "rich_text",
                "block_id": "9tOGm",
                "elements": [
                    {
                        "type": "rich_text_section",
                        "elements": [
                            {
                                "type": "text",
                                "text": "hi guys,"
                            }
                        ]
                    }
                ]
            }
        ]
    },
    {
        "type": "message",
        "text": "if you want, here's an alternative version of the proxy code. I have added the FillInStart and FillInEnd prompts at around similar places (in terms of workflow) as previous version. Please let me know if you find any discrepancy or if something is not working. I have tried to test it but feel free to edit it to work with any issues you receive",
        "files": [
            {
                "id": "F01RKPCEC9X",
                "created": 1615769553,
                "timestamp": 1615769553,
                "name": "proxy_py.py",
                "title": "proxy.py",
                "mimetype": "text\/plain",
                "filetype": "python",
                "pretty_type": "Python",
                "user": "U01LC2YQ2V6",
                "editable": true,
                "size": 3839,
                "mode": "snippet",
                "is_external": false,
                "external_type": "",
                "is_public": true,
                "public_url_shared": false,
                "display_as_bot": false,
                "username": "",
                "url_private": "https:\/\/files.slack.com\/files-pri\/T01KAU17684-F01RKPCEC9X\/proxy_py.py?t=xoxe-1656953244276-2146681651939-2131697800023-f59907734a4eb315a375bfb8ffbeaa5f",
                "url_private_download": "https:\/\/files.slack.com\/files-pri\/T01KAU17684-F01RKPCEC9X\/download\/proxy_py.py?t=xoxe-1656953244276-2146681651939-2131697800023-f59907734a4eb315a375bfb8ffbeaa5f",
                "permalink": "https:\/\/ui-cs3640-spring21.slack.com\/files\/U01LC2YQ2V6\/F01RKPCEC9X\/proxy_py.py",
                "permalink_public": "https:\/\/slack-files.com\/T01KAU17684-F01RKPCEC9X-dbeffc15d2",
                "edit_link": "https:\/\/ui-cs3640-spring21.slack.com\/files\/U01LC2YQ2V6\/F01RKPCEC9X\/proxy_py.py\/edit",
                "is_starred": false,
                "has_rich_preview": false
            }
        ],
        "upload": false,
        "blocks": [
            {
                "type": "rich_text",
                "block_id": "MrE",
                "elements": [
                    {
                        "type": "rich_text_section",
                        "elements": [
                            {
                                "type": "text",
                                "text": "if you want, here's an alternative version of the proxy code. I have added the FillInStart and FillInEnd prompts at around similar places (in terms of workflow) as previous version. Please let me know if you find any discrepancy or if something is not working. I have tried to test it but feel free to edit it to work with any issues you receive"
                            }
                        ]
                    }
                ]
            }
        ],
        "user": "U01LC2YQ2V6",
        "display_as_bot": false,
        "ts": "1615769611.036500",
        "thread_ts": "1615769611.036500",
        "reply_count": 1,
        "reply_users_count": 1,
        "latest_reply": "1615773992.036800",
        "reply_users": [
            "U01KNVDC9A6"
        ],
        "replies": [
            {
                "user": "U01KNVDC9A6",
                "ts": "1615773992.036800"
            }
        ],
        "is_locked": false,
        "subscribed": false,
        "reactions": [
            {
                "name": "+1",
                "users": [
                    "U01JY0C0BQE"
                ],
                "count": 1
            }
        ]
    },
    {
        "type": "message",
        "subtype": "thread_broadcast",
        "text": "Thanks so much!",
        "user": "U01KNVDC9A6",
        "ts": "1615773992.036800",
        "thread_ts": "1615769611.036500",
        "root": {
            "type": "message",
            "text": "if you want, here's an alternative version of the proxy code. I have added the FillInStart and FillInEnd prompts at around similar places (in terms of workflow) as previous version. Please let me know if you find any discrepancy or if something is not working. I have tried to test it but feel free to edit it to work with any issues you receive",
            "files": [
                {
                    "id": "F01RKPCEC9X",
                    "created": 1615769553,
                    "timestamp": 1615769553,
                    "name": "proxy_py.py",
                    "title": "proxy.py",
                    "mimetype": "text\/plain",
                    "filetype": "python",
                    "pretty_type": "Python",
                    "user": "U01LC2YQ2V6",
                    "editable": true,
                    "size": 3839,
                    "mode": "snippet",
                    "is_external": false,
                    "external_type": "",
                    "is_public": true,
                    "public_url_shared": false,
                    "display_as_bot": false,
                    "username": "",
                    "url_private": "https:\/\/files.slack.com\/files-pri\/T01KAU17684-F01RKPCEC9X\/proxy_py.py?t=xoxe-1656953244276-2146681651939-2131697800023-f59907734a4eb315a375bfb8ffbeaa5f",
                    "url_private_download": "https:\/\/files.slack.com\/files-pri\/T01KAU17684-F01RKPCEC9X\/download\/proxy_py.py?t=xoxe-1656953244276-2146681651939-2131697800023-f59907734a4eb315a375bfb8ffbeaa5f",
                    "permalink": "https:\/\/ui-cs3640-spring21.slack.com\/files\/U01LC2YQ2V6\/F01RKPCEC9X\/proxy_py.py",
                    "permalink_public": "https:\/\/slack-files.com\/T01KAU17684-F01RKPCEC9X-dbeffc15d2",
                    "edit_link": "https:\/\/ui-cs3640-spring21.slack.com\/files\/U01LC2YQ2V6\/F01RKPCEC9X\/proxy_py.py\/edit",
                    "preview": "import socket\nimport sys\nimport os\n\n# Since the server might send the HTML across more than one ",
                    "preview_highlight": "<div class=\"CodeMirror cm-s-default CodeMirrorServer\" oncopy=\"if(event.clipboardData){event.clipboardData.setData('text\/plain',window.getSelection().toString().replace(\/\\u200b\/g,''));event.preventDefault();event.stopPropagation();}\">\n<div class=\"CodeMirror-code\">\n<div><pre><span class=\"cm-keyword\">import<\/span> <span class=\"cm-variable\">socket<\/span><\/pre><\/div>\n<div><pre><span class=\"cm-keyword\">import<\/span> <span class=\"cm-variable\">sys<\/span><\/pre><\/div>\n<div><pre><span class=\"cm-keyword\">import<\/span> <span class=\"cm-variable\">os<\/span><\/pre><\/div>\n<div><pre>&#8203;<\/pre><\/div>\n<div><pre><span class=\"cm-comment\"># Since the server might send the HTML across more than one <\/span><\/pre><\/div>\n<\/div>\n<\/div>\n",
                    "lines": 104,
                    "lines_more": 99,
                    "preview_is_truncated": true,
                    "is_starred": false,
                    "has_rich_preview": false
                }
            ],
            "upload": false,
            "blocks": [
                {
                    "type": "rich_text",
                    "block_id": "MrE",
                    "elements": [
                        {
                            "type": "rich_text_section",
                            "elements": [
                                {
                                    "type": "text",
                                    "text": "if you want, here's an alternative version of the proxy code. I have added the FillInStart and FillInEnd prompts at around similar places (in terms of workflow) as previous version. Please let me know if you find any discrepancy or if something is not working. I have tried to test it but feel free to edit it to work with any issues you receive"
                                }
                            ]
                        }
                    ]
                }
            ],
            "user": "U01LC2YQ2V6",
            "display_as_bot": false,
            "ts": "1615769611.036500",
            "thread_ts": "1615769611.036500",
            "reply_count": 1,
            "reply_users_count": 1,
            "latest_reply": "1615773992.036800",
            "reply_users": [
                "U01KNVDC9A6"
            ],
            "is_locked": false,
            "subscribed": false
        },
        "blocks": [
            {
                "type": "rich_text",
                "block_id": "Mxv",
                "elements": [
                    {
                        "type": "rich_text_section",
                        "elements": [
                            {
                                "type": "text",
                                "text": "Thanks so much!"
                            }
                        ]
                    }
                ]
            }
        ],
        "client_msg_id": "6E5CC520-38F1-4E40-A3A7-20A5FFFEB05B",
        "reactions": [
            {
                "name": "pray",
                "users": [
                    "U01LC2YQ2V6"
                ],
                "count": 1
            }
        ]
    }
]