[
    {
        "client_msg_id": "310fbf67-e6d6-46d7-a081-7a2106caf04b",
        "type": "message",
        "text": "Dear class -- a few of you asked if lecture slides could be shared before the class (to make it easier to take notes during the lecture). I think that's a good idea. So, starting today, I will be uploading the lecture slides on TuTh mornings. Hope it helps. <https:\/\/shastri.info\/teaching\/cs3640\/schedule.htm>",
        "user": "U01JY0C0BQE",
        "ts": "1612284289.154100",
        "team": "T01KAU17684",
        "user_team": "T01KAU17684",
        "source_team": "T01KAU17684",
        "user_profile": {
            "avatar_hash": "7f8fd75b6a60",
            "image_72": "https:\/\/avatars.slack-edge.com\/2021-01-19\/1674790159632_7f8fd75b6a60270f0c59_72.jpg",
            "first_name": "Supreeth",
            "real_name": "Supreeth Shastri",
            "display_name": "Shastri",
            "team": "T01KAU17684",
            "name": "supreeth-shastri",
            "is_restricted": false,
            "is_ultra_restricted": false
        },
        "edited": {
            "user": "U01JY0C0BQE",
            "ts": "1612284311.000000"
        },
        "blocks": [
            {
                "type": "rich_text",
                "block_id": "Jop8",
                "elements": [
                    {
                        "type": "rich_text_section",
                        "elements": [
                            {
                                "type": "text",
                                "text": "Dear class -- a few of you asked if lecture slides could be shared before the class (to make it easier to take notes during the lecture). I think that's a good idea. So, starting today, I will be uploading the lecture slides on TuTh mornings. Hope it helps. "
                            },
                            {
                                "type": "link",
                                "url": "https:\/\/shastri.info\/teaching\/cs3640\/schedule.htm"
                            }
                        ]
                    }
                ]
            }
        ],
        "thread_ts": "1612284289.154100",
        "reply_count": 1,
        "reply_users_count": 1,
        "latest_reply": "1612287685.154500",
        "reply_users": [
            "U01KNVDC9A6"
        ],
        "replies": [
            {
                "user": "U01KNVDC9A6",
                "ts": "1612287685.154500"
            }
        ],
        "is_locked": false,
        "subscribed": true,
        "last_read": "1612287685.154500",
        "reactions": [
            {
                "name": "grinning",
                "users": [
                    "U01K8MDR4R5"
                ],
                "count": 1
            }
        ]
    },
    {
        "client_msg_id": "6CE9ED67-B4DA-48C6-BE04-E1ADD78DD91F",
        "type": "message",
        "text": "Thank you!",
        "user": "U01KNVDC9A6",
        "ts": "1612287685.154500",
        "team": "T01KAU17684",
        "user_team": "T01KAU17684",
        "source_team": "T01KAU17684",
        "user_profile": {
            "avatar_hash": "56c10b4857c1",
            "image_72": "https:\/\/avatars.slack-edge.com\/2021-01-23\/1675168091332_56c10b4857c1336660f7_72.png",
            "first_name": "Laura",
            "real_name": "Laura Flores",
            "display_name": "Laura Flores",
            "team": "T01KAU17684",
            "name": "laura-flores",
            "is_restricted": false,
            "is_ultra_restricted": false
        },
        "blocks": [
            {
                "type": "rich_text",
                "block_id": "LtBrp",
                "elements": [
                    {
                        "type": "rich_text_section",
                        "elements": [
                            {
                                "type": "text",
                                "text": "Thank you!"
                            }
                        ]
                    }
                ]
            }
        ],
        "thread_ts": "1612284289.154100",
        "parent_user_id": "U01JY0C0BQE"
    },
    {
        "type": "message",
        "subtype": "channel_join",
        "ts": "1612307948.154900",
        "user": "U01LSB4RSEP",
        "text": "<@U01LSB4RSEP> has joined the channel"
    }
]