[
    {
        "client_msg_id": "373aa532-1cf2-459b-a90c-12d4c18cf637",
        "type": "message",
        "text": "Office hours at: <https:\/\/uiowa.zoom.us\/my\/adnan>",
        "user": "U01LC2YQ2V6",
        "ts": "1617393586.010200",
        "team": "T01KAU17684",
        "user_team": "T01KAU17684",
        "source_team": "T01KAU17684",
        "user_profile": {
            "avatar_hash": "g5aefd6bd660",
            "image_72": "https:\/\/secure.gravatar.com\/avatar\/5aefd6bd660d1ac185f11f45f20a389a.jpg?s=72&d=https%3A%2F%2Fa.slack-edge.com%2Fdf10d%2Fimg%2Favatars%2Fava_0001-72.png",
            "first_name": "",
            "real_name": "Adnan Ahmed",
            "display_name": "Adnan Ahmed",
            "team": "T01KAU17684",
            "name": "adnan-ahmed",
            "is_restricted": false,
            "is_ultra_restricted": false
        },
        "blocks": [
            {
                "type": "rich_text",
                "block_id": "5\/7h",
                "elements": [
                    {
                        "type": "rich_text_section",
                        "elements": [
                            {
                                "type": "text",
                                "text": "Office hours at: "
                            },
                            {
                                "type": "link",
                                "url": "https:\/\/uiowa.zoom.us\/my\/adnan"
                            }
                        ]
                    }
                ]
            }
        ]
    },
    {
        "client_msg_id": "92aaa5d9-7376-4b46-afb0-9531813056a1",
        "type": "message",
        "text": "I've posted the slides and video from Henning Schulzrinne's guest lecture on the website. He asked me to convey that he found the audience interested and engaged, which are hard to come by in the covid days. So, kudos to all of you who attended. Thank you folks :pray:",
        "user": "U01JY0C0BQE",
        "ts": "1617419668.012600",
        "team": "T01KAU17684",
        "user_team": "T01KAU17684",
        "source_team": "T01KAU17684",
        "user_profile": {
            "avatar_hash": "7f8fd75b6a60",
            "image_72": "https:\/\/avatars.slack-edge.com\/2021-01-19\/1674790159632_7f8fd75b6a60270f0c59_72.jpg",
            "first_name": "Supreeth",
            "real_name": "Supreeth Shastri",
            "display_name": "Shastri",
            "team": "T01KAU17684",
            "name": "supreeth-shastri",
            "is_restricted": false,
            "is_ultra_restricted": false
        },
        "blocks": [
            {
                "type": "rich_text",
                "block_id": "pv1A3",
                "elements": [
                    {
                        "type": "rich_text_section",
                        "elements": [
                            {
                                "type": "text",
                                "text": "I've posted the slides and video from Henning Schulzrinne's guest lecture on the website. He asked me to convey that he found the audience interested and engaged, which are hard to come by in the covid days. So, kudos to all of you who attended. Thank you folks "
                            },
                            {
                                "type": "emoji",
                                "name": "pray"
                            }
                        ]
                    }
                ]
            }
        ],
        "reactions": [
            {
                "name": "slightly_smiling_face",
                "users": [
                    "U01KNVDC9A6"
                ],
                "count": 1
            }
        ]
    },
    {
        "client_msg_id": "18bf0f29-fbd1-4421-a0f1-bfcd77f35c90",
        "type": "message",
        "text": "Those who could not make it, pls check out the material 'cause the next written assignment is mostly based on that.",
        "user": "U01JY0C0BQE",
        "ts": "1617419713.013400",
        "team": "T01KAU17684",
        "user_team": "T01KAU17684",
        "source_team": "T01KAU17684",
        "user_profile": {
            "avatar_hash": "7f8fd75b6a60",
            "image_72": "https:\/\/avatars.slack-edge.com\/2021-01-19\/1674790159632_7f8fd75b6a60270f0c59_72.jpg",
            "first_name": "Supreeth",
            "real_name": "Supreeth Shastri",
            "display_name": "Shastri",
            "team": "T01KAU17684",
            "name": "supreeth-shastri",
            "is_restricted": false,
            "is_ultra_restricted": false
        },
        "blocks": [
            {
                "type": "rich_text",
                "block_id": "NAy",
                "elements": [
                    {
                        "type": "rich_text_section",
                        "elements": [
                            {
                                "type": "text",
                                "text": "Those who could not make it, pls check out the material 'cause the next written assignment is mostly based on that."
                            }
                        ]
                    }
                ]
            }
        ]
    }
]