[
    {
        "type": "message",
        "subtype": "channel_join",
        "ts": "1612198473.144000",
        "user": "U01LCFJF0P8",
        "text": "<@U01LCFJF0P8> has joined the channel"
    },
    {
        "client_msg_id": "67f34739-2671-44b9-94c8-6f178f56ee32",
        "type": "message",
        "text": "Hi everyone! My name is Thomas McDowell and I'm a senior studying Physics and Computer Science. I love learning new things about technology from electronics to the internet and I'm looking forwards to learning with you all.",
        "user": "U01LCFJF0P8",
        "ts": "1612198681.145700",
        "team": "T01KAU17684",
        "user_team": "T01KAU17684",
        "source_team": "T01KAU17684",
        "user_profile": {
            "avatar_hash": "gdcdf20a2740",
            "image_72": "https:\/\/secure.gravatar.com\/avatar\/dcdf20a2740d787ecc375a9c46176a5a.jpg?s=72&d=https%3A%2F%2Fa.slack-edge.com%2Fdf10d%2Fimg%2Favatars%2Fava_0004-72.png",
            "first_name": "",
            "real_name": "Thomas McDowell",
            "display_name": "Thomas McDowell",
            "team": "T01KAU17684",
            "name": "trmcdowell",
            "is_restricted": false,
            "is_ultra_restricted": false
        },
        "blocks": [
            {
                "type": "rich_text",
                "block_id": "OHPN",
                "elements": [
                    {
                        "type": "rich_text_section",
                        "elements": [
                            {
                                "type": "text",
                                "text": "Hi everyone! My name is Thomas McDowell and I'm a senior studying Physics and Computer Science. I love learning new things about technology from electronics to the internet and I'm looking forwards to learning with you all."
                            }
                        ]
                    }
                ]
            }
        ],
        "reactions": [
            {
                "name": "clap",
                "users": [
                    "U01JY0C0BQE"
                ],
                "count": 1
            }
        ]
    },
    {
        "client_msg_id": "53eee2ed-1e8e-48ef-a2d3-16b88dcc9c87",
        "type": "message",
        "text": "Hello everyone! My name is Cory Freres and I'm a senior studying Computer Science. I'm excited to be learning about networks with all of you this semester!",
        "user": "U01LYK2GV32",
        "ts": "1612201401.146800",
        "team": "T01KAU17684",
        "user_team": "T01KAU17684",
        "source_team": "T01KAU17684",
        "user_profile": {
            "avatar_hash": "g1a87fd1f790",
            "image_72": "https:\/\/secure.gravatar.com\/avatar\/1a87fd1f7907424fd4587dca2536603f.jpg?s=72&d=https%3A%2F%2Fa.slack-edge.com%2Fdf10d%2Fimg%2Favatars%2Fava_0002-72.png",
            "first_name": "",
            "real_name": "Cory Freres",
            "display_name": "Cory Freres",
            "team": "T01KAU17684",
            "name": "cory-freres",
            "is_restricted": false,
            "is_ultra_restricted": false
        },
        "blocks": [
            {
                "type": "rich_text",
                "block_id": "fgXCR",
                "elements": [
                    {
                        "type": "rich_text_section",
                        "elements": [
                            {
                                "type": "text",
                                "text": "Hello everyone! My name is Cory Freres and I'm a senior studying Computer Science. I'm excited to be learning about networks with all of you this semester!"
                            }
                        ]
                    }
                ]
            }
        ],
        "reactions": [
            {
                "name": "wave",
                "users": [
                    "U01JY0C0BQE"
                ],
                "count": 1
            }
        ]
    },
    {
        "client_msg_id": "DDA31A77-4B5A-4A35-A758-82910627DB81",
        "type": "message",
        "text": "I had a quick question about the online textbook. I am able to access it through the icon page but I already have the book; will I get charged for the ICON version? Maybe I missed the option to opt out but I wanted to ask",
        "user": "U01KYJH7TK4",
        "ts": "1612209888.148500",
        "team": "T01KAU17684",
        "user_team": "T01KAU17684",
        "source_team": "T01KAU17684",
        "user_profile": {
            "avatar_hash": "g2a3a5fb2d9c",
            "image_72": "https:\/\/secure.gravatar.com\/avatar\/2a3a5fb2d9c8238647303ff4265f1233.jpg?s=72&d=https%3A%2F%2Fa.slack-edge.com%2Fdf10d%2Fimg%2Favatars%2Fava_0024-72.png",
            "first_name": "",
            "real_name": "Zach Wright",
            "display_name": "Zach Wright",
            "team": "T01KAU17684",
            "name": "zachary-wright",
            "is_restricted": false,
            "is_ultra_restricted": false
        },
        "blocks": [
            {
                "type": "rich_text",
                "block_id": "iRT",
                "elements": [
                    {
                        "type": "rich_text_section",
                        "elements": [
                            {
                                "type": "text",
                                "text": "I had a quick question about the online textbook. I am able to access it through the icon page but I already have the book; will I get charged for the ICON version? Maybe I missed the option to opt out but I wanted to ask"
                            }
                        ]
                    }
                ]
            }
        ],
        "thread_ts": "1612209888.148500",
        "reply_count": 3,
        "reply_users_count": 2,
        "latest_reply": "1612214504.151400",
        "reply_users": [
            "U01KNVDC9A6",
            "U01KYJH7TK4"
        ],
        "replies": [
            {
                "user": "U01KNVDC9A6",
                "ts": "1612214308.150100"
            },
            {
                "user": "U01KNVDC9A6",
                "ts": "1612214345.150700"
            },
            {
                "user": "U01KYJH7TK4",
                "ts": "1612214504.151400"
            }
        ],
        "is_locked": false,
        "subscribed": false
    },
    {
        "type": "message",
        "subtype": "thread_broadcast",
        "text": "I got an email from the ITS Helpdesk about opting out. The subject line is “ICON Direct Charges.” There’s a link within the email where you can opt out of the ebook. ",
        "user": "U01KNVDC9A6",
        "ts": "1612214308.150100",
        "thread_ts": "1612209888.148500",
        "root": {
            "client_msg_id": "DDA31A77-4B5A-4A35-A758-82910627DB81",
            "type": "message",
            "text": "I had a quick question about the online textbook. I am able to access it through the icon page but I already have the book; will I get charged for the ICON version? Maybe I missed the option to opt out but I wanted to ask",
            "user": "U01KYJH7TK4",
            "ts": "1612209888.148500",
            "team": "T01KAU17684",
            "blocks": [
                {
                    "type": "rich_text",
                    "block_id": "iRT",
                    "elements": [
                        {
                            "type": "rich_text_section",
                            "elements": [
                                {
                                    "type": "text",
                                    "text": "I had a quick question about the online textbook. I am able to access it through the icon page but I already have the book; will I get charged for the ICON version? Maybe I missed the option to opt out but I wanted to ask"
                                }
                            ]
                        }
                    ]
                }
            ],
            "thread_ts": "1612209888.148500",
            "reply_count": 3,
            "reply_users_count": 2,
            "latest_reply": "1612214504.151400",
            "reply_users": [
                "U01KNVDC9A6",
                "U01KYJH7TK4"
            ],
            "is_locked": false,
            "subscribed": false
        },
        "blocks": [
            {
                "type": "rich_text",
                "block_id": "GZWhq",
                "elements": [
                    {
                        "type": "rich_text_section",
                        "elements": [
                            {
                                "type": "text",
                                "text": "I got an email from the ITS Helpdesk about opting out. The subject line is “ICON Direct Charges.” There’s a link within the email where you can opt out of the ebook. "
                            }
                        ]
                    }
                ]
            }
        ],
        "client_msg_id": "7C766B42-AE4D-4CAC-95B3-1DC1D53B11C7",
        "reactions": [
            {
                "name": "heart",
                "users": [
                    "U01KYJH7TK4"
                ],
                "count": 1
            }
        ]
    },
    {
        "type": "message",
        "subtype": "thread_broadcast",
        "text": "I think you have until February 5th. ",
        "user": "U01KNVDC9A6",
        "ts": "1612214345.150700",
        "thread_ts": "1612209888.148500",
        "root": {
            "client_msg_id": "DDA31A77-4B5A-4A35-A758-82910627DB81",
            "type": "message",
            "text": "I had a quick question about the online textbook. I am able to access it through the icon page but I already have the book; will I get charged for the ICON version? Maybe I missed the option to opt out but I wanted to ask",
            "user": "U01KYJH7TK4",
            "ts": "1612209888.148500",
            "team": "T01KAU17684",
            "blocks": [
                {
                    "type": "rich_text",
                    "block_id": "iRT",
                    "elements": [
                        {
                            "type": "rich_text_section",
                            "elements": [
                                {
                                    "type": "text",
                                    "text": "I had a quick question about the online textbook. I am able to access it through the icon page but I already have the book; will I get charged for the ICON version? Maybe I missed the option to opt out but I wanted to ask"
                                }
                            ]
                        }
                    ]
                }
            ],
            "thread_ts": "1612209888.148500",
            "reply_count": 3,
            "reply_users_count": 2,
            "latest_reply": "1612214504.151400",
            "reply_users": [
                "U01KNVDC9A6",
                "U01KYJH7TK4"
            ],
            "is_locked": false,
            "subscribed": false
        },
        "blocks": [
            {
                "type": "rich_text",
                "block_id": "UiViz",
                "elements": [
                    {
                        "type": "rich_text_section",
                        "elements": [
                            {
                                "type": "text",
                                "text": "I think you have until February 5th. "
                            }
                        ]
                    }
                ]
            }
        ],
        "client_msg_id": "ED89D1AE-BA81-425B-933C-11827CF9D401"
    },
    {
        "client_msg_id": "30288D5E-786E-4AC3-9BA6-F04B9CFB8910",
        "type": "message",
        "text": "Perfect, I found it. Thank you so much!",
        "user": "U01KYJH7TK4",
        "ts": "1612214504.151400",
        "team": "T01KAU17684",
        "user_team": "T01KAU17684",
        "source_team": "T01KAU17684",
        "user_profile": {
            "avatar_hash": "g2a3a5fb2d9c",
            "image_72": "https:\/\/secure.gravatar.com\/avatar\/2a3a5fb2d9c8238647303ff4265f1233.jpg?s=72&d=https%3A%2F%2Fa.slack-edge.com%2Fdf10d%2Fimg%2Favatars%2Fava_0024-72.png",
            "first_name": "",
            "real_name": "Zach Wright",
            "display_name": "Zach Wright",
            "team": "T01KAU17684",
            "name": "zachary-wright",
            "is_restricted": false,
            "is_ultra_restricted": false
        },
        "blocks": [
            {
                "type": "rich_text",
                "block_id": "QcL",
                "elements": [
                    {
                        "type": "rich_text_section",
                        "elements": [
                            {
                                "type": "text",
                                "text": "Perfect, I found it. Thank you so much!"
                            }
                        ]
                    }
                ]
            }
        ],
        "thread_ts": "1612209888.148500",
        "parent_user_id": "U01KYJH7TK4",
        "reactions": [
            {
                "name": "raised_hands",
                "users": [
                    "U01KNVDC9A6"
                ],
                "count": 1
            }
        ]
    }
]