[
    {
        "client_msg_id": "09ca9a87-19ae-45ab-aadb-36bbdf468841",
        "type": "message",
        "text": "Hi guys, office hours at the following Zoom link. Please join.",
        "user": "U01LC2YQ2V6",
        "ts": "1615582915.017200",
        "team": "T01KAU17684",
        "user_team": "T01KAU17684",
        "source_team": "T01KAU17684",
        "user_profile": {
            "avatar_hash": "g5aefd6bd660",
            "image_72": "https:\/\/secure.gravatar.com\/avatar\/5aefd6bd660d1ac185f11f45f20a389a.jpg?s=72&d=https%3A%2F%2Fa.slack-edge.com%2Fdf10d%2Fimg%2Favatars%2Fava_0001-72.png",
            "first_name": "",
            "real_name": "Adnan Ahmed",
            "display_name": "Adnan Ahmed",
            "team": "T01KAU17684",
            "name": "adnan-ahmed",
            "is_restricted": false,
            "is_ultra_restricted": false
        },
        "blocks": [
            {
                "type": "rich_text",
                "block_id": "hzk2",
                "elements": [
                    {
                        "type": "rich_text_section",
                        "elements": [
                            {
                                "type": "text",
                                "text": "Hi guys, office hours at the following Zoom link. Please join."
                            }
                        ]
                    }
                ]
            }
        ]
    },
    {
        "client_msg_id": "90b2bdb7-9d4c-4df5-9799-0bf1146cfc34",
        "type": "message",
        "text": "<https:\/\/uiowa.zoom.us\/my\/adnan>",
        "user": "U01LC2YQ2V6",
        "ts": "1615582916.017400",
        "team": "T01KAU17684",
        "user_team": "T01KAU17684",
        "source_team": "T01KAU17684",
        "user_profile": {
            "avatar_hash": "g5aefd6bd660",
            "image_72": "https:\/\/secure.gravatar.com\/avatar\/5aefd6bd660d1ac185f11f45f20a389a.jpg?s=72&d=https%3A%2F%2Fa.slack-edge.com%2Fdf10d%2Fimg%2Favatars%2Fava_0001-72.png",
            "first_name": "",
            "real_name": "Adnan Ahmed",
            "display_name": "Adnan Ahmed",
            "team": "T01KAU17684",
            "name": "adnan-ahmed",
            "is_restricted": false,
            "is_ultra_restricted": false
        },
        "blocks": [
            {
                "type": "rich_text",
                "block_id": "FBa",
                "elements": [
                    {
                        "type": "rich_text_section",
                        "elements": [
                            {
                                "type": "link",
                                "url": "https:\/\/uiowa.zoom.us\/my\/adnan"
                            }
                        ]
                    }
                ]
            }
        ]
    }
]