[
    {
        "client_msg_id": "3dbe6ac4-0369-4043-a047-5eb9ea611898",
        "type": "message",
        "text": "Office hour notice: folks, I'm available (though not logged into my Zoom room). Please DM me on Slack if you want to meet\/discuss anything.",
        "user": "U01JY0C0BQE",
        "ts": "1617206778.009700",
        "team": "T01KAU17684",
        "user_team": "T01KAU17684",
        "source_team": "T01KAU17684",
        "user_profile": {
            "avatar_hash": "7f8fd75b6a60",
            "image_72": "https:\/\/avatars.slack-edge.com\/2021-01-19\/1674790159632_7f8fd75b6a60270f0c59_72.jpg",
            "first_name": "Supreeth",
            "real_name": "Supreeth Shastri",
            "display_name": "Shastri",
            "team": "T01KAU17684",
            "name": "supreeth-shastri",
            "is_restricted": false,
            "is_ultra_restricted": false
        },
        "blocks": [
            {
                "type": "rich_text",
                "block_id": "G\/GM",
                "elements": [
                    {
                        "type": "rich_text_section",
                        "elements": [
                            {
                                "type": "text",
                                "text": "Office hour notice: folks, I'm available (though not logged into my Zoom room). Please DM me on Slack if you want to meet\/discuss anything."
                            }
                        ]
                    }
                ]
            }
        ]
    }
]