[
    {
        "client_msg_id": "bdce8da2-2dba-447d-841b-3e7449126b93",
        "type": "message",
        "text": "That is right, Mitch. Only one packet can depart the router in any given time interval.",
        "user": "U01JY0C0BQE",
        "ts": "1618580801.044700",
        "team": "T01KAU17684",
        "user_team": "T01KAU17684",
        "source_team": "T01KAU17684",
        "user_profile": {
            "avatar_hash": "7f8fd75b6a60",
            "image_72": "https:\/\/avatars.slack-edge.com\/2021-01-19\/1674790159632_7f8fd75b6a60270f0c59_72.jpg",
            "first_name": "Supreeth",
            "real_name": "Supreeth Shastri",
            "display_name": "Shastri",
            "team": "T01KAU17684",
            "name": "supreeth-shastri",
            "is_restricted": false,
            "is_ultra_restricted": false
        },
        "blocks": [
            {
                "type": "rich_text",
                "block_id": "n7yx",
                "elements": [
                    {
                        "type": "rich_text_section",
                        "elements": [
                            {
                                "type": "text",
                                "text": "That is right, Mitch. Only one packet can depart the router in any given time interval."
                            }
                        ]
                    }
                ]
            }
        ],
        "thread_ts": "1618541127.044600",
        "parent_user_id": "U01KM5NRGJ2"
    },
    {
        "client_msg_id": "cf261fa5-65c2-49c0-8854-aaf1ace8a1c3",
        "type": "message",
        "text": "A few announcements:\n1. Programming project-2 is out: <https:\/\/shastri.info\/teaching\/cs3640\/announcements.htm>\n2. We will not have the regular lecture on Tuesday 4\/20\n3. Grades for programming project-1 are out on ICON\n4. Those of you who haven't signed up for the technical interview, please do so.\n",
        "user": "U01JY0C0BQE",
        "ts": "1618593758.045500",
        "team": "T01KAU17684",
        "user_team": "T01KAU17684",
        "source_team": "T01KAU17684",
        "user_profile": {
            "avatar_hash": "7f8fd75b6a60",
            "image_72": "https:\/\/avatars.slack-edge.com\/2021-01-19\/1674790159632_7f8fd75b6a60270f0c59_72.jpg",
            "first_name": "Supreeth",
            "real_name": "Supreeth Shastri",
            "display_name": "Shastri",
            "team": "T01KAU17684",
            "name": "supreeth-shastri",
            "is_restricted": false,
            "is_ultra_restricted": false
        },
        "edited": {
            "user": "U01JY0C0BQE",
            "ts": "1618593857.000000"
        },
        "blocks": [
            {
                "type": "rich_text",
                "block_id": "+qj",
                "elements": [
                    {
                        "type": "rich_text_section",
                        "elements": [
                            {
                                "type": "text",
                                "text": "A few announcements:\n"
                            }
                        ]
                    },
                    {
                        "type": "rich_text_list",
                        "elements": [
                            {
                                "type": "rich_text_section",
                                "elements": [
                                    {
                                        "type": "text",
                                        "text": "Programming project-2 is out: "
                                    },
                                    {
                                        "type": "link",
                                        "url": "https:\/\/shastri.info\/teaching\/cs3640\/announcements.htm"
                                    }
                                ]
                            },
                            {
                                "type": "rich_text_section",
                                "elements": [
                                    {
                                        "type": "text",
                                        "text": "We will not have the regular lecture on Tuesday 4\/20"
                                    }
                                ]
                            },
                            {
                                "type": "rich_text_section",
                                "elements": [
                                    {
                                        "type": "text",
                                        "text": "Grades for programming project-1 are out on ICON"
                                    }
                                ]
                            },
                            {
                                "type": "rich_text_section",
                                "elements": [
                                    {
                                        "type": "text",
                                        "text": "Those of you who haven't signed up for the technical interview, please do so."
                                    }
                                ]
                            }
                        ],
                        "style": "ordered",
                        "indent": 0
                    },
                    {
                        "type": "rich_text_section",
                        "elements": []
                    }
                ]
            }
        ]
    },
    {
        "client_msg_id": "f9ffdf97-4750-4c51-a3e4-30f3c39b99b0",
        "type": "message",
        "text": "Hi guys, apologies; I forgot to announce my office hours here. I was helping some students who were already on the zoom call. Please feel free to join for office hours at <https:\/\/uiowa.zoom.us\/my\/adnan>. Don't worry about the time; if you need help, I can go beyond 4 as well.",
        "user": "U01LC2YQ2V6",
        "ts": "1618605931.046900",
        "team": "T01KAU17684",
        "user_team": "T01KAU17684",
        "source_team": "T01KAU17684",
        "user_profile": {
            "avatar_hash": "g5aefd6bd660",
            "image_72": "https:\/\/secure.gravatar.com\/avatar\/5aefd6bd660d1ac185f11f45f20a389a.jpg?s=72&d=https%3A%2F%2Fa.slack-edge.com%2Fdf10d%2Fimg%2Favatars%2Fava_0001-72.png",
            "first_name": "",
            "real_name": "Adnan Ahmed",
            "display_name": "Adnan Ahmed",
            "team": "T01KAU17684",
            "name": "adnan-ahmed",
            "is_restricted": false,
            "is_ultra_restricted": false
        },
        "blocks": [
            {
                "type": "rich_text",
                "block_id": "H8e",
                "elements": [
                    {
                        "type": "rich_text_section",
                        "elements": [
                            {
                                "type": "text",
                                "text": "Hi guys, apologies; I forgot to announce my office hours here. I was helping some students who were already on the zoom call. Please feel free to join for office hours at "
                            },
                            {
                                "type": "link",
                                "url": "https:\/\/uiowa.zoom.us\/my\/adnan"
                            },
                            {
                                "type": "text",
                                "text": ". Don't worry about the time; if you need help, I can go beyond 4 as well."
                            }
                        ]
                    }
                ]
            }
        ]
    }
]