[
    {
        "client_msg_id": "033af844-5c2c-46d4-b2fc-7168400435a3",
        "type": "message",
        "text": "Forgot to mention (or reiterate): all questions will be based on the material that has been covered in the lectures, assignments, and assigned textbook chapters. No need to go beyond these.",
        "user": "U01JY0C0BQE",
        "ts": "1619013429.058300",
        "team": "T01KAU17684",
        "user_team": "T01KAU17684",
        "source_team": "T01KAU17684",
        "user_profile": {
            "avatar_hash": "7f8fd75b6a60",
            "image_72": "https:\/\/avatars.slack-edge.com\/2021-01-19\/1674790159632_7f8fd75b6a60270f0c59_72.jpg",
            "first_name": "Supreeth",
            "real_name": "Supreeth Shastri",
            "display_name": "Shastri",
            "team": "T01KAU17684",
            "name": "supreeth-shastri",
            "is_restricted": false,
            "is_ultra_restricted": false
        },
        "blocks": [
            {
                "type": "rich_text",
                "block_id": "Xu13r",
                "elements": [
                    {
                        "type": "rich_text_section",
                        "elements": [
                            {
                                "type": "text",
                                "text": "Forgot to mention (or reiterate): all questions will be based on the material that has been covered in the lectures, assignments, and assigned textbook chapters. No need to go beyond these."
                            }
                        ]
                    }
                ]
            }
        ],
        "thread_ts": "1618953777.056700",
        "parent_user_id": "U01K8MDR4R5"
    },
    {
        "client_msg_id": "c46a8870-ac69-49c3-953c-73bc1de1c17d",
        "type": "message",
        "text": "Hi guys, in order to run the ping code, you need to call the function ping(...) with some arguments at the end of the file. Note that all the code is basically functions so if you write this code down in a file and try to run it, nothing will happen---python interpreter evaluates the definitions of the functions but never calls them. So, at the end of the file you can call ping(&lt;some ip\/domain&gt;, [optional timeout value]) and it will run teh code. Since there is missing code that is expected by you guys to fill, you can simply print the recPacket variable to see if you are receiving the responses to the ping packets you had sent.",
        "user": "U01LC2YQ2V6",
        "ts": "1619042314.062100",
        "team": "T01KAU17684",
        "user_team": "T01KAU17684",
        "source_team": "T01KAU17684",
        "user_profile": {
            "avatar_hash": "g5aefd6bd660",
            "image_72": "https:\/\/secure.gravatar.com\/avatar\/5aefd6bd660d1ac185f11f45f20a389a.jpg?s=72&d=https%3A%2F%2Fa.slack-edge.com%2Fdf10d%2Fimg%2Favatars%2Fava_0001-72.png",
            "first_name": "",
            "real_name": "Adnan Ahmed",
            "display_name": "Adnan Ahmed",
            "team": "T01KAU17684",
            "name": "adnan-ahmed",
            "is_restricted": false,
            "is_ultra_restricted": false
        },
        "blocks": [
            {
                "type": "rich_text",
                "block_id": "a=VoQ",
                "elements": [
                    {
                        "type": "rich_text_section",
                        "elements": [
                            {
                                "type": "text",
                                "text": "Hi guys, in order to run the ping code, you need to call the function ping(...) with some arguments at the end of the file. Note that all the code is basically functions so if you write this code down in a file and try to run it, nothing will happen---python interpreter evaluates the definitions of the functions but never calls them. So, at the end of the file you can call ping(<some ip\/domain>, [optional timeout value]) and it will run teh code. Since there is missing code that is expected by you guys to fill, you can simply print the recPacket variable to see if you are receiving the responses to the ping packets you had sent."
                            }
                        ]
                    }
                ]
            }
        ],
        "reactions": [
            {
                "name": "+1",
                "users": [
                    "U01LNLXR23A",
                    "U01KNVDC9A6",
                    "U01JY0C0BQE"
                ],
                "count": 3
            }
        ]
    },
    {
        "client_msg_id": "533e4eb1-11e3-46d2-a6a4-e40888608be9",
        "type": "message",
        "text": "Written assignment-3 solutions are posted: <https:\/\/shastri.info\/teaching\/cs3640\/announcements.htm>",
        "user": "U01JY0C0BQE",
        "ts": "1619043813.062800",
        "team": "T01KAU17684",
        "user_team": "T01KAU17684",
        "source_team": "T01KAU17684",
        "user_profile": {
            "avatar_hash": "7f8fd75b6a60",
            "image_72": "https:\/\/avatars.slack-edge.com\/2021-01-19\/1674790159632_7f8fd75b6a60270f0c59_72.jpg",
            "first_name": "Supreeth",
            "real_name": "Supreeth Shastri",
            "display_name": "Shastri",
            "team": "T01KAU17684",
            "name": "supreeth-shastri",
            "is_restricted": false,
            "is_ultra_restricted": false
        },
        "blocks": [
            {
                "type": "rich_text",
                "block_id": "DWO",
                "elements": [
                    {
                        "type": "rich_text_section",
                        "elements": [
                            {
                                "type": "text",
                                "text": "Written assignment-3 solutions are posted: "
                            },
                            {
                                "type": "link",
                                "url": "https:\/\/shastri.info\/teaching\/cs3640\/announcements.htm"
                            }
                        ]
                    }
                ]
            }
        ]
    },
    {
        "client_msg_id": "b330e173-eae1-4293-808f-a598d2c99ef1",
        "type": "message",
        "text": "Another thing I wanted to point out (because I think students are getting thrown off because of this), is that you WILL get request timed out errors when you try to run the code. The error is originating from the function receiving the one ping you send. The error is coming from the socket timing out (even though it is receiving a packet; you can verify it by printing the recPacket variable). So, even though you sent one packet and received one packet (its response most likely), why is the socket timing out? Should it be timing out? Try to answer these questions and that'll give you more leads towards coming up with the solution",
        "user": "U01LC2YQ2V6",
        "ts": "1619044000.066000",
        "team": "T01KAU17684",
        "user_team": "T01KAU17684",
        "source_team": "T01KAU17684",
        "user_profile": {
            "avatar_hash": "g5aefd6bd660",
            "image_72": "https:\/\/secure.gravatar.com\/avatar\/5aefd6bd660d1ac185f11f45f20a389a.jpg?s=72&d=https%3A%2F%2Fa.slack-edge.com%2Fdf10d%2Fimg%2Favatars%2Fava_0001-72.png",
            "first_name": "",
            "real_name": "Adnan Ahmed",
            "display_name": "Adnan Ahmed",
            "team": "T01KAU17684",
            "name": "adnan-ahmed",
            "is_restricted": false,
            "is_ultra_restricted": false
        },
        "blocks": [
            {
                "type": "rich_text",
                "block_id": "mJNDa",
                "elements": [
                    {
                        "type": "rich_text_section",
                        "elements": [
                            {
                                "type": "text",
                                "text": "Another thing I wanted to point out (because I think students are getting thrown off because of this), is that you WILL get request timed out errors when you try to run the code. The error is originating from the function receiving the one ping you send. The error is coming from the socket timing out (even though it is receiving a packet; you can verify it by printing the recPacket variable). So, even though you sent one packet and received one packet (its response most likely), why is the socket timing out? Should it be timing out? Try to answer these questions and that'll give you more leads towards coming up with the solution"
                            }
                        ]
                    }
                ]
            }
        ],
        "thread_ts": "1619044000.066000",
        "reply_count": 14,
        "reply_users_count": 3,
        "latest_reply": "1619376367.084600",
        "reply_users": [
            "U01KGHG0WFQ",
            "U01LC2YQ2V6",
            "U01KLJYLY8M"
        ],
        "replies": [
            {
                "user": "U01KGHG0WFQ",
                "ts": "1619044821.066100"
            },
            {
                "user": "U01KGHG0WFQ",
                "ts": "1619044866.066300"
            },
            {
                "user": "U01LC2YQ2V6",
                "ts": "1619044965.066500"
            },
            {
                "user": "U01LC2YQ2V6",
                "ts": "1619044990.066700"
            },
            {
                "user": "U01KGHG0WFQ",
                "ts": "1619045536.066900"
            },
            {
                "user": "U01LC2YQ2V6",
                "ts": "1619045582.067100"
            },
            {
                "user": "U01KGHG0WFQ",
                "ts": "1619045604.067300"
            },
            {
                "user": "U01LC2YQ2V6",
                "ts": "1619045641.067500"
            },
            {
                "user": "U01LC2YQ2V6",
                "ts": "1619061562.067700"
            },
            {
                "user": "U01KGHG0WFQ",
                "ts": "1619101285.067900"
            },
            {
                "user": "U01KLJYLY8M",
                "ts": "1619375443.083100"
            },
            {
                "user": "U01KGHG0WFQ",
                "ts": "1619375490.083900"
            },
            {
                "user": "U01KGHG0WFQ",
                "ts": "1619375514.084400"
            },
            {
                "user": "U01KLJYLY8M",
                "ts": "1619376367.084600"
            }
        ],
        "is_locked": false,
        "subscribed": false
    },
    {
        "client_msg_id": "a6baec86-5c0a-4d34-8bfc-01f3b234323a",
        "type": "message",
        "text": "Hello Adnan,\nI've gotten the code to work just fine for localhost, but any external IP address gets stuck on the line:\n\nwhatReady = select.select([mySocket], [], [], timeLeft)\n\nso that it prints \"Request timed out\" every second. I'm assuming that means that the select.select() call is timing out before mySocket is ready to be read from. In other words, there appears to be an issue with the packet being sent in the first place, or there's an issue with the packet being received by the socket.",
        "user": "U01KGHG0WFQ",
        "ts": "1619044821.066100",
        "team": "T01KAU17684",
        "user_team": "T01KAU17684",
        "source_team": "T01KAU17684",
        "user_profile": {
            "avatar_hash": "g4659cfcbbbf",
            "image_72": "https:\/\/secure.gravatar.com\/avatar\/4659cfcbbbff767c99b672aca9818727.jpg?s=72&d=https%3A%2F%2Fa.slack-edge.com%2Fdf10d%2Fimg%2Favatars%2Fava_0024-72.png",
            "first_name": "",
            "real_name": "Blake Espeland",
            "display_name": "Blake Espeland",
            "team": "T01KAU17684",
            "name": "blake-espeland",
            "is_restricted": false,
            "is_ultra_restricted": false
        },
        "blocks": [
            {
                "type": "rich_text",
                "block_id": "UF9rS",
                "elements": [
                    {
                        "type": "rich_text_section",
                        "elements": [
                            {
                                "type": "text",
                                "text": "Hello Adnan,\nI've gotten the code to work just fine for localhost, but any external IP address gets stuck on the line:\n\nwhatReady = select.select([mySocket], [], [], timeLeft)\n\nso that it prints \"Request timed out\" every second. I'm assuming that means that the select.select() call is timing out before mySocket is ready to be read from. In other words, there appears to be an issue with the packet being sent in the first place, or there's an issue with the packet being received by the socket."
                            }
                        ]
                    }
                ]
            }
        ],
        "thread_ts": "1619044000.066000",
        "parent_user_id": "U01LC2YQ2V6"
    },
    {
        "client_msg_id": "2abddee0-64cc-4e96-b36a-990963b63ed0",
        "type": "message",
        "text": "I'm using Ubuntu Linux, btw, to avoid the Windows Firewall.",
        "user": "U01KGHG0WFQ",
        "ts": "1619044866.066300",
        "team": "T01KAU17684",
        "user_team": "T01KAU17684",
        "source_team": "T01KAU17684",
        "user_profile": {
            "avatar_hash": "g4659cfcbbbf",
            "image_72": "https:\/\/secure.gravatar.com\/avatar\/4659cfcbbbff767c99b672aca9818727.jpg?s=72&d=https%3A%2F%2Fa.slack-edge.com%2Fdf10d%2Fimg%2Favatars%2Fava_0024-72.png",
            "first_name": "",
            "real_name": "Blake Espeland",
            "display_name": "Blake Espeland",
            "team": "T01KAU17684",
            "name": "blake-espeland",
            "is_restricted": false,
            "is_ultra_restricted": false
        },
        "blocks": [
            {
                "type": "rich_text",
                "block_id": "cjE1",
                "elements": [
                    {
                        "type": "rich_text_section",
                        "elements": [
                            {
                                "type": "text",
                                "text": "I'm using Ubuntu Linux, btw, to avoid the Windows Firewall."
                            }
                        ]
                    }
                ]
            }
        ],
        "thread_ts": "1619044000.066000",
        "parent_user_id": "U01LC2YQ2V6"
    },
    {
        "client_msg_id": "9773b1c5-e5f4-4ea9-a92b-9ed6820d65bb",
        "type": "message",
        "text": "It could also be that you did receive a packet but since it's a while loop and there is no break condition in the receive function, your select function call keeps receiving packets until it doesn't for a timeout to occur. Does that make sense?",
        "user": "U01LC2YQ2V6",
        "ts": "1619044965.066500",
        "team": "T01KAU17684",
        "user_team": "T01KAU17684",
        "source_team": "T01KAU17684",
        "user_profile": {
            "avatar_hash": "g5aefd6bd660",
            "image_72": "https:\/\/secure.gravatar.com\/avatar\/5aefd6bd660d1ac185f11f45f20a389a.jpg?s=72&d=https%3A%2F%2Fa.slack-edge.com%2Fdf10d%2Fimg%2Favatars%2Fava_0001-72.png",
            "first_name": "",
            "real_name": "Adnan Ahmed",
            "display_name": "Adnan Ahmed",
            "team": "T01KAU17684",
            "name": "adnan-ahmed",
            "is_restricted": false,
            "is_ultra_restricted": false
        },
        "blocks": [
            {
                "type": "rich_text",
                "block_id": "\/ktc",
                "elements": [
                    {
                        "type": "rich_text_section",
                        "elements": [
                            {
                                "type": "text",
                                "text": "It could also be that you did receive a packet but since it's a while loop and there is no break condition in the receive function, your select function call keeps receiving packets until it doesn't for a timeout to occur. Does that make sense?"
                            }
                        ]
                    }
                ]
            }
        ],
        "thread_ts": "1619044000.066000",
        "parent_user_id": "U01LC2YQ2V6"
    },
    {
        "client_msg_id": "5adb56df-487d-43a6-adad-511fe354e2b3",
        "type": "message",
        "text": "You can put a print statement after the recPacket is received",
        "user": "U01LC2YQ2V6",
        "ts": "1619044990.066700",
        "team": "T01KAU17684",
        "user_team": "T01KAU17684",
        "source_team": "T01KAU17684",
        "user_profile": {
            "avatar_hash": "g5aefd6bd660",
            "image_72": "https:\/\/secure.gravatar.com\/avatar\/5aefd6bd660d1ac185f11f45f20a389a.jpg?s=72&d=https%3A%2F%2Fa.slack-edge.com%2Fdf10d%2Fimg%2Favatars%2Fava_0001-72.png",
            "first_name": "",
            "real_name": "Adnan Ahmed",
            "display_name": "Adnan Ahmed",
            "team": "T01KAU17684",
            "name": "adnan-ahmed",
            "is_restricted": false,
            "is_ultra_restricted": false
        },
        "blocks": [
            {
                "type": "rich_text",
                "block_id": "l5c",
                "elements": [
                    {
                        "type": "rich_text_section",
                        "elements": [
                            {
                                "type": "text",
                                "text": "You can put a print statement after the recPacket is received"
                            }
                        ]
                    }
                ]
            }
        ],
        "thread_ts": "1619044000.066000",
        "parent_user_id": "U01LC2YQ2V6"
    },
    {
        "client_msg_id": "457b20fa-69cf-4c00-ba3f-70815924c834",
        "type": "message",
        "text": "Okay, so I tried printing after the packet is received, and It still only printed anything for locahost.",
        "user": "U01KGHG0WFQ",
        "ts": "1619045536.066900",
        "team": "T01KAU17684",
        "user_team": "T01KAU17684",
        "source_team": "T01KAU17684",
        "user_profile": {
            "avatar_hash": "g4659cfcbbbf",
            "image_72": "https:\/\/secure.gravatar.com\/avatar\/4659cfcbbbff767c99b672aca9818727.jpg?s=72&d=https%3A%2F%2Fa.slack-edge.com%2Fdf10d%2Fimg%2Favatars%2Fava_0024-72.png",
            "first_name": "",
            "real_name": "Blake Espeland",
            "display_name": "Blake Espeland",
            "team": "T01KAU17684",
            "name": "blake-espeland",
            "is_restricted": false,
            "is_ultra_restricted": false
        },
        "blocks": [
            {
                "type": "rich_text",
                "block_id": "znQmh",
                "elements": [
                    {
                        "type": "rich_text_section",
                        "elements": [
                            {
                                "type": "text",
                                "text": "Okay, so I tried printing after the packet is received, and It still only printed anything for locahost."
                            }
                        ]
                    }
                ]
            }
        ],
        "thread_ts": "1619044000.066000",
        "parent_user_id": "U01LC2YQ2V6"
    },
    {
        "client_msg_id": "d740589b-c004-4db1-a020-67553b86eaf8",
        "type": "message",
        "text": "Hmmmm okay let me check it on my side and I'll get back to you in a bit",
        "user": "U01LC2YQ2V6",
        "ts": "1619045582.067100",
        "team": "T01KAU17684",
        "user_team": "T01KAU17684",
        "source_team": "T01KAU17684",
        "user_profile": {
            "avatar_hash": "g5aefd6bd660",
            "image_72": "https:\/\/secure.gravatar.com\/avatar\/5aefd6bd660d1ac185f11f45f20a389a.jpg?s=72&d=https%3A%2F%2Fa.slack-edge.com%2Fdf10d%2Fimg%2Favatars%2Fava_0001-72.png",
            "first_name": "",
            "real_name": "Adnan Ahmed",
            "display_name": "Adnan Ahmed",
            "team": "T01KAU17684",
            "name": "adnan-ahmed",
            "is_restricted": false,
            "is_ultra_restricted": false
        },
        "blocks": [
            {
                "type": "rich_text",
                "block_id": "szcXM",
                "elements": [
                    {
                        "type": "rich_text_section",
                        "elements": [
                            {
                                "type": "text",
                                "text": "Hmmmm okay let me check it on my side and I'll get back to you in a bit"
                            }
                        ]
                    }
                ]
            }
        ],
        "thread_ts": "1619044000.066000",
        "parent_user_id": "U01LC2YQ2V6"
    },
    {
        "client_msg_id": "e1cbf27b-0e84-45b5-9707-6122831126cf",
        "type": "message",
        "text": "Thank you!",
        "user": "U01KGHG0WFQ",
        "ts": "1619045604.067300",
        "team": "T01KAU17684",
        "user_team": "T01KAU17684",
        "source_team": "T01KAU17684",
        "user_profile": {
            "avatar_hash": "g4659cfcbbbf",
            "image_72": "https:\/\/secure.gravatar.com\/avatar\/4659cfcbbbff767c99b672aca9818727.jpg?s=72&d=https%3A%2F%2Fa.slack-edge.com%2Fdf10d%2Fimg%2Favatars%2Fava_0024-72.png",
            "first_name": "",
            "real_name": "Blake Espeland",
            "display_name": "Blake Espeland",
            "team": "T01KAU17684",
            "name": "blake-espeland",
            "is_restricted": false,
            "is_ultra_restricted": false
        },
        "blocks": [
            {
                "type": "rich_text",
                "block_id": "jH3o",
                "elements": [
                    {
                        "type": "rich_text_section",
                        "elements": [
                            {
                                "type": "text",
                                "text": "Thank you!"
                            }
                        ]
                    }
                ]
            }
        ],
        "thread_ts": "1619044000.066000",
        "parent_user_id": "U01LC2YQ2V6"
    },
    {
        "client_msg_id": "3608451e-ef8d-45de-aa84-1e27794164a2",
        "type": "message",
        "text": "You're welcome!",
        "user": "U01LC2YQ2V6",
        "ts": "1619045641.067500",
        "team": "T01KAU17684",
        "user_team": "T01KAU17684",
        "source_team": "T01KAU17684",
        "user_profile": {
            "avatar_hash": "g5aefd6bd660",
            "image_72": "https:\/\/secure.gravatar.com\/avatar\/5aefd6bd660d1ac185f11f45f20a389a.jpg?s=72&d=https%3A%2F%2Fa.slack-edge.com%2Fdf10d%2Fimg%2Favatars%2Fava_0001-72.png",
            "first_name": "",
            "real_name": "Adnan Ahmed",
            "display_name": "Adnan Ahmed",
            "team": "T01KAU17684",
            "name": "adnan-ahmed",
            "is_restricted": false,
            "is_ultra_restricted": false
        },
        "blocks": [
            {
                "type": "rich_text",
                "block_id": "KfiC",
                "elements": [
                    {
                        "type": "rich_text_section",
                        "elements": [
                            {
                                "type": "text",
                                "text": "You're welcome!"
                            }
                        ]
                    }
                ]
            }
        ],
        "thread_ts": "1619044000.066000",
        "parent_user_id": "U01LC2YQ2V6"
    },
    {
        "client_msg_id": "c81e6932-5b6a-4802-a72d-97cd4e01a64c",
        "type": "message",
        "text": "Hey! So I tried it on a Linux machine and it seems to be working there as well",
        "user": "U01LC2YQ2V6",
        "ts": "1619061562.067700",
        "team": "T01KAU17684",
        "user_team": "T01KAU17684",
        "source_team": "T01KAU17684",
        "user_profile": {
            "avatar_hash": "g5aefd6bd660",
            "image_72": "https:\/\/secure.gravatar.com\/avatar\/5aefd6bd660d1ac185f11f45f20a389a.jpg?s=72&d=https%3A%2F%2Fa.slack-edge.com%2Fdf10d%2Fimg%2Favatars%2Fava_0001-72.png",
            "first_name": "",
            "real_name": "Adnan Ahmed",
            "display_name": "Adnan Ahmed",
            "team": "T01KAU17684",
            "name": "adnan-ahmed",
            "is_restricted": false,
            "is_ultra_restricted": false
        },
        "blocks": [
            {
                "type": "rich_text",
                "block_id": "Q25",
                "elements": [
                    {
                        "type": "rich_text_section",
                        "elements": [
                            {
                                "type": "text",
                                "text": "Hey! So I tried it on a Linux machine and it seems to be working there as well"
                            }
                        ]
                    }
                ]
            }
        ],
        "thread_ts": "1619044000.066000",
        "parent_user_id": "U01LC2YQ2V6"
    }
]