[
    {
        "client_msg_id": "ff44b23c-b0fd-4a21-806b-f688488fccb8",
        "type": "message",
        "text": "Morning, class -- howdy? As some of you have noticed, I decided not to post that asynchronous lecture. Two reasons: I didn't think it would be as engaging as a live session, plus it was not prudent on my part to expect everyone to have watched the lecture over the weekend. We had some slack towards the end of the course, so I restructured the lectures to make use of that. This means, we will resume where we left of on Tuesday 3\/23. Looking forward to the session this evening!",
        "user": "U01JY0C0BQE",
        "ts": "1617114558.003300",
        "team": "T01KAU17684",
        "user_team": "T01KAU17684",
        "source_team": "T01KAU17684",
        "user_profile": {
            "avatar_hash": "7f8fd75b6a60",
            "image_72": "https:\/\/avatars.slack-edge.com\/2021-01-19\/1674790159632_7f8fd75b6a60270f0c59_72.jpg",
            "first_name": "Supreeth",
            "real_name": "Supreeth Shastri",
            "display_name": "Shastri",
            "team": "T01KAU17684",
            "name": "supreeth-shastri",
            "is_restricted": false,
            "is_ultra_restricted": false
        },
        "blocks": [
            {
                "type": "rich_text",
                "block_id": "Xci",
                "elements": [
                    {
                        "type": "rich_text_section",
                        "elements": [
                            {
                                "type": "text",
                                "text": "Morning, class -- howdy? As some of you have noticed, I decided not to post that asynchronous lecture. Two reasons: I didn't think it would be as engaging as a live session, plus it was not prudent on my part to expect everyone to have watched the lecture over the weekend. We had some slack towards the end of the course, so I restructured the lectures to make use of that. This means, we will resume where we left of on Tuesday 3\/23. Looking forward to the session this evening!"
                            }
                        ]
                    }
                ]
            }
        ],
        "reactions": [
            {
                "name": "white_check_mark",
                "users": [
                    "U01KNVDC9A6",
                    "U01KG6YG79C"
                ],
                "count": 2
            }
        ]
    },
    {
        "client_msg_id": "c6b901b3-ffd5-423e-9332-cd307a9dd407",
        "type": "message",
        "text": "For spot quiz Q4: when the NAT table is exposed, an adversary can learn about all the open connections. This makes it easy to inject malicious packets destined for those specific open ports. In contrast, to figure out such information in a non-NAT network, the adversary has to probe all possible ports (~64K) linearly for all the hosts. Doing so is not only time-consuming but exposes them. Thus openly publishing the NAT translation table makes NATed hosts more vulnerable.",
        "user": "U01JY0C0BQE",
        "ts": "1617150308.008500",
        "team": "T01KAU17684",
        "user_team": "T01KAU17684",
        "source_team": "T01KAU17684",
        "user_profile": {
            "avatar_hash": "7f8fd75b6a60",
            "image_72": "https:\/\/avatars.slack-edge.com\/2021-01-19\/1674790159632_7f8fd75b6a60270f0c59_72.jpg",
            "first_name": "Supreeth",
            "real_name": "Supreeth Shastri",
            "display_name": "Shastri",
            "team": "T01KAU17684",
            "name": "supreeth-shastri",
            "is_restricted": false,
            "is_ultra_restricted": false
        },
        "blocks": [
            {
                "type": "rich_text",
                "block_id": "oBs",
                "elements": [
                    {
                        "type": "rich_text_section",
                        "elements": [
                            {
                                "type": "text",
                                "text": "For spot quiz Q4: when the NAT table is exposed, an adversary can learn about all the open connections. This makes it easy to inject malicious packets destined for those specific open ports. In contrast, to figure out such information in a non-NAT network, the adversary has to probe all possible ports (~64K) linearly for all the hosts. Doing so is not only time-consuming but exposes them. Thus openly publishing the NAT translation table makes NATed hosts more vulnerable."
                            }
                        ]
                    }
                ]
            }
        ],
        "reactions": [
            {
                "name": "+1",
                "users": [
                    "U01KNVDC9A6"
                ],
                "count": 1
            }
        ]
    }
]