[
    {
        "client_msg_id": "e4ab2ca3-f742-43af-b42f-d77f37ab423f",
        "type": "message",
        "text": "Posted the solutions to written assignment-2 and programming project-1: <https:\/\/shastri.info\/teaching\/cs3640\/announcements.htm>\nTA Adnan is grading the work, and will have the scores out soon.",
        "user": "U01JY0C0BQE",
        "ts": "1617556722.017700",
        "team": "T01KAU17684",
        "user_team": "T01KAU17684",
        "source_team": "T01KAU17684",
        "user_profile": {
            "avatar_hash": "7f8fd75b6a60",
            "image_72": "https:\/\/avatars.slack-edge.com\/2021-01-19\/1674790159632_7f8fd75b6a60270f0c59_72.jpg",
            "first_name": "Supreeth",
            "real_name": "Supreeth Shastri",
            "display_name": "Shastri",
            "team": "T01KAU17684",
            "name": "supreeth-shastri",
            "is_restricted": false,
            "is_ultra_restricted": false
        },
        "edited": {
            "user": "U01JY0C0BQE",
            "ts": "1617556774.000000"
        },
        "blocks": [
            {
                "type": "rich_text",
                "block_id": "VF=y",
                "elements": [
                    {
                        "type": "rich_text_section",
                        "elements": [
                            {
                                "type": "text",
                                "text": "Posted the solutions to written assignment-2 and programming project-1: "
                            },
                            {
                                "type": "link",
                                "url": "https:\/\/shastri.info\/teaching\/cs3640\/announcements.htm"
                            },
                            {
                                "type": "text",
                                "text": "\nTA Adnan is grading the work, and will have the scores out soon."
                            }
                        ]
                    }
                ]
            }
        ]
    }
]