[
    {
        "client_msg_id": "df9f847f-7df6-4a8f-803d-104f47f15685",
        "type": "message",
        "text": "```Dear class -- while evaluating project-2, it has come to our attention that some students have exhibited a clear lack of academic integrity. Adnan and I are using all possible tools to investigate these further, and will take appropriate action if we are convinced of any unsavory behavior.\n\nWe have spent the semester together, so I'm sure you know that I've always erred on the side of giving higher scores if I thought that helped your learning\/motivation. But, I will never tolerate cheating (including outright copying of code from each other or the Internet). From where we stand, I give you two options:\n\n(1) Come clean and confess to your mistake. At that point, I will let you withdraw your project-2 submission. You will earn a score of zero for project-2, and we will consider the matter closed.\n(2) Let us complete our investigation, and build a case against all offenders. I will award a grade of F, and escalate your case to the Chair for any further disciplinary action.\n\nYou have two days (i.e., until 5pm on May-11) to talk to me about this. I'll be available on Slack and over email.```",
        "user": "U01JY0C0BQE",
        "ts": "1620659055.128000",
        "team": "T01KAU17684",
        "user_team": "T01KAU17684",
        "source_team": "T01KAU17684",
        "user_profile": {
            "avatar_hash": "7f8fd75b6a60",
            "image_72": "https:\/\/avatars.slack-edge.com\/2021-01-19\/1674790159632_7f8fd75b6a60270f0c59_72.jpg",
            "first_name": "Supreeth",
            "real_name": "Supreeth Shastri",
            "display_name": "Shastri",
            "team": "T01KAU17684",
            "name": "supreeth-shastri",
            "is_restricted": false,
            "is_ultra_restricted": false
        },
        "blocks": [
            {
                "type": "rich_text",
                "block_id": "MyYN2",
                "elements": [
                    {
                        "type": "rich_text_preformatted",
                        "elements": [
                            {
                                "type": "text",
                                "text": "Dear class -- while evaluating project-2, it has come to our attention that some students have exhibited a clear lack of academic integrity. Adnan and I are using all possible tools to investigate these further, and will take appropriate action if we are convinced of any unsavory behavior.\n\nWe have spent the semester together, so I'm sure you know that I've always erred on the side of giving higher scores if I thought that helped your learning\/motivation. But, I will never tolerate cheating (including outright copying of code from each other or the Internet). From where we stand, I give you two options:\n\n(1) Come clean and confess to your mistake. At that point, I will let you withdraw your project-2 submission. You will earn a score of zero for project-2, and we will consider the matter closed.\n(2) Let us complete our investigation, and build a case against all offenders. I will award a grade of F, and escalate your case to the Chair for any further disciplinary action.\n\nYou have two days (i.e., until 5pm on May-11) to talk to me about this. I'll be available on Slack and over email."
                            }
                        ]
                    }
                ]
            }
        ]
    },
    {
        "client_msg_id": "66ad1df9-f49e-4faf-8853-fd0e51b32448",
        "type": "message",
        "text": "Just FYI -- I have withheld the project-2 scores for everyone until this matter is resolved. Please be patient.",
        "user": "U01JY0C0BQE",
        "ts": "1620662461.129400",
        "team": "T01KAU17684",
        "user_team": "T01KAU17684",
        "source_team": "T01KAU17684",
        "user_profile": {
            "avatar_hash": "7f8fd75b6a60",
            "image_72": "https:\/\/avatars.slack-edge.com\/2021-01-19\/1674790159632_7f8fd75b6a60270f0c59_72.jpg",
            "first_name": "Supreeth",
            "real_name": "Supreeth Shastri",
            "display_name": "Shastri",
            "team": "T01KAU17684",
            "name": "supreeth-shastri",
            "is_restricted": false,
            "is_ultra_restricted": false
        },
        "blocks": [
            {
                "type": "rich_text",
                "block_id": "O7ZaH",
                "elements": [
                    {
                        "type": "rich_text_section",
                        "elements": [
                            {
                                "type": "text",
                                "text": "Just FYI -- I have withheld the project-2 scores for everyone until this matter is resolved. Please be patient."
                            }
                        ]
                    }
                ]
            }
        ]
    },
    {
        "client_msg_id": "ec5b9e53-692f-4a64-8f09-0272479ea052",
        "type": "message",
        "text": "Also FYI -- if you know surely that you have not violated the academic integrity, there is no need to contact me\/us.",
        "user": "U01JY0C0BQE",
        "ts": "1620665191.130400",
        "team": "T01KAU17684",
        "user_team": "T01KAU17684",
        "source_team": "T01KAU17684",
        "user_profile": {
            "avatar_hash": "7f8fd75b6a60",
            "image_72": "https:\/\/avatars.slack-edge.com\/2021-01-19\/1674790159632_7f8fd75b6a60270f0c59_72.jpg",
            "first_name": "Supreeth",
            "real_name": "Supreeth Shastri",
            "display_name": "Shastri",
            "team": "T01KAU17684",
            "name": "supreeth-shastri",
            "is_restricted": false,
            "is_ultra_restricted": false
        },
        "blocks": [
            {
                "type": "rich_text",
                "block_id": "1vw",
                "elements": [
                    {
                        "type": "rich_text_section",
                        "elements": [
                            {
                                "type": "text",
                                "text": "Also FYI -- if you know surely that you have not violated the academic integrity, there is no need to contact me\/us."
                            }
                        ]
                    }
                ]
            }
        ]
    }
]