[
    {
        "client_msg_id": "7c3c7784-9ba8-4e65-8724-bf824799026d",
        "type": "message",
        "text": "Hmm. Must be my implementation then. That narrows down the number of possible issues though. I'll come to your office hours to discuss it.",
        "user": "U01KGHG0WFQ",
        "ts": "1619101285.067900",
        "team": "T01KAU17684",
        "user_team": "T01KAU17684",
        "source_team": "T01KAU17684",
        "user_profile": {
            "avatar_hash": "g4659cfcbbbf",
            "image_72": "https:\/\/secure.gravatar.com\/avatar\/4659cfcbbbff767c99b672aca9818727.jpg?s=72&d=https%3A%2F%2Fa.slack-edge.com%2Fdf10d%2Fimg%2Favatars%2Fava_0024-72.png",
            "first_name": "",
            "real_name": "Blake Espeland",
            "display_name": "Blake Espeland",
            "team": "T01KAU17684",
            "name": "blake-espeland",
            "is_restricted": false,
            "is_ultra_restricted": false
        },
        "blocks": [
            {
                "type": "rich_text",
                "block_id": "AAF",
                "elements": [
                    {
                        "type": "rich_text_section",
                        "elements": [
                            {
                                "type": "text",
                                "text": "Hmm. Must be my implementation then. That narrows down the number of possible issues though. I'll come to your office hours to discuss it."
                            }
                        ]
                    }
                ]
            }
        ],
        "thread_ts": "1619044000.066000",
        "parent_user_id": "U01LC2YQ2V6",
        "reactions": [
            {
                "name": "+1",
                "users": [
                    "U01LC2YQ2V6"
                ],
                "count": 1
            }
        ]
    },
    {
        "client_msg_id": "ED639EA9-242A-469B-8FC2-3510B4FFCD0F",
        "type": "message",
        "text": "What does question 4 mean in quiz ",
        "user": "U01L1VA9MP0",
        "ts": "1619128119.068400",
        "team": "T01KAU17684",
        "user_team": "T01KAU17684",
        "source_team": "T01KAU17684",
        "user_profile": {
            "avatar_hash": "gc723735a037",
            "image_72": "https:\/\/secure.gravatar.com\/avatar\/c723735a037f8e47f6581b8383be908d.jpg?s=72&d=https%3A%2F%2Fa.slack-edge.com%2Fdf10d%2Fimg%2Favatars%2Fava_0002-72.png",
            "first_name": "",
            "real_name": "Krishna vamsi pratti",
            "display_name": "Krishna vamsi pratti",
            "team": "T01KAU17684",
            "name": "krishnavamsi-pratti",
            "is_restricted": false,
            "is_ultra_restricted": false
        },
        "blocks": [
            {
                "type": "rich_text",
                "block_id": "eBz9j",
                "elements": [
                    {
                        "type": "rich_text_section",
                        "elements": [
                            {
                                "type": "text",
                                "text": "What does question 4 mean in quiz "
                            }
                        ]
                    }
                ]
            }
        ]
    },
    {
        "client_msg_id": "2154FE9A-1F93-43AC-8786-F4B47FBE08F4",
        "type": "message",
        "text": "<@U01JY0C0BQE> ",
        "user": "U01L1VA9MP0",
        "ts": "1619128127.068700",
        "team": "T01KAU17684",
        "user_team": "T01KAU17684",
        "source_team": "T01KAU17684",
        "user_profile": {
            "avatar_hash": "gc723735a037",
            "image_72": "https:\/\/secure.gravatar.com\/avatar\/c723735a037f8e47f6581b8383be908d.jpg?s=72&d=https%3A%2F%2Fa.slack-edge.com%2Fdf10d%2Fimg%2Favatars%2Fava_0002-72.png",
            "first_name": "",
            "real_name": "Krishna vamsi pratti",
            "display_name": "Krishna vamsi pratti",
            "team": "T01KAU17684",
            "name": "krishnavamsi-pratti",
            "is_restricted": false,
            "is_ultra_restricted": false
        },
        "blocks": [
            {
                "type": "rich_text",
                "block_id": "6Cw9",
                "elements": [
                    {
                        "type": "rich_text_section",
                        "elements": [
                            {
                                "type": "user",
                                "user_id": "U01JY0C0BQE"
                            },
                            {
                                "type": "text",
                                "text": " "
                            }
                        ]
                    }
                ]
            }
        ]
    },
    {
        "client_msg_id": "fdc39e17-c670-4877-91ab-70a2e20e12d2",
        "type": "message",
        "text": "You convert \"IP address to MAC address\" using ARP. Similarly, what do you use to convert \"Hostname to IP address\"?",
        "user": "U01JY0C0BQE",
        "ts": "1619128352.069800",
        "team": "T01KAU17684",
        "user_team": "T01KAU17684",
        "source_team": "T01KAU17684",
        "user_profile": {
            "avatar_hash": "7f8fd75b6a60",
            "image_72": "https:\/\/avatars.slack-edge.com\/2021-01-19\/1674790159632_7f8fd75b6a60270f0c59_72.jpg",
            "first_name": "Supreeth",
            "real_name": "Supreeth Shastri",
            "display_name": "Shastri",
            "team": "T01KAU17684",
            "name": "supreeth-shastri",
            "is_restricted": false,
            "is_ultra_restricted": false
        },
        "blocks": [
            {
                "type": "rich_text",
                "block_id": "1nDG",
                "elements": [
                    {
                        "type": "rich_text_section",
                        "elements": [
                            {
                                "type": "text",
                                "text": "You convert \"IP address to MAC address\" using ARP. Similarly, what do you use to convert \"Hostname to IP address\"?"
                            }
                        ]
                    }
                ]
            }
        ]
    },
    {
        "client_msg_id": "E20076A4-A91B-4F93-8591-53EDB402A4D7",
        "type": "message",
        "text": "Thanks ",
        "user": "U01L1VA9MP0",
        "ts": "1619128385.070000",
        "team": "T01KAU17684",
        "user_team": "T01KAU17684",
        "source_team": "T01KAU17684",
        "user_profile": {
            "avatar_hash": "gc723735a037",
            "image_72": "https:\/\/secure.gravatar.com\/avatar\/c723735a037f8e47f6581b8383be908d.jpg?s=72&d=https%3A%2F%2Fa.slack-edge.com%2Fdf10d%2Fimg%2Favatars%2Fava_0002-72.png",
            "first_name": "",
            "real_name": "Krishna vamsi pratti",
            "display_name": "Krishna vamsi pratti",
            "team": "T01KAU17684",
            "name": "krishnavamsi-pratti",
            "is_restricted": false,
            "is_ultra_restricted": false
        },
        "blocks": [
            {
                "type": "rich_text",
                "block_id": "RNQ6",
                "elements": [
                    {
                        "type": "rich_text_section",
                        "elements": [
                            {
                                "type": "text",
                                "text": "Thanks "
                            }
                        ]
                    }
                ]
            }
        ]
    },
    {
        "client_msg_id": "4EDA8C98-F6A5-4031-B232-7653ECCE310E",
        "type": "message",
        "text": "Is question 3 asking if a router’s interfaces can be aware of each other’s MAC addresses?",
        "user": "U01KNVDC9A6",
        "ts": "1619130074.071300",
        "team": "T01KAU17684",
        "user_team": "T01KAU17684",
        "source_team": "T01KAU17684",
        "user_profile": {
            "avatar_hash": "56c10b4857c1",
            "image_72": "https:\/\/avatars.slack-edge.com\/2021-01-23\/1675168091332_56c10b4857c1336660f7_72.png",
            "first_name": "Laura",
            "real_name": "Laura Flores",
            "display_name": "Laura Flores",
            "team": "T01KAU17684",
            "name": "laura-flores",
            "is_restricted": false,
            "is_ultra_restricted": false
        },
        "blocks": [
            {
                "type": "rich_text",
                "block_id": "aF9",
                "elements": [
                    {
                        "type": "rich_text_section",
                        "elements": [
                            {
                                "type": "text",
                                "text": "Is question 3 asking if a router’s interfaces can be aware of each other’s MAC addresses?"
                            }
                        ]
                    }
                ]
            }
        ],
        "thread_ts": "1619130074.071300",
        "reply_count": 1,
        "reply_users_count": 1,
        "latest_reply": "1619183205.071400",
        "reply_users": [
            "U01JY0C0BQE"
        ],
        "replies": [
            {
                "user": "U01JY0C0BQE",
                "ts": "1619183205.071400"
            }
        ],
        "is_locked": false,
        "subscribed": true,
        "last_read": "1619183205.071400"
    }
]