[
    {
        "client_msg_id": "ff796a0d-068b-46c9-88f9-6b862a8d9bba",
        "type": "message",
        "text": "Hello folks -- lecture slides are up: <https:\/\/shastri.info\/teaching\/cs3640\/schedule.htm>",
        "user": "U01JY0C0BQE",
        "ts": "1612459205.163700",
        "team": "T01KAU17684",
        "user_team": "T01KAU17684",
        "source_team": "T01KAU17684",
        "user_profile": {
            "avatar_hash": "7f8fd75b6a60",
            "image_72": "https:\/\/avatars.slack-edge.com\/2021-01-19\/1674790159632_7f8fd75b6a60270f0c59_72.jpg",
            "first_name": "Supreeth",
            "real_name": "Supreeth Shastri",
            "display_name": "Shastri",
            "team": "T01KAU17684",
            "name": "supreeth-shastri",
            "is_restricted": false,
            "is_ultra_restricted": false
        },
        "blocks": [
            {
                "type": "rich_text",
                "block_id": "UAe9g",
                "elements": [
                    {
                        "type": "rich_text_section",
                        "elements": [
                            {
                                "type": "text",
                                "text": "Hello folks -- lecture slides are up: "
                            },
                            {
                                "type": "link",
                                "url": "https:\/\/shastri.info\/teaching\/cs3640\/schedule.htm"
                            }
                        ]
                    }
                ]
            }
        ]
    },
    {
        "client_msg_id": "049A7D7D-950D-489E-BEC7-5689DD4121C6",
        "type": "message",
        "text": "I’m sure others have already mentioned, but one of the quiz questions had a choice option next to a blank field.",
        "user": "U01KNVDC9A6",
        "ts": "1612479148.164900",
        "team": "T01KAU17684",
        "user_team": "T01KAU17684",
        "source_team": "T01KAU17684",
        "user_profile": {
            "avatar_hash": "56c10b4857c1",
            "image_72": "https:\/\/avatars.slack-edge.com\/2021-01-23\/1675168091332_56c10b4857c1336660f7_72.png",
            "first_name": "Laura",
            "real_name": "Laura Flores",
            "display_name": "Laura Flores",
            "team": "T01KAU17684",
            "name": "laura-flores",
            "is_restricted": false,
            "is_ultra_restricted": false
        },
        "blocks": [
            {
                "type": "rich_text",
                "block_id": "1xXpi",
                "elements": [
                    {
                        "type": "rich_text_section",
                        "elements": [
                            {
                                "type": "text",
                                "text": "I’m sure others have already mentioned, but one of the quiz questions had a choice option next to a blank field."
                            }
                        ]
                    }
                ]
            }
        ],
        "thread_ts": "1612479148.164900",
        "reply_count": 1,
        "reply_users_count": 1,
        "latest_reply": "1612488493.165000",
        "reply_users": [
            "U01JY0C0BQE"
        ],
        "replies": [
            {
                "user": "U01JY0C0BQE",
                "ts": "1612488493.165000"
            }
        ],
        "is_locked": false,
        "subscribed": true,
        "last_read": "1612488493.165000"
    },
    {
        "type": "message",
        "subtype": "thread_broadcast",
        "text": "Yes, thanks for mentioning <@U01KNVDC9A6> and <@U01L31KK6KT>.  I went through the speed grader results to make sure everyone got the correct points for their answers. If you see something is amiss, pls DM me.",
        "user": "U01JY0C0BQE",
        "ts": "1612488493.165000",
        "thread_ts": "1612479148.164900",
        "root": {
            "client_msg_id": "049A7D7D-950D-489E-BEC7-5689DD4121C6",
            "type": "message",
            "text": "I’m sure others have already mentioned, but one of the quiz questions had a choice option next to a blank field.",
            "user": "U01KNVDC9A6",
            "ts": "1612479148.164900",
            "team": "T01KAU17684",
            "blocks": [
                {
                    "type": "rich_text",
                    "block_id": "1xXpi",
                    "elements": [
                        {
                            "type": "rich_text_section",
                            "elements": [
                                {
                                    "type": "text",
                                    "text": "I’m sure others have already mentioned, but one of the quiz questions had a choice option next to a blank field."
                                }
                            ]
                        }
                    ]
                }
            ],
            "thread_ts": "1612479148.164900",
            "reply_count": 1,
            "reply_users_count": 1,
            "latest_reply": "1612488493.165000",
            "reply_users": [
                "U01JY0C0BQE"
            ],
            "is_locked": false,
            "subscribed": true,
            "last_read": "1612488493.165000"
        },
        "blocks": [
            {
                "type": "rich_text",
                "block_id": "j7S\/",
                "elements": [
                    {
                        "type": "rich_text_section",
                        "elements": [
                            {
                                "type": "text",
                                "text": "Yes, thanks for mentioning "
                            },
                            {
                                "type": "user",
                                "user_id": "U01KNVDC9A6"
                            },
                            {
                                "type": "text",
                                "text": " and "
                            },
                            {
                                "type": "user",
                                "user_id": "U01L31KK6KT"
                            },
                            {
                                "type": "text",
                                "text": ".  I went through the speed grader results to make sure everyone got the correct points for their answers. If you see something is amiss, pls DM me."
                            }
                        ]
                    }
                ]
            }
        ],
        "client_msg_id": "24e575e8-ba7a-4a73-a97d-709fe9cb33ec",
        "reactions": [
            {
                "name": "+1",
                "users": [
                    "U01KNVDC9A6",
                    "U01LD8LHJSU"
                ],
                "count": 2
            }
        ]
    }
]