[
    {
        "client_msg_id": "eebe2253-f1b2-4a3c-8d95-1d35f7531a7a",
        "type": "message",
        "text": "Dear class -- I've posted the solutions for W4 and P2. I see that most of you were able to finish both on time! Well done :clap:",
        "user": "U01JY0C0BQE",
        "ts": "1619869092.126300",
        "team": "T01KAU17684",
        "user_team": "T01KAU17684",
        "source_team": "T01KAU17684",
        "user_profile": {
            "avatar_hash": "7f8fd75b6a60",
            "image_72": "https:\/\/avatars.slack-edge.com\/2021-01-19\/1674790159632_7f8fd75b6a60270f0c59_72.jpg",
            "first_name": "Supreeth",
            "real_name": "Supreeth Shastri",
            "display_name": "Shastri",
            "team": "T01KAU17684",
            "name": "supreeth-shastri",
            "is_restricted": false,
            "is_ultra_restricted": false
        },
        "blocks": [
            {
                "type": "rich_text",
                "block_id": "pKLV",
                "elements": [
                    {
                        "type": "rich_text_section",
                        "elements": [
                            {
                                "type": "text",
                                "text": "Dear class -- I've posted the solutions for W4 and P2. I see that most of you were able to finish both on time! Well done "
                            },
                            {
                                "type": "emoji",
                                "name": "clap"
                            }
                        ]
                    }
                ]
            }
        ]
    },
    {
        "client_msg_id": "557c515b-c987-4e90-811a-1ba386bd3fa2",
        "type": "message",
        "text": "TA Adnan will be evaluating and uploading the scores for all your assignments in the next few days.\nIf you have any questions\/concerns with your scores, it is best to clarify with him before approaching me.",
        "user": "U01JY0C0BQE",
        "ts": "1619869342.126800",
        "team": "T01KAU17684",
        "user_team": "T01KAU17684",
        "source_team": "T01KAU17684",
        "user_profile": {
            "avatar_hash": "7f8fd75b6a60",
            "image_72": "https:\/\/avatars.slack-edge.com\/2021-01-19\/1674790159632_7f8fd75b6a60270f0c59_72.jpg",
            "first_name": "Supreeth",
            "real_name": "Supreeth Shastri",
            "display_name": "Shastri",
            "team": "T01KAU17684",
            "name": "supreeth-shastri",
            "is_restricted": false,
            "is_ultra_restricted": false
        },
        "blocks": [
            {
                "type": "rich_text",
                "block_id": "f=92w",
                "elements": [
                    {
                        "type": "rich_text_section",
                        "elements": [
                            {
                                "type": "text",
                                "text": "TA Adnan will be evaluating and uploading the scores for all your assignments in the next few days.\nIf you have any questions\/concerns with your scores, it is best to clarify with him before approaching me."
                            }
                        ]
                    }
                ]
            }
        ],
        "reactions": [
            {
                "name": "+1",
                "users": [
                    "U01KG6YG79C"
                ],
                "count": 1
            }
        ]
    }
]