[
    {
        "client_msg_id": "39cc3422-8190-4ff5-9e4d-af0b4363b7e8",
        "type": "message",
        "text": "The intent of the question (at least in my mind) was to emphasize that a given MAC address -- whether the router's or any other host's -- could be present in at most one ARP table.",
        "user": "U01JY0C0BQE",
        "ts": "1619183205.071400",
        "team": "T01KAU17684",
        "user_team": "T01KAU17684",
        "source_team": "T01KAU17684",
        "user_profile": {
            "avatar_hash": "7f8fd75b6a60",
            "image_72": "https:\/\/avatars.slack-edge.com\/2021-01-19\/1674790159632_7f8fd75b6a60270f0c59_72.jpg",
            "first_name": "Supreeth",
            "real_name": "Supreeth Shastri",
            "display_name": "Shastri",
            "team": "T01KAU17684",
            "name": "supreeth-shastri",
            "is_restricted": false,
            "is_ultra_restricted": false
        },
        "blocks": [
            {
                "type": "rich_text",
                "block_id": "n59c",
                "elements": [
                    {
                        "type": "rich_text_section",
                        "elements": [
                            {
                                "type": "text",
                                "text": "The intent of the question (at least in my mind) was to emphasize that a given MAC address -- whether the router's or any other host's -- could be present in at most one ARP table."
                            }
                        ]
                    }
                ]
            }
        ],
        "thread_ts": "1619130074.071300",
        "parent_user_id": "U01KNVDC9A6",
        "reactions": [
            {
                "name": "+1",
                "users": [
                    "U01KNVDC9A6"
                ],
                "count": 1
            }
        ]
    },
    {
        "client_msg_id": "23ab8a1a-b84c-4bfb-b79c-a381a65ddda2",
        "type": "message",
        "text": "Hi guys, I'm running 10 minutes or so late for my office hours. I'll be at the usual link (I'll send it again once I start the zoom call)",
        "user": "U01LC2YQ2V6",
        "ts": "1619207905.071600",
        "team": "T01KAU17684",
        "user_team": "T01KAU17684",
        "source_team": "T01KAU17684",
        "user_profile": {
            "avatar_hash": "g5aefd6bd660",
            "image_72": "https:\/\/secure.gravatar.com\/avatar\/5aefd6bd660d1ac185f11f45f20a389a.jpg?s=72&d=https%3A%2F%2Fa.slack-edge.com%2Fdf10d%2Fimg%2Favatars%2Fava_0001-72.png",
            "first_name": "",
            "real_name": "Adnan Ahmed",
            "display_name": "Adnan Ahmed",
            "team": "T01KAU17684",
            "name": "adnan-ahmed",
            "is_restricted": false,
            "is_ultra_restricted": false
        },
        "blocks": [
            {
                "type": "rich_text",
                "block_id": "3Vz",
                "elements": [
                    {
                        "type": "rich_text_section",
                        "elements": [
                            {
                                "type": "text",
                                "text": "Hi guys, I'm running 10 minutes or so late for my office hours. I'll be at the usual link (I'll send it again once I start the zoom call)"
                            }
                        ]
                    }
                ]
            }
        ]
    },
    {
        "client_msg_id": "27a1e1d3-f31f-4a81-91ce-8a742d5e118d",
        "type": "message",
        "text": "Hi guys, please join at <https:\/\/uiowa.zoom.us\/my\/adnan> if you need any help",
        "user": "U01LC2YQ2V6",
        "ts": "1619209003.072000",
        "team": "T01KAU17684",
        "user_team": "T01KAU17684",
        "source_team": "T01KAU17684",
        "user_profile": {
            "avatar_hash": "g5aefd6bd660",
            "image_72": "https:\/\/secure.gravatar.com\/avatar\/5aefd6bd660d1ac185f11f45f20a389a.jpg?s=72&d=https%3A%2F%2Fa.slack-edge.com%2Fdf10d%2Fimg%2Favatars%2Fava_0001-72.png",
            "first_name": "",
            "real_name": "Adnan Ahmed",
            "display_name": "Adnan Ahmed",
            "team": "T01KAU17684",
            "name": "adnan-ahmed",
            "is_restricted": false,
            "is_ultra_restricted": false
        },
        "blocks": [
            {
                "type": "rich_text",
                "block_id": "WsbV5",
                "elements": [
                    {
                        "type": "rich_text_section",
                        "elements": [
                            {
                                "type": "text",
                                "text": "Hi guys, please join at "
                            },
                            {
                                "type": "link",
                                "url": "https:\/\/uiowa.zoom.us\/my\/adnan"
                            },
                            {
                                "type": "text",
                                "text": " if you need any help"
                            }
                        ]
                    }
                ]
            }
        ]
    },
    {
        "client_msg_id": "3b429dd5-81ca-4c16-9c92-ef7afc6e7b5c",
        "type": "message",
        "text": "For those that may be struggling with the programming assignment and are not sure why their code isn't working: *make sure you're using Python 2.7*. There's a difference (in Python 3) in how *struct* packs the data for the packet, and it makes the recipient get an ill-formed datagram, meaning you don't get a response. Thank you <@U01LC2YQ2V6> for helping me out.",
        "user": "U01KGHG0WFQ",
        "ts": "1619212368.074900",
        "team": "T01KAU17684",
        "user_team": "T01KAU17684",
        "source_team": "T01KAU17684",
        "user_profile": {
            "avatar_hash": "g4659cfcbbbf",
            "image_72": "https:\/\/secure.gravatar.com\/avatar\/4659cfcbbbff767c99b672aca9818727.jpg?s=72&d=https%3A%2F%2Fa.slack-edge.com%2Fdf10d%2Fimg%2Favatars%2Fava_0024-72.png",
            "first_name": "",
            "real_name": "Blake Espeland",
            "display_name": "Blake Espeland",
            "team": "T01KAU17684",
            "name": "blake-espeland",
            "is_restricted": false,
            "is_ultra_restricted": false
        },
        "blocks": [
            {
                "type": "rich_text",
                "block_id": "wO0h",
                "elements": [
                    {
                        "type": "rich_text_section",
                        "elements": [
                            {
                                "type": "text",
                                "text": "For those that may be struggling with the programming assignment and are not sure why their code isn't working: "
                            },
                            {
                                "type": "text",
                                "text": "make sure you're using Python 2.7",
                                "style": {
                                    "bold": true
                                }
                            },
                            {
                                "type": "text",
                                "text": ". There's a difference (in Python 3) in how "
                            },
                            {
                                "type": "text",
                                "text": "struct",
                                "style": {
                                    "bold": true
                                }
                            },
                            {
                                "type": "text",
                                "text": " packs the data for the packet, and it makes the recipient get an ill-formed datagram, meaning you don't get a response. Thank you "
                            },
                            {
                                "type": "user",
                                "user_id": "U01LC2YQ2V6"
                            },
                            {
                                "type": "text",
                                "text": " for helping me out."
                            }
                        ]
                    }
                ]
            }
        ],
        "thread_ts": "1619212368.074900",
        "reply_count": 1,
        "reply_users_count": 1,
        "latest_reply": "1619240902.080900",
        "reply_users": [
            "U01KYQQFBB5"
        ],
        "replies": [
            {
                "user": "U01KYQQFBB5",
                "ts": "1619240902.080900"
            }
        ],
        "is_locked": false,
        "subscribed": false
    },
    {
        "client_msg_id": "9841dda2-5614-454d-9777-9ff54b8401f3",
        "type": "message",
        "text": "You're welcome. Also, in case you guys find it difficult to work with python 2.7 (maybe you installed python3 first), once you install python2.7, you would need to set up the path variables for your profile (*on windows)* so that cmd knows where python2.7 is installed and where it is at. For that, search for the location of the python folder (probably is C;\/python2.7 or something). You can change the name of python.exe to python2.exe so that we can call both python3 and python2 and work with either version of python. You can then search the \"edit environment variables\". Click on the environment variables and it will open up a wndow with two sub windows. highlight the path in the top window and click on edit. A new window will open where you can click new and copy the location of python2.exe to that area. Then just press ok and restart the cmd prompt. Type python2 (press tab afterwards) and press enter. YOu should see python2 interpreter running in the cmd and it will show up at the start of the program execution",
        "user": "U01LC2YQ2V6",
        "ts": "1619213997.080100",
        "team": "T01KAU17684",
        "user_team": "T01KAU17684",
        "source_team": "T01KAU17684",
        "user_profile": {
            "avatar_hash": "g5aefd6bd660",
            "image_72": "https:\/\/secure.gravatar.com\/avatar\/5aefd6bd660d1ac185f11f45f20a389a.jpg?s=72&d=https%3A%2F%2Fa.slack-edge.com%2Fdf10d%2Fimg%2Favatars%2Fava_0001-72.png",
            "first_name": "",
            "real_name": "Adnan Ahmed",
            "display_name": "Adnan Ahmed",
            "team": "T01KAU17684",
            "name": "adnan-ahmed",
            "is_restricted": false,
            "is_ultra_restricted": false
        },
        "blocks": [
            {
                "type": "rich_text",
                "block_id": "gapta",
                "elements": [
                    {
                        "type": "rich_text_section",
                        "elements": [
                            {
                                "type": "text",
                                "text": "You're welcome. Also, in case you guys find it difficult to work with python 2.7 (maybe you installed python3 first), once you install python2.7, you would need to set up the path variables for your profile ("
                            },
                            {
                                "type": "text",
                                "text": "on windows) ",
                                "style": {
                                    "bold": true
                                }
                            },
                            {
                                "type": "text",
                                "text": "so that cmd knows where python2.7 is installed and where it is at. For that, search for the location of the python folder (probably is C;\/python2.7 or something). You can change the name of python.exe to python2.exe so that we can call both python3 and python2 and work with either version of python. You can then search the \"edit environment variables\". Click on the environment variables and it will open up a wndow with two sub windows. highlight the path in the top window and click on edit. A new window will open where you can click new and copy the location of python2.exe to that area. Then just press ok and restart the cmd prompt. Type python2 (press tab afterwards) and press enter. YOu should see python2 interpreter running in the cmd and it will show up at the start of the program execution"
                            }
                        ]
                    }
                ]
            }
        ]
    },
    {
        "client_msg_id": "3957f131-c8a8-45ef-a8ce-866a5b285aff",
        "type": "message",
        "text": "then you can simply run the code from the command prompt by typing python2 &lt;path to the code file&gt;",
        "user": "U01LC2YQ2V6",
        "ts": "1619214026.080700",
        "team": "T01KAU17684",
        "user_team": "T01KAU17684",
        "source_team": "T01KAU17684",
        "user_profile": {
            "avatar_hash": "g5aefd6bd660",
            "image_72": "https:\/\/secure.gravatar.com\/avatar\/5aefd6bd660d1ac185f11f45f20a389a.jpg?s=72&d=https%3A%2F%2Fa.slack-edge.com%2Fdf10d%2Fimg%2Favatars%2Fava_0001-72.png",
            "first_name": "",
            "real_name": "Adnan Ahmed",
            "display_name": "Adnan Ahmed",
            "team": "T01KAU17684",
            "name": "adnan-ahmed",
            "is_restricted": false,
            "is_ultra_restricted": false
        },
        "blocks": [
            {
                "type": "rich_text",
                "block_id": "XXpC",
                "elements": [
                    {
                        "type": "rich_text_section",
                        "elements": [
                            {
                                "type": "text",
                                "text": "then you can simply run the code from the command prompt by typing python2 <path to the code file>"
                            }
                        ]
                    }
                ]
            }
        ]
    },
    {
        "client_msg_id": "825c12c0-51c8-4b9f-a5ed-ac0d39de7127",
        "type": "message",
        "text": "Oh, thanks!",
        "user": "U01KYQQFBB5",
        "ts": "1619240902.080900",
        "team": "T01KAU17684",
        "user_team": "T01KAU17684",
        "source_team": "T01KAU17684",
        "user_profile": {
            "avatar_hash": "gac30c74676a",
            "image_72": "https:\/\/secure.gravatar.com\/avatar\/ac30c74676a81f0edb2b3a42aa11f10d.jpg?s=72&d=https%3A%2F%2Fa.slack-edge.com%2Fdf10d%2Fimg%2Favatars%2Fava_0009-72.png",
            "first_name": "",
            "real_name": "Blake Thorson",
            "display_name": "Blake Thorson",
            "team": "T01KAU17684",
            "name": "bmthorson",
            "is_restricted": false,
            "is_ultra_restricted": false
        },
        "blocks": [
            {
                "type": "rich_text",
                "block_id": "zq\/o",
                "elements": [
                    {
                        "type": "rich_text_section",
                        "elements": [
                            {
                                "type": "text",
                                "text": "Oh, thanks!"
                            }
                        ]
                    }
                ]
            }
        ],
        "thread_ts": "1619212368.074900",
        "parent_user_id": "U01KGHG0WFQ"
    },
    {
        "client_msg_id": "b5935930-2a2c-45f9-8dda-ec7da59e76a2",
        "type": "message",
        "text": "is my hardware the reason I have a delay when pinging local host?",
        "user": "U01KYQQFBB5",
        "ts": "1619247135.081500",
        "team": "T01KAU17684",
        "user_team": "T01KAU17684",
        "source_team": "T01KAU17684",
        "user_profile": {
            "avatar_hash": "gac30c74676a",
            "image_72": "https:\/\/secure.gravatar.com\/avatar\/ac30c74676a81f0edb2b3a42aa11f10d.jpg?s=72&d=https%3A%2F%2Fa.slack-edge.com%2Fdf10d%2Fimg%2Favatars%2Fava_0009-72.png",
            "first_name": "",
            "real_name": "Blake Thorson",
            "display_name": "Blake Thorson",
            "team": "T01KAU17684",
            "name": "bmthorson",
            "is_restricted": false,
            "is_ultra_restricted": false
        },
        "blocks": [
            {
                "type": "rich_text",
                "block_id": "9b\/M",
                "elements": [
                    {
                        "type": "rich_text_section",
                        "elements": [
                            {
                                "type": "text",
                                "text": "is my hardware the reason I have a delay when pinging local host?"
                            }
                        ]
                    }
                ]
            }
        ]
    },
    {
        "client_msg_id": "537af954-0cb8-428a-84f7-5e6bad7a3741",
        "type": "message",
        "text": "or is there an issue with my code",
        "user": "U01KYQQFBB5",
        "ts": "1619247143.081700",
        "team": "T01KAU17684",
        "user_team": "T01KAU17684",
        "source_team": "T01KAU17684",
        "user_profile": {
            "avatar_hash": "gac30c74676a",
            "image_72": "https:\/\/secure.gravatar.com\/avatar\/ac30c74676a81f0edb2b3a42aa11f10d.jpg?s=72&d=https%3A%2F%2Fa.slack-edge.com%2Fdf10d%2Fimg%2Favatars%2Fava_0009-72.png",
            "first_name": "",
            "real_name": "Blake Thorson",
            "display_name": "Blake Thorson",
            "team": "T01KAU17684",
            "name": "bmthorson",
            "is_restricted": false,
            "is_ultra_restricted": false
        },
        "blocks": [
            {
                "type": "rich_text",
                "block_id": "X9qJ",
                "elements": [
                    {
                        "type": "rich_text_section",
                        "elements": [
                            {
                                "type": "text",
                                "text": "or is there an issue with my code"
                            }
                        ]
                    }
                ]
            }
        ]
    }
]