[
    {
        "client_msg_id": "245cc672-70e0-4972-8332-2b929f91ae06",
        "type": "message",
        "text": "Dear class -- I've just posted written-4. More details here: <https:\/\/shastri.info\/teaching\/cs3640\/announcements.htm>\nI will be posting the programming project-2 early AM tomorrow.",
        "user": "U01JY0C0BQE",
        "ts": "1618366024.039300",
        "team": "T01KAU17684",
        "user_team": "T01KAU17684",
        "source_team": "T01KAU17684",
        "user_profile": {
            "avatar_hash": "7f8fd75b6a60",
            "image_72": "https:\/\/avatars.slack-edge.com\/2021-01-19\/1674790159632_7f8fd75b6a60270f0c59_72.jpg",
            "first_name": "Supreeth",
            "real_name": "Supreeth Shastri",
            "display_name": "Shastri",
            "team": "T01KAU17684",
            "name": "supreeth-shastri",
            "is_restricted": false,
            "is_ultra_restricted": false
        },
        "blocks": [
            {
                "type": "rich_text",
                "block_id": "nXv",
                "elements": [
                    {
                        "type": "rich_text_section",
                        "elements": [
                            {
                                "type": "text",
                                "text": "Dear class -- I've just posted written-4. More details here: "
                            },
                            {
                                "type": "link",
                                "url": "https:\/\/shastri.info\/teaching\/cs3640\/announcements.htm"
                            },
                            {
                                "type": "text",
                                "text": "\nI will be posting the programming project-2 early AM tomorrow."
                            }
                        ]
                    }
                ]
            }
        ]
    }
]