[
    {
        "client_msg_id": "8fe8f21e-b567-4893-a504-1d731eca074d",
        "type": "message",
        "text": "Do we need to verify the checksum? Or is comparing the ID enough?",
        "user": "U01KZ14T9AQ",
        "ts": "1619813810.118600",
        "team": "T01KAU17684",
        "user_team": "T01KAU17684",
        "source_team": "T01KAU17684",
        "user_profile": {
            "avatar_hash": "798ed3ff5d8f",
            "image_72": "https:\/\/avatars.slack-edge.com\/2021-01-25\/1667371711078_798ed3ff5d8f5db793de_72.jpg",
            "first_name": "",
            "real_name": "Alan Sorrill",
            "display_name": "Alan Sorrill",
            "team": "T01KAU17684",
            "name": "alan-sorrill",
            "is_restricted": false,
            "is_ultra_restricted": false
        },
        "blocks": [
            {
                "type": "rich_text",
                "block_id": "bOu+",
                "elements": [
                    {
                        "type": "rich_text_section",
                        "elements": [
                            {
                                "type": "text",
                                "text": "Do we need to verify the checksum? Or is comparing the ID enough?"
                            }
                        ]
                    }
                ]
            }
        ],
        "thread_ts": "1619813810.118600",
        "reply_count": 1,
        "reply_users_count": 1,
        "latest_reply": "1619823777.120100",
        "reply_users": [
            "U01KNVDC9A6"
        ],
        "replies": [
            {
                "user": "U01KNVDC9A6",
                "ts": "1619823777.120100"
            }
        ],
        "is_locked": false,
        "subscribed": false
    },
    {
        "client_msg_id": "43181216-5E29-46FE-85F1-0CA345F567D6",
        "type": "message",
        "text": "I don’t think so? It seems like we just need to figure out the delay for each packet and then print out that information. Adnan clarifies some of what we’ve supposed to do in this thread: <https:\/\/ui-cs3640-spring21.slack.com\/archives\/C01KHCB46P3\/p1619730391100800|https:\/\/ui-cs3640-spring21.slack.com\/archives\/C01KHCB46P3\/p1619730391100800>",
        "user": "U01KNVDC9A6",
        "ts": "1619823777.120100",
        "team": "T01KAU17684",
        "user_team": "T01KAU17684",
        "source_team": "T01KAU17684",
        "user_profile": {
            "avatar_hash": "56c10b4857c1",
            "image_72": "https:\/\/avatars.slack-edge.com\/2021-01-23\/1675168091332_56c10b4857c1336660f7_72.png",
            "first_name": "Laura",
            "real_name": "Laura Flores",
            "display_name": "Laura Flores",
            "team": "T01KAU17684",
            "name": "laura-flores",
            "is_restricted": false,
            "is_ultra_restricted": false
        },
        "edited": {
            "user": "U01KNVDC9A6",
            "ts": "1619823836.000000"
        },
        "attachments": [
            {
                "from_url": "https:\/\/ui-cs3640-spring21.slack.com\/archives\/C01KHCB46P3\/p1619730391100800",
                "fallback": "[April 29th, 2021 2:06 PM] amorris7: So I'm a bit confused on what we should actually be printing? Like should i just be printing a message like this or should it be printing something else?",
                "ts": "1619730391.100800",
                "author_id": "U01L515VCSY",
                "author_subname": "Alec Morris",
                "channel_id": "C01KHCB46P3",
                "channel_name": "general",
                "is_msg_unfurl": true,
                "is_thread_root_unfurl": true,
                "text": "So I'm a bit confused on what we should actually be printing? Like should i just be printing a message like this or should it be printing something else?",
                "author_name": "Alec Morris",
                "author_link": "https:\/\/ui-cs3640-spring21.slack.com\/team\/U01L515VCSY",
                "author_icon": "https:\/\/secure.gravatar.com\/avatar\/e665d990479db78a5d04cf8c5348ea6b.jpg?s=48&d=https%3A%2F%2Fa.slack-edge.com%2Fdf10d%2Fimg%2Favatars%2Fava_0024-48.png",
                "mrkdwn_in": [
                    "text"
                ],
                "files": [
                    {
                        "id": "F0216J8FJ4Q",
                        "created": 1619730368,
                        "timestamp": 1619730368,
                        "name": "image.png",
                        "title": "image.png",
                        "mimetype": "image\/png",
                        "filetype": "png",
                        "pretty_type": "PNG",
                        "user": "U01L515VCSY",
                        "editable": false,
                        "size": 16526,
                        "mode": "hosted",
                        "is_external": false,
                        "external_type": "",
                        "is_public": true,
                        "public_url_shared": false,
                        "display_as_bot": false,
                        "username": "",
                        "url_private": "https:\/\/files.slack.com\/files-pri\/T01KAU17684-F0216J8FJ4Q\/image.png",
                        "url_private_download": "https:\/\/files.slack.com\/files-pri\/T01KAU17684-F0216J8FJ4Q\/download\/image.png",
                        "thumb_64": "https:\/\/files.slack.com\/files-tmb\/T01KAU17684-F0216J8FJ4Q-f8641de24e\/image_64.png",
                        "thumb_80": "https:\/\/files.slack.com\/files-tmb\/T01KAU17684-F0216J8FJ4Q-f8641de24e\/image_80.png",
                        "thumb_360": "https:\/\/files.slack.com\/files-tmb\/T01KAU17684-F0216J8FJ4Q-f8641de24e\/image_360.png",
                        "thumb_360_w": 360,
                        "thumb_360_h": 126,
                        "thumb_480": "https:\/\/files.slack.com\/files-tmb\/T01KAU17684-F0216J8FJ4Q-f8641de24e\/image_480.png",
                        "thumb_480_w": 480,
                        "thumb_480_h": 168,
                        "thumb_160": "https:\/\/files.slack.com\/files-tmb\/T01KAU17684-F0216J8FJ4Q-f8641de24e\/image_160.png",
                        "original_w": 493,
                        "original_h": 173,
                        "thumb_tiny": "AwAQADCkRz0pO3akAU+lGBg9KAF9aAB+tJgY7UbRnrQAvrTMmlwB7\/jSHHagD\/\/Z",
                        "permalink": "https:\/\/ui-cs3640-spring21.slack.com\/files\/U01L515VCSY\/F0216J8FJ4Q\/image.png",
                        "permalink_public": "https:\/\/slack-files.com\/T01KAU17684-F0216J8FJ4Q-503f51f7cf",
                        "has_rich_preview": false
                    }
                ],
                "id": 1,
                "original_url": "https:\/\/ui-cs3640-spring21.slack.com\/archives\/C01KHCB46P3\/p1619730391100800",
                "footer": "Thread in #general"
            }
        ],
        "blocks": [
            {
                "type": "rich_text",
                "block_id": "IAf",
                "elements": [
                    {
                        "type": "rich_text_section",
                        "elements": [
                            {
                                "type": "text",
                                "text": "I don’t think so? It seems like we just need to figure out the delay for each packet and then print out that information. Adnan clarifies some of what we’ve supposed to do in this thread: "
                            },
                            {
                                "type": "link",
                                "url": "https:\/\/ui-cs3640-spring21.slack.com\/archives\/C01KHCB46P3\/p1619730391100800",
                                "text": "https:\/\/ui-cs3640-spring21.slack.com\/archives\/C01KHCB46P3\/p1619730391100800"
                            }
                        ]
                    }
                ]
            }
        ],
        "thread_ts": "1619813810.118600",
        "parent_user_id": "U01KZ14T9AQ",
        "reactions": [
            {
                "name": "+1",
                "users": [
                    "U01JY0C0BQE"
                ],
                "count": 1
            }
        ]
    },
    {
        "client_msg_id": "6c2dd407-d439-40ce-9d28-ac67943ca021",
        "type": "message",
        "text": "Does this still work as expected on a public network (like at the library)? When I run the function, I just get:\n```Pinging 216.58.192.228 using Python:```\nforever and it constantly updates `startedSelect` endlessly",
        "user": "U01KG6YG79C",
        "ts": "1619826223.121500",
        "team": "T01KAU17684",
        "user_team": "T01KAU17684",
        "source_team": "T01KAU17684",
        "user_profile": {
            "avatar_hash": "gef4a9f06f5c",
            "image_72": "https:\/\/secure.gravatar.com\/avatar\/ef4a9f06f5c676bbc4128bea2f60cf91.jpg?s=72&d=https%3A%2F%2Fa.slack-edge.com%2Fdf10d%2Fimg%2Favatars%2Fava_0005-72.png",
            "first_name": "",
            "real_name": "Noah Burroughs",
            "display_name": "Noah Burroughs",
            "team": "T01KAU17684",
            "name": "nburroughs",
            "is_restricted": false,
            "is_ultra_restricted": false
        },
        "edited": {
            "user": "U01KG6YG79C",
            "ts": "1619826646.000000"
        },
        "blocks": [
            {
                "type": "rich_text",
                "block_id": "3W8M",
                "elements": [
                    {
                        "type": "rich_text_section",
                        "elements": [
                            {
                                "type": "text",
                                "text": "Does this still work as expected on a public network (like at the library)? When I run the function, I just get:\n"
                            }
                        ]
                    },
                    {
                        "type": "rich_text_preformatted",
                        "elements": [
                            {
                                "type": "text",
                                "text": "Pinging 216.58.192.228 using Python:"
                            }
                        ]
                    },
                    {
                        "type": "rich_text_section",
                        "elements": [
                            {
                                "type": "text",
                                "text": "forever and it constantly updates "
                            },
                            {
                                "type": "text",
                                "text": "startedSelect",
                                "style": {
                                    "code": true
                                }
                            },
                            {
                                "type": "text",
                                "text": " endlessly"
                            }
                        ]
                    }
                ]
            }
        ],
        "thread_ts": "1619826223.121500",
        "reply_count": 3,
        "reply_users_count": 2,
        "latest_reply": "1619828559.123800",
        "reply_users": [
            "U01KNVDC9A6",
            "U01KG6YG79C"
        ],
        "replies": [
            {
                "user": "U01KNVDC9A6",
                "ts": "1619827728.122400"
            },
            {
                "user": "U01KG6YG79C",
                "ts": "1619828216.122600"
            },
            {
                "user": "U01KNVDC9A6",
                "ts": "1619828559.123800"
            }
        ],
        "is_locked": false,
        "subscribed": false
    },
    {
        "client_msg_id": "86A31E9C-4F95-4075-B784-8E7EE989F9B0",
        "type": "message",
        "text": "Does this happen when you use the native ping command as well, or just with your code?",
        "user": "U01KNVDC9A6",
        "ts": "1619827728.122400",
        "team": "T01KAU17684",
        "user_team": "T01KAU17684",
        "source_team": "T01KAU17684",
        "user_profile": {
            "avatar_hash": "56c10b4857c1",
            "image_72": "https:\/\/avatars.slack-edge.com\/2021-01-23\/1675168091332_56c10b4857c1336660f7_72.png",
            "first_name": "Laura",
            "real_name": "Laura Flores",
            "display_name": "Laura Flores",
            "team": "T01KAU17684",
            "name": "laura-flores",
            "is_restricted": false,
            "is_ultra_restricted": false
        },
        "blocks": [
            {
                "type": "rich_text",
                "block_id": "RrL",
                "elements": [
                    {
                        "type": "rich_text_section",
                        "elements": [
                            {
                                "type": "text",
                                "text": "Does this happen when you use the native ping command as well, or just with your code?"
                            }
                        ]
                    }
                ]
            }
        ],
        "thread_ts": "1619826223.121500",
        "parent_user_id": "U01KG6YG79C"
    },
    {
        "client_msg_id": "d523187e-8ef7-4fa8-8e15-cfec358fd6c5",
        "type": "message",
        "text": "Oh - good point. No it's just on my program :confused: it works fine using my terminal\nThanks for the response!",
        "user": "U01KG6YG79C",
        "ts": "1619828216.122600",
        "team": "T01KAU17684",
        "user_team": "T01KAU17684",
        "source_team": "T01KAU17684",
        "user_profile": {
            "avatar_hash": "gef4a9f06f5c",
            "image_72": "https:\/\/secure.gravatar.com\/avatar\/ef4a9f06f5c676bbc4128bea2f60cf91.jpg?s=72&d=https%3A%2F%2Fa.slack-edge.com%2Fdf10d%2Fimg%2Favatars%2Fava_0005-72.png",
            "first_name": "",
            "real_name": "Noah Burroughs",
            "display_name": "Noah Burroughs",
            "team": "T01KAU17684",
            "name": "nburroughs",
            "is_restricted": false,
            "is_ultra_restricted": false
        },
        "edited": {
            "user": "U01KG6YG79C",
            "ts": "1619828230.000000"
        },
        "blocks": [
            {
                "type": "rich_text",
                "block_id": "UWeY7",
                "elements": [
                    {
                        "type": "rich_text_section",
                        "elements": [
                            {
                                "type": "text",
                                "text": "Oh - good point. No it's just on my program "
                            },
                            {
                                "type": "emoji",
                                "name": "confused"
                            },
                            {
                                "type": "text",
                                "text": " it works fine using my terminal\nThanks for the response!"
                            }
                        ]
                    }
                ]
            }
        ],
        "thread_ts": "1619826223.121500",
        "parent_user_id": "U01KG6YG79C",
        "reactions": [
            {
                "name": "+1",
                "users": [
                    "U01KNVDC9A6"
                ],
                "count": 1
            }
        ]
    },
    {
        "client_msg_id": "4ABEC2C4-C138-45F5-960D-9FFC6D5DC94B",
        "type": "message",
        "text": "Yeah, I hope you fix your problem!",
        "user": "U01KNVDC9A6",
        "ts": "1619828559.123800",
        "team": "T01KAU17684",
        "user_team": "T01KAU17684",
        "source_team": "T01KAU17684",
        "user_profile": {
            "avatar_hash": "56c10b4857c1",
            "image_72": "https:\/\/avatars.slack-edge.com\/2021-01-23\/1675168091332_56c10b4857c1336660f7_72.png",
            "first_name": "Laura",
            "real_name": "Laura Flores",
            "display_name": "Laura Flores",
            "team": "T01KAU17684",
            "name": "laura-flores",
            "is_restricted": false,
            "is_ultra_restricted": false
        },
        "blocks": [
            {
                "type": "rich_text",
                "block_id": "kgtSl",
                "elements": [
                    {
                        "type": "rich_text_section",
                        "elements": [
                            {
                                "type": "text",
                                "text": "Yeah, I hope you fix your problem!"
                            }
                        ]
                    }
                ]
            }
        ],
        "thread_ts": "1619826223.121500",
        "parent_user_id": "U01KG6YG79C",
        "reactions": [
            {
                "name": "slightly_smiling_face",
                "users": [
                    "U01KG6YG79C"
                ],
                "count": 1
            }
        ]
    },
    {
        "client_msg_id": "71AA133D-C6D9-4A90-8071-C8B55801485F",
        "type": "message",
        "text": "I just submitted the code and screenshots of my output which is badicallly which constantly displays the updated delay ",
        "user": "U01L1VA9MP0",
        "ts": "1619842618.125100",
        "team": "T01KAU17684",
        "user_team": "T01KAU17684",
        "source_team": "T01KAU17684",
        "user_profile": {
            "avatar_hash": "gc723735a037",
            "image_72": "https:\/\/secure.gravatar.com\/avatar\/c723735a037f8e47f6581b8383be908d.jpg?s=72&d=https%3A%2F%2Fa.slack-edge.com%2Fdf10d%2Fimg%2Favatars%2Fava_0002-72.png",
            "first_name": "",
            "real_name": "Krishna vamsi pratti",
            "display_name": "Krishna vamsi pratti",
            "team": "T01KAU17684",
            "name": "krishnavamsi-pratti",
            "is_restricted": false,
            "is_ultra_restricted": false
        },
        "blocks": [
            {
                "type": "rich_text",
                "block_id": "Wqt7",
                "elements": [
                    {
                        "type": "rich_text_section",
                        "elements": [
                            {
                                "type": "text",
                                "text": "I just submitted the code and screenshots of my output which is badicallly which constantly displays the updated delay "
                            }
                        ]
                    }
                ]
            }
        ]
    }
]