[
    {
        "type": "message",
        "subtype": "channel_join",
        "ts": "1611592662.000600",
        "user": "U01L31KK6KT",
        "text": "<@U01L31KK6KT> has joined the channel"
    },
    {
        "type": "message",
        "subtype": "channel_join",
        "ts": "1611611787.000800",
        "user": "U01KM5NRGJ2",
        "text": "<@U01KM5NRGJ2> has joined the channel"
    },
    {
        "type": "message",
        "subtype": "channel_join",
        "ts": "1611614253.001000",
        "user": "U01KZ14T9AQ",
        "text": "<@U01KZ14T9AQ> has joined the channel"
    }
]