[
{
    "id": "C01K1LMP9A9",
    "name": "random",
    "created": 1611065610,
    "creator": "U01JY0C0BQE",
    "is_archived": false,
    "is_general": false,
    "members": [
        "U01KGUALZ7G",
        "U01KNVDC9A6",
        "U01KV6MS6N8",
        "U01KYJH7TK4",
        "U01LCFJF0P8",
        "U01LD8LHJSU"
    ],
    "topic": {
        "value": "",
        "creator": "",
        "last_set": 0
    },
    "purpose": {
        "value": "This channel is for... well, everything else. It’s a place for team jokes, spur-of-the-moment ideas, and funny GIFs. Go wild!",
        "creator": "U01JY0C0BQE",
        "last_set": 1611065610
    }
},
{
    "id": "C01K4Q57N02",
    "name": "cs-3640-introduction-to-networks",
    "created": 1611066043,
    "creator": "U01JY0C0BQE",
    "is_archived": false,
    "is_general": false,
    "members": [
        "U01K958UD2B",
        "U01KG64R9BQ",
        "U01KGUALZ7G",
        "U01KHSUQCCF",
        "U01KM5NRGJ2",
        "U01KNVDC9A6",
        "U01KRQAUNF8",
        "U01KU1CN42W",
        "U01KV6MS6N8",
        "U01KYJH7TK4",
        "U01KYQQFBB5",
        "U01KYT8V3S6",
        "U01KZ14T9AQ",
        "U01L31KK6KT",
        "U01L3HCTE3E",
        "U01L8GDPVRQ",
        "U01LB5VPDQ9",
        "U01LCFJF0P8",
        "U01LD8LHJSU"
    ],
    "topic": {
        "value": "",
        "creator": "",
        "last_set": 0
    },
    "purpose": {
        "value": "This *channel* is for working on a project. Hold meetings, share docs, and make decisions together with your team.",
        "creator": "U01JY0C0BQE",
        "last_set": 1611066043
    }
},
{
    "id": "C01KHCB46P3",
    "name": "general",
    "created": 1611065610,
    "creator": "U01JY0C0BQE",
    "is_archived": false,
    "is_general": true,
    "members": [
        "U01JY0C0BQE",
        "U01K8MDR4R5",
        "U01K958UD2B",
        "U01K95NM79D",
        "U01KG64R9BQ",
        "U01KG6YG79C",
        "U01KGHG0WFQ",
        "U01KGUALZ7G",
        "U01KH3A6S79",
        "U01KHNCHS9M",
        "U01KHSUQCCF",
        "U01KKMTP12S",
        "U01KLJYLY8M",
        "U01KM5NRGJ2",
        "U01KNVDC9A6",
        "U01KP2VP874",
        "U01KQ2HEDFX",
        "U01KRQAUNF8",
        "U01KS33JYTY",
        "U01KU06R1AT",
        "U01KU1CN42W",
        "U01KU7ABKM0",
        "U01KUK3RP3M",
        "U01KV6EJQ05",
        "U01KV6MS6N8",
        "U01KVSHRX0C",
        "U01KWCX67TQ",
        "U01KYHZ04AE",
        "U01KYJH7TK4",
        "U01KYK068US",
        "U01KYM6L14L",
        "U01KYQQFBB5",
        "U01KYT8V3S6",
        "U01KZ14T9AQ",
        "U01KZ1JQ6FN",
        "U01KZ2D4QJX",
        "U01L1VA9MP0",
        "U01L2L58GKW",
        "U01L30JJCDC",
        "U01L31KK6KT",
        "U01L3FP41DF",
        "U01L3HCTE3E",
        "U01L510HY5S",
        "U01L515VCSY",
        "U01L5L9F09K",
        "U01L840RW0J",
        "U01L8GDPVRQ",
        "U01LB5VPDQ9",
        "U01LC2YQ2V6",
        "U01LCFJF0P8",
        "U01LD8LHJSU",
        "U01LDTLAJ8G",
        "U01LETJ76SY",
        "U01LF9HRCRY",
        "U01LNLXR23A",
        "U01LSB4RSEP",
        "U01LYK2GV32",
        "U01RL1VCZPY",
        "U01RRCUFQ06",
        "U01RUMDHBPG",
        "U020MLJLZD2"
    ],
    "pins": [
        {
            "id": "1615769611.036500",
            "type": "C",
            "created": 1615836125,
            "user": "U01LC2YQ2V6",
            "owner": "U01LC2YQ2V6"
        }
    ],
    "topic": {
        "value": "",
        "creator": "",
        "last_set": 0
    },
    "purpose": {
        "value": "This is the one channel that will always include everyone. It’s a great spot for announcements and team-wide conversations.",
        "creator": "U01JY0C0BQE",
        "last_set": 1611065610
    }
}
]